[2026-03-31 17:29:02] laravel.EMERGENCY: Unable to create configured logger. Using emergency logger. {"exception":"[object] (InvalidArgumentException(code: 0): Driver [null] is not supported. at C:/Users/EMANUELCLEMENTEMARTI/Downloads/sistema hotel/vendor/laravel/framework/src/Illuminate/Log/LogManager.php:235)
[stacktrace]
#0 C:/Users/EMANUELCLEMENTEMARTI/Downloads/sistema hotel/vendor/laravel/framework/src/Illuminate/Log/LogManager.php(138): Illuminate/Log/LogManager->resolve('deprecations', Array)
#1 C:/Users/EMANUELCLEMENTEMARTI/Downloads/sistema hotel/vendor/laravel/framework/src/Illuminate/Log/LogManager.php(125): Illuminate/Log/LogManager->get('deprecations')
#2 C:/Users/EMANUELCLEMENTEMARTI/Downloads/sistema hotel/vendor/laravel/framework/src/Illuminate/Log/LogManager.php(114): Illuminate/Log/LogManager->driver('deprecations')
#3 C:/Users/EMANUELCLEMENTEMARTI/Downloads/sistema hotel/vendor/laravel/framework/src/Illuminate/Foundation/Bootstrap/HandleExceptions.php(105): Illuminate/Log/LogManager->channel('deprecations')
#4 C:/Users/EMANUELCLEMENTEMARTI/Downloads/sistema hotel/vendor/laravel/framework/src/Illuminate/Foundation/Bootstrap/HandleExceptions.php(74): Illuminate/Foundation/Bootstrap/HandleExceptions->handleDeprecationError('League//Flysyste...', 'C://Users//EMANUE...', 108, 8192)
#5 C:/Users/EMANUELCLEMENTEMARTI/Downloads/sistema hotel/vendor/laravel/framework/src/Illuminate/Foundation/Bootstrap/HandleExceptions.php(258): Illuminate/Foundation/Bootstrap/HandleExceptions->handleError(8192, 'League//Flysyste...', 'C://Users//EMANUE...', 108)
#6 C:/Users/EMANUELCLEMENTEMARTI/Downloads/sistema hotel/vendor/composer/ClassLoader.php(576): Illuminate/Foundation/Bootstrap/HandleExceptions->{closure:Illuminate/Foundation/Bootstrap/HandleExceptions::forwardsTo():257}(8192, 'League//Flysyste...', 'C://Users//EMANUE...', 108)
#7 C:/Users/EMANUELCLEMENTEMARTI/Downloads/sistema hotel/vendor/composer/ClassLoader.php(576): include('C://Users//EMANUE...')
#8 C:/Users/EMANUELCLEMENTEMARTI/Downloads/sistema hotel/vendor/composer/ClassLoader.php(427): {closure:Composer/Autoload/ClassLoader::initializeIncludeClosure():575}('C://Users//EMANUE...')
#9 C:/Users/EMANUELCLEMENTEMARTI/Downloads/sistema hotel/vendor/laravel/framework/src/Illuminate/Filesystem/FilesystemManager.php(257): Composer/Autoload/ClassLoader->loadClass('League//Flysyste...')
#10 C:/Users/EMANUELCLEMENTEMARTI/Downloads/sistema hotel/vendor/laravel/framework/src/Illuminate/Filesystem/FilesystemManager.php(153): Illuminate/Filesystem/FilesystemManager->createS3Driver(Array, 'supabase')
#11 C:/Users/EMANUELCLEMENTEMARTI/Downloads/sistema hotel/vendor/laravel/framework/src/Illuminate/Filesystem/FilesystemManager.php(121): Illuminate/Filesystem/FilesystemManager->resolve('supabase')
#12 C:/Users/EMANUELCLEMENTEMARTI/Downloads/sistema hotel/vendor/laravel/framework/src/Illuminate/Filesystem/FilesystemManager.php(84): Illuminate/Filesystem/FilesystemManager->get('supabase')
#13 C:/Users/EMANUELCLEMENTEMARTI/Downloads/sistema hotel/vendor/laravel/framework/src/Illuminate/Support/Facades/Facade.php(363): Illuminate/Filesystem/FilesystemManager->disk('supabase')
#14 C:/Users/EMANUELCLEMENTEMARTI/Downloads/sistema hotel/vendor/livewire/livewire/src/Features/SupportFileUploads/FileUploadConfiguration.php(27): Illuminate/Support/Facades/Facade::__callStatic('disk', Array)
#15 C:/Users/EMANUELCLEMENTEMARTI/Downloads/sistema hotel/vendor/livewire/livewire/src/Features/SupportFileUploads/GenerateSignedUploadUrl.php(20): Livewire/Features/SupportFileUploads/FileUploadConfiguration::storage()
#16 C:/Users/EMANUELCLEMENTEMARTI/Downloads/sistema hotel/vendor/laravel/framework/src/Illuminate/Support/Facades/Facade.php(363): Livewire/Features/SupportFileUploads/GenerateSignedUploadUrl->forS3(Object(Illuminate/Http/Testing/File))
#17 C:/Users/EMANUELCLEMENTEMARTI/Downloads/sistema hotel/vendor/livewire/livewire/src/Features/SupportFileUploads/WithFileUploads.php(20): Illuminate/Support/Facades/Facade::__callStatic('forS3', Array)
#18 C:/Users/EMANUELCLEMENTEMARTI/Downloads/sistema hotel/vendor/laravel/framework/src/Illuminate/Container/BoundMethod.php(36): App/Livewire/ImageManager->_startUpload('imagen', Array, false)
#19 C:/Users/EMANUELCLEMENTEMARTI/Downloads/sistema hotel/vendor/laravel/framework/src/Illuminate/Container/Util.php(43): Illuminate/Container/BoundMethod::{closure:Illuminate/Container/BoundMethod::call():35}()
#20 C:/Users/EMANUELCLEMENTEMARTI/Downloads/sistema hotel/vendor/laravel/framework/src/Illuminate/Container/BoundMethod.php(96): Illuminate/Container/Util::unwrapIfClosure(Object(Closure))
#21 C:/Users/EMANUELCLEMENTEMARTI/Downloads/sistema hotel/vendor/laravel/framework/src/Illuminate/Container/BoundMethod.php(35): Illuminate/Container/BoundMethod::callBoundMethod(Object(Illuminate/Foundation/Application), Array, Object(Closure))
#22 C:/Users/EMANUELCLEMENTEMARTI/Downloads/sistema hotel/vendor/livewire/livewire/src/Wrapped.php(23): Illuminate/Container/BoundMethod::call(Object(Illuminate/Foundation/Application), Array, Array)
#23 C:/Users/EMANUELCLEMENTEMARTI/Downloads/sistema hotel/vendor/livewire/livewire/src/Mechanisms/HandleComponents/HandleComponents.php(492): Livewire/Wrapped->__call('_startUpload', Array)
#24 C:/Users/EMANUELCLEMENTEMARTI/Downloads/sistema hotel/vendor/livewire/livewire/src/Mechanisms/HandleComponents/HandleComponents.php(101): Livewire/Mechanisms/HandleComponents/HandleComponents->callMethods(Object(App/Livewire/ImageManager), Array, Object(Livewire/Mechanisms/HandleComponents/ComponentContext))
#25 C:/Users/EMANUELCLEMENTEMARTI/Downloads/sistema hotel/vendor/livewire/livewire/src/LivewireManager.php(102): Livewire/Mechanisms/HandleComponents/HandleComponents->update(Array, Array, Array)
#26 C:/Users/EMANUELCLEMENTEMARTI/Downloads/sistema hotel/vendor/livewire/livewire/src/Mechanisms/HandleRequests/HandleRequests.php(131): Livewire/LivewireManager->update(Array, Array, Array)
#27 C:/Users/EMANUELCLEMENTEMARTI/Downloads/sistema hotel/vendor/laravel/framework/src/Illuminate/Routing/ControllerDispatcher.php(46): Livewire/Mechanisms/HandleRequests/HandleRequests->handleUpdate()
#28 C:/Users/EMANUELCLEMENTEMARTI/Downloads/sistema hotel/vendor/laravel/framework/src/Illuminate/Routing/Route.php(265): Illuminate/Routing/ControllerDispatcher->dispatch(Object(Illuminate/Routing/Route), Object(Livewire/Mechanisms/HandleRequests/HandleRequests), 'handleUpdate')
#29 C:/Users/EMANUELCLEMENTEMARTI/Downloads/sistema hotel/vendor/laravel/framework/src/Illuminate/Routing/Route.php(211): Illuminate/Routing/Route->runController()
#30 C:/Users/EMANUELCLEMENTEMARTI/Downloads/sistema hotel/vendor/laravel/framework/src/Illuminate/Routing/Router.php(822): Illuminate/Routing/Route->run()
#31 C:/Users/EMANUELCLEMENTEMARTI/Downloads/sistema hotel/vendor/laravel/framework/src/Illuminate/Pipeline/Pipeline.php(180): Illuminate/Routing/Router->{closure:Illuminate/Routing/Router::runRouteWithinStack():821}(Object(Illuminate/Http/Request))
#32 C:/Users/EMANUELCLEMENTEMARTI/Downloads/sistema hotel/vendor/laravel/framework/src/Illuminate/Routing/Middleware/SubstituteBindings.php(50): Illuminate/Pipeline/Pipeline->{closure:Illuminate/Pipeline/Pipeline::prepareDestination():178}(Object(Illuminate/Http/Request))
#33 C:/Users/EMANUELCLEMENTEMARTI/Downloads/sistema hotel/vendor/laravel/framework/src/Illuminate/Pipeline/Pipeline.php(219): Illuminate/Routing/Middleware/SubstituteBindings->handle(Object(Illuminate/Http/Request), Object(Closure))
#34 C:/Users/EMANUELCLEMENTEMARTI/Downloads/sistema hotel/vendor/laravel/framework/src/Illuminate/Foundation/Http/Middleware/VerifyCsrfToken.php(87): Illuminate/Pipeline/Pipeline->{closure:{closure:Illuminate/Pipeline/Pipeline::carry():194}:195}(Object(Illuminate/Http/Request))
#35 C:/Users/EMANUELCLEMENTEMARTI/Downloads/sistema hotel/vendor/laravel/framework/src/Illuminate/Pipeline/Pipeline.php(219): Illuminate/Foundation/Http/Middleware/VerifyCsrfToken->handle(Object(Illuminate/Http/Request), Object(Closure))
#36 C:/Users/EMANUELCLEMENTEMARTI/Downloads/sistema hotel/vendor/laravel/framework/src/Illuminate/View/Middleware/ShareErrorsFromSession.php(48): Illuminate/Pipeline/Pipeline->{closure:{closure:Illuminate/Pipeline/Pipeline::carry():194}:195}(Object(Illuminate/Http/Request))
#37 C:/Users/EMANUELCLEMENTEMARTI/Downloads/sistema hotel/vendor/laravel/framework/src/Illuminate/Pipeline/Pipeline.php(219): Illuminate/View/Middleware/ShareErrorsFromSession->handle(Object(Illuminate/Http/Request), Object(Closure))
#38 C:/Users/EMANUELCLEMENTEMARTI/Downloads/sistema hotel/vendor/laravel/framework/src/Illuminate/Session/Middleware/StartSession.php(120): Illuminate/Pipeline/Pipeline->{closure:{closure:Illuminate/Pipeline/Pipeline::carry():194}:195}(Object(Illuminate/Http/Request))
#39 C:/Users/EMANUELCLEMENTEMARTI/Downloads/sistema hotel/vendor/laravel/framework/src/Illuminate/Session/Middleware/StartSession.php(63): Illuminate/Session/Middleware/StartSession->handleStatefulRequest(Object(Illuminate/Http/Request), Object(Illuminate/Session/Store), Object(Closure))
#40 C:/Users/EMANUELCLEMENTEMARTI/Downloads/sistema hotel/vendor/laravel/framework/src/Illuminate/Pipeline/Pipeline.php(219): Illuminate/Session/Middleware/StartSession->handle(Object(Illuminate/Http/Request), Object(Closure))
#41 C:/Users/EMANUELCLEMENTEMARTI/Downloads/sistema hotel/vendor/laravel/framework/src/Illuminate/Cookie/Middleware/AddQueuedCookiesToResponse.php(36): Illuminate/Pipeline/Pipeline->{closure:{closure:Illuminate/Pipeline/Pipeline::carry():194}:195}(Object(Illuminate/Http/Request))
#42 C:/Users/EMANUELCLEMENTEMARTI/Downloads/sistema hotel/vendor/laravel/framework/src/Illuminate/Pipeline/Pipeline.php(219): Illuminate/Cookie/Middleware/AddQueuedCookiesToResponse->handle(Object(Illuminate/Http/Request), Object(Closure))
#43 C:/Users/EMANUELCLEMENTEMARTI/Downloads/sistema hotel/vendor/laravel/framework/src/Illuminate/Cookie/Middleware/EncryptCookies.php(74): Illuminate/Pipeline/Pipeline->{closure:{closure:Illuminate/Pipeline/Pipeline::carry():194}:195}(Object(Illuminate/Http/Request))
#44 C:/Users/EMANUELCLEMENTEMARTI/Downloads/sistema hotel/vendor/laravel/framework/src/Illuminate/Pipeline/Pipeline.php(219): Illuminate/Cookie/Middleware/EncryptCookies->handle(Object(Illuminate/Http/Request), Object(Closure))
#45 C:/Users/EMANUELCLEMENTEMARTI/Downloads/sistema hotel/vendor/laravel/framework/src/Illuminate/Pipeline/Pipeline.php(137): Illuminate/Pipeline/Pipeline->{closure:{closure:Illuminate/Pipeline/Pipeline::carry():194}:195}(Object(Illuminate/Http/Request))
#46 C:/Users/EMANUELCLEMENTEMARTI/Downloads/sistema hotel/vendor/laravel/framework/src/Illuminate/Routing/Router.php(821): Illuminate/Pipeline/Pipeline->then(Object(Closure))
#47 C:/Users/EMANUELCLEMENTEMARTI/Downloads/sistema hotel/vendor/laravel/framework/src/Illuminate/Routing/Router.php(800): Illuminate/Routing/Router->runRouteWithinStack(Object(Illuminate/Routing/Route), Object(Illuminate/Http/Request))
#48 C:/Users/EMANUELCLEMENTEMARTI/Downloads/sistema hotel/vendor/laravel/framework/src/Illuminate/Routing/Router.php(764): Illuminate/Routing/Router->runRoute(Object(Illuminate/Http/Request), Object(Illuminate/Routing/Route))
#49 C:/Users/EMANUELCLEMENTEMARTI/Downloads/sistema hotel/vendor/laravel/framework/src/Illuminate/Routing/Router.php(753): Illuminate/Routing/Router->dispatchToRoute(Object(Illuminate/Http/Request))
#50 C:/Users/EMANUELCLEMENTEMARTI/Downloads/sistema hotel/vendor/laravel/framework/src/Illuminate/Foundation/Http/Kernel.php(200): Illuminate/Routing/Router->dispatch(Object(Illuminate/Http/Request))
#51 C:/Users/EMANUELCLEMENTEMARTI/Downloads/sistema hotel/vendor/laravel/framework/src/Illuminate/Pipeline/Pipeline.php(180): Illuminate/Foundation/Http/Kernel->{closure:Illuminate/Foundation/Http/Kernel::dispatchToRouter():197}(Object(Illuminate/Http/Request))
#52 C:/Users/EMANUELCLEMENTEMARTI/Downloads/sistema hotel/vendor/livewire/livewire/src/Features/SupportDisablingBackButtonCache/DisableBackButtonCacheMiddleware.php(19): Illuminate/Pipeline/Pipeline->{closure:Illuminate/Pipeline/Pipeline::prepareDestination():178}(Object(Illuminate/Http/Request))
#53 C:/Users/EMANUELCLEMENTEMARTI/Downloads/sistema hotel/vendor/laravel/framework/src/Illuminate/Pipeline/Pipeline.php(219): Livewire/Features/SupportDisablingBackButtonCache/DisableBackButtonCacheMiddleware->handle(Object(Illuminate/Http/Request), Object(Closure))
#54 C:/Users/EMANUELCLEMENTEMARTI/Downloads/sistema hotel/vendor/laravel/framework/src/Illuminate/Foundation/Http/Middleware/ConvertEmptyStringsToNull.php(27): Illuminate/Pipeline/Pipeline->{closure:{closure:Illuminate/Pipeline/Pipeline::carry():194}:195}(Object(Illuminate/Http/Request))
#55 C:/Users/EMANUELCLEMENTEMARTI/Downloads/sistema hotel/vendor/laravel/framework/src/Illuminate/Pipeline/Pipeline.php(219): Illuminate/Foundation/Http/Middleware/ConvertEmptyStringsToNull->handle(Object(Illuminate/Http/Request), Object(Closure))
#56 C:/Users/EMANUELCLEMENTEMARTI/Downloads/sistema hotel/vendor/laravel/framework/src/Illuminate/Foundation/Http/Middleware/TrimStrings.php(47): Illuminate/Pipeline/Pipeline->{closure:{closure:Illuminate/Pipeline/Pipeline::carry():194}:195}(Object(Illuminate/Http/Request))
#57 C:/Users/EMANUELCLEMENTEMARTI/Downloads/sistema hotel/vendor/laravel/framework/src/Illuminate/Pipeline/Pipeline.php(219): Illuminate/Foundation/Http/Middleware/TrimStrings->handle(Object(Illuminate/Http/Request), Object(Closure))
#58 C:/Users/EMANUELCLEMENTEMARTI/Downloads/sistema hotel/vendor/laravel/framework/src/Illuminate/Http/Middleware/ValidatePostSize.php(27): Illuminate/Pipeline/Pipeline->{closure:{closure:Illuminate/Pipeline/Pipeline::carry():194}:195}(Object(Illuminate/Http/Request))
#59 C:/Users/EMANUELCLEMENTEMARTI/Downloads/sistema hotel/vendor/laravel/framework/src/Illuminate/Pipeline/Pipeline.php(219): Illuminate/Http/Middleware/ValidatePostSize->handle(Object(Illuminate/Http/Request), Object(Closure))
#60 C:/Users/EMANUELCLEMENTEMARTI/Downloads/sistema hotel/vendor/laravel/framework/src/Illuminate/Foundation/Http/Middleware/PreventRequestsDuringMaintenance.php(109): Illuminate/Pipeline/Pipeline->{closure:{closure:Illuminate/Pipeline/Pipeline::carry():194}:195}(Object(Illuminate/Http/Request))
#61 C:/Users/EMANUELCLEMENTEMARTI/Downloads/sistema hotel/vendor/laravel/framework/src/Illuminate/Pipeline/Pipeline.php(219): Illuminate/Foundation/Http/Middleware/PreventRequestsDuringMaintenance->handle(Object(Illuminate/Http/Request), Object(Closure))
#62 C:/Users/EMANUELCLEMENTEMARTI/Downloads/sistema hotel/vendor/laravel/framework/src/Illuminate/Http/Middleware/HandleCors.php(61): Illuminate/Pipeline/Pipeline->{closure:{closure:Illuminate/Pipeline/Pipeline::carry():194}:195}(Object(Illuminate/Http/Request))
#63 C:/Users/EMANUELCLEMENTEMARTI/Downloads/sistema hotel/vendor/laravel/framework/src/Illuminate/Pipeline/Pipeline.php(219): Illuminate/Http/Middleware/HandleCors->handle(Object(Illuminate/Http/Request), Object(Closure))
#64 C:/Users/EMANUELCLEMENTEMARTI/Downloads/sistema hotel/vendor/laravel/framework/src/Illuminate/Http/Middleware/TrustProxies.php(58): Illuminate/Pipeline/Pipeline->{closure:{closure:Illuminate/Pipeline/Pipeline::carry():194}:195}(Object(Illuminate/Http/Request))
#65 C:/Users/EMANUELCLEMENTEMARTI/Downloads/sistema hotel/vendor/laravel/framework/src/Illuminate/Pipeline/Pipeline.php(219): Illuminate/Http/Middleware/TrustProxies->handle(Object(Illuminate/Http/Request), Object(Closure))
#66 C:/Users/EMANUELCLEMENTEMARTI/Downloads/sistema hotel/vendor/laravel/framework/src/Illuminate/Foundation/Http/Middleware/InvokeDeferredCallbacks.php(22): Illuminate/Pipeline/Pipeline->{closure:{closure:Illuminate/Pipeline/Pipeline::carry():194}:195}(Object(Illuminate/Http/Request))
#67 C:/Users/EMANUELCLEMENTEMARTI/Downloads/sistema hotel/vendor/laravel/framework/src/Illuminate/Pipeline/Pipeline.php(219): Illuminate/Foundation/Http/Middleware/InvokeDeferredCallbacks->handle(Object(Illuminate/Http/Request), Object(Closure))
#68 C:/Users/EMANUELCLEMENTEMARTI/Downloads/sistema hotel/vendor/laravel/framework/src/Illuminate/Http/Middleware/ValidatePathEncoding.php(26): Illuminate/Pipeline/Pipeline->{closure:{closure:Illuminate/Pipeline/Pipeline::carry():194}:195}(Object(Illuminate/Http/Request))
#69 C:/Users/EMANUELCLEMENTEMARTI/Downloads/sistema hotel/vendor/laravel/framework/src/Illuminate/Pipeline/Pipeline.php(219): Illuminate/Http/Middleware/ValidatePathEncoding->handle(Object(Illuminate/Http/Request), Object(Closure))
#70 C:/Users/EMANUELCLEMENTEMARTI/Downloads/sistema hotel/vendor/laravel/framework/src/Illuminate/Pipeline/Pipeline.php(137): Illuminate/Pipeline/Pipeline->{closure:{closure:Illuminate/Pipeline/Pipeline::carry():194}:195}(Object(Illuminate/Http/Request))
#71 C:/Users/EMANUELCLEMENTEMARTI/Downloads/sistema hotel/vendor/laravel/framework/src/Illuminate/Foundation/Http/Kernel.php(175): Illuminate/Pipeline/Pipeline->then(Object(Closure))
#72 C:/Users/EMANUELCLEMENTEMARTI/Downloads/sistema hotel/vendor/laravel/framework/src/Illuminate/Foundation/Http/Kernel.php(144): Illuminate/Foundation/Http/Kernel->sendRequestThroughRouter(Object(Illuminate/Http/Request))
#73 C:/Users/EMANUELCLEMENTEMARTI/Downloads/sistema hotel/vendor/laravel/framework/src/Illuminate/Foundation/Application.php(1220): Illuminate/Foundation/Http/Kernel->handle(Object(Illuminate/Http/Request))
#74 C:/Users/EMANUELCLEMENTEMARTI/Downloads/sistema hotel/public/index.php(17): Illuminate/Foundation/Application->handleRequest(Object(Illuminate/Http/Request))
#75 C:/Users/EMANUELCLEMENTEMARTI/Downloads/sistema hotel/vendor/laravel/framework/src/Illuminate/Foundation/resources/server.php(23): require_once('C://Users//EMANUE...')
#76 {main}
"} 
[2026-03-31 17:29:02] laravel.WARNING: League\Flysystem\AwsS3V3\AwsS3V3Adapter::__construct(): Implicitly marking parameter $visibility as nullable is deprecated, the explicit nullable type must be used instead in C:\Users\EMANUELCLEMENTEMARTI\Downloads\sistema hotel\vendor\league\flysystem-aws-s3-v3\AwsS3V3Adapter.php on line 108  
[2026-03-31 17:29:02] laravel.EMERGENCY: Unable to create configured logger. Using emergency logger. {"exception":"[object] (InvalidArgumentException(code: 0): Driver [null] is not supported. at C:/Users/EMANUELCLEMENTEMARTI/Downloads/sistema hotel/vendor/laravel/framework/src/Illuminate/Log/LogManager.php:235)
[stacktrace]
#0 C:/Users/EMANUELCLEMENTEMARTI/Downloads/sistema hotel/vendor/laravel/framework/src/Illuminate/Log/LogManager.php(138): Illuminate/Log/LogManager->resolve('deprecations', Array)
#1 C:/Users/EMANUELCLEMENTEMARTI/Downloads/sistema hotel/vendor/laravel/framework/src/Illuminate/Log/LogManager.php(125): Illuminate/Log/LogManager->get('deprecations')
#2 C:/Users/EMANUELCLEMENTEMARTI/Downloads/sistema hotel/vendor/laravel/framework/src/Illuminate/Log/LogManager.php(114): Illuminate/Log/LogManager->driver('deprecations')
#3 C:/Users/EMANUELCLEMENTEMARTI/Downloads/sistema hotel/vendor/laravel/framework/src/Illuminate/Foundation/Bootstrap/HandleExceptions.php(105): Illuminate/Log/LogManager->channel('deprecations')
#4 C:/Users/EMANUELCLEMENTEMARTI/Downloads/sistema hotel/vendor/laravel/framework/src/Illuminate/Foundation/Bootstrap/HandleExceptions.php(74): Illuminate/Foundation/Bootstrap/HandleExceptions->handleDeprecationError('League//Flysyste...', 'C://Users//EMANUE...', 0, 8192)
#5 C:/Users/EMANUELCLEMENTEMARTI/Downloads/sistema hotel/vendor/laravel/framework/src/Illuminate/Foundation/Bootstrap/HandleExceptions.php(258): Illuminate/Foundation/Bootstrap/HandleExceptions->handleError(8192, 'League//Flysyste...', 'C://Users//EMANUE...', 0)
#6 C:/Users/EMANUELCLEMENTEMARTI/Downloads/sistema hotel/vendor/composer/ClassLoader.php(576): Illuminate/Foundation/Bootstrap/HandleExceptions->{closure:Illuminate/Foundation/Bootstrap/HandleExceptions::forwardsTo():257}(8192, 'League//Flysyste...', 'C://Users//EMANUE...', 0)
#7 C:/Users/EMANUELCLEMENTEMARTI/Downloads/sistema hotel/vendor/composer/ClassLoader.php(576): include('C://Users//EMANUE...')
#8 C:/Users/EMANUELCLEMENTEMARTI/Downloads/sistema hotel/vendor/composer/ClassLoader.php(427): {closure:Composer/Autoload/ClassLoader::initializeIncludeClosure():575}('C://Users//EMANUE...')
#9 C:/Users/EMANUELCLEMENTEMARTI/Downloads/sistema hotel/vendor/laravel/framework/src/Illuminate/Filesystem/FilesystemManager.php(257): Composer/Autoload/ClassLoader->loadClass('League//Flysyste...')
#10 C:/Users/EMANUELCLEMENTEMARTI/Downloads/sistema hotel/vendor/laravel/framework/src/Illuminate/Filesystem/FilesystemManager.php(153): Illuminate/Filesystem/FilesystemManager->createS3Driver(Array, 'supabase')
#11 C:/Users/EMANUELCLEMENTEMARTI/Downloads/sistema hotel/vendor/laravel/framework/src/Illuminate/Filesystem/FilesystemManager.php(121): Illuminate/Filesystem/FilesystemManager->resolve('supabase')
#12 C:/Users/EMANUELCLEMENTEMARTI/Downloads/sistema hotel/vendor/laravel/framework/src/Illuminate/Filesystem/FilesystemManager.php(84): Illuminate/Filesystem/FilesystemManager->get('supabase')
#13 C:/Users/EMANUELCLEMENTEMARTI/Downloads/sistema hotel/vendor/laravel/framework/src/Illuminate/Support/Facades/Facade.php(363): Illuminate/Filesystem/FilesystemManager->disk('supabase')
#14 C:/Users/EMANUELCLEMENTEMARTI/Downloads/sistema hotel/vendor/livewire/livewire/src/Features/SupportFileUploads/FileUploadConfiguration.php(27): Illuminate/Support/Facades/Facade::__callStatic('disk', Array)
#15 C:/Users/EMANUELCLEMENTEMARTI/Downloads/sistema hotel/vendor/livewire/livewire/src/Features/SupportFileUploads/GenerateSignedUploadUrl.php(20): Livewire/Features/SupportFileUploads/FileUploadConfiguration::storage()
#16 C:/Users/EMANUELCLEMENTEMARTI/Downloads/sistema hotel/vendor/laravel/framework/src/Illuminate/Support/Facades/Facade.php(363): Livewire/Features/SupportFileUploads/GenerateSignedUploadUrl->forS3(Object(Illuminate/Http/Testing/File))
#17 C:/Users/EMANUELCLEMENTEMARTI/Downloads/sistema hotel/vendor/livewire/livewire/src/Features/SupportFileUploads/WithFileUploads.php(20): Illuminate/Support/Facades/Facade::__callStatic('forS3', Array)
#18 C:/Users/EMANUELCLEMENTEMARTI/Downloads/sistema hotel/vendor/laravel/framework/src/Illuminate/Container/BoundMethod.php(36): App/Livewire/ImageManager->_startUpload('imagen', Array, false)
#19 C:/Users/EMANUELCLEMENTEMARTI/Downloads/sistema hotel/vendor/laravel/framework/src/Illuminate/Container/Util.php(43): Illuminate/Container/BoundMethod::{closure:Illuminate/Container/BoundMethod::call():35}()
#20 C:/Users/EMANUELCLEMENTEMARTI/Downloads/sistema hotel/vendor/laravel/framework/src/Illuminate/Container/BoundMethod.php(96): Illuminate/Container/Util::unwrapIfClosure(Object(Closure))
#21 C:/Users/EMANUELCLEMENTEMARTI/Downloads/sistema hotel/vendor/laravel/framework/src/Illuminate/Container/BoundMethod.php(35): Illuminate/Container/BoundMethod::callBoundMethod(Object(Illuminate/Foundation/Application), Array, Object(Closure))
#22 C:/Users/EMANUELCLEMENTEMARTI/Downloads/sistema hotel/vendor/livewire/livewire/src/Wrapped.php(23): Illuminate/Container/BoundMethod::call(Object(Illuminate/Foundation/Application), Array, Array)
#23 C:/Users/EMANUELCLEMENTEMARTI/Downloads/sistema hotel/vendor/livewire/livewire/src/Mechanisms/HandleComponents/HandleComponents.php(492): Livewire/Wrapped->__call('_startUpload', Array)
#24 C:/Users/EMANUELCLEMENTEMARTI/Downloads/sistema hotel/vendor/livewire/livewire/src/Mechanisms/HandleComponents/HandleComponents.php(101): Livewire/Mechanisms/HandleComponents/HandleComponents->callMethods(Object(App/Livewire/ImageManager), Array, Object(Livewire/Mechanisms/HandleComponents/ComponentContext))
#25 C:/Users/EMANUELCLEMENTEMARTI/Downloads/sistema hotel/vendor/livewire/livewire/src/LivewireManager.php(102): Livewire/Mechanisms/HandleComponents/HandleComponents->update(Array, Array, Array)
#26 C:/Users/EMANUELCLEMENTEMARTI/Downloads/sistema hotel/vendor/livewire/livewire/src/Mechanisms/HandleRequests/HandleRequests.php(131): Livewire/LivewireManager->update(Array, Array, Array)
#27 C:/Users/EMANUELCLEMENTEMARTI/Downloads/sistema hotel/vendor/laravel/framework/src/Illuminate/Routing/ControllerDispatcher.php(46): Livewire/Mechanisms/HandleRequests/HandleRequests->handleUpdate()
#28 C:/Users/EMANUELCLEMENTEMARTI/Downloads/sistema hotel/vendor/laravel/framework/src/Illuminate/Routing/Route.php(265): Illuminate/Routing/ControllerDispatcher->dispatch(Object(Illuminate/Routing/Route), Object(Livewire/Mechanisms/HandleRequests/HandleRequests), 'handleUpdate')
#29 C:/Users/EMANUELCLEMENTEMARTI/Downloads/sistema hotel/vendor/laravel/framework/src/Illuminate/Routing/Route.php(211): Illuminate/Routing/Route->runController()
#30 C:/Users/EMANUELCLEMENTEMARTI/Downloads/sistema hotel/vendor/laravel/framework/src/Illuminate/Routing/Router.php(822): Illuminate/Routing/Route->run()
#31 C:/Users/EMANUELCLEMENTEMARTI/Downloads/sistema hotel/vendor/laravel/framework/src/Illuminate/Pipeline/Pipeline.php(180): Illuminate/Routing/Router->{closure:Illuminate/Routing/Router::runRouteWithinStack():821}(Object(Illuminate/Http/Request))
#32 C:/Users/EMANUELCLEMENTEMARTI/Downloads/sistema hotel/vendor/laravel/framework/src/Illuminate/Routing/Middleware/SubstituteBindings.php(50): Illuminate/Pipeline/Pipeline->{closure:Illuminate/Pipeline/Pipeline::prepareDestination():178}(Object(Illuminate/Http/Request))
#33 C:/Users/EMANUELCLEMENTEMARTI/Downloads/sistema hotel/vendor/laravel/framework/src/Illuminate/Pipeline/Pipeline.php(219): Illuminate/Routing/Middleware/SubstituteBindings->handle(Object(Illuminate/Http/Request), Object(Closure))
#34 C:/Users/EMANUELCLEMENTEMARTI/Downloads/sistema hotel/vendor/laravel/framework/src/Illuminate/Foundation/Http/Middleware/VerifyCsrfToken.php(87): Illuminate/Pipeline/Pipeline->{closure:{closure:Illuminate/Pipeline/Pipeline::carry():194}:195}(Object(Illuminate/Http/Request))
#35 C:/Users/EMANUELCLEMENTEMARTI/Downloads/sistema hotel/vendor/laravel/framework/src/Illuminate/Pipeline/Pipeline.php(219): Illuminate/Foundation/Http/Middleware/VerifyCsrfToken->handle(Object(Illuminate/Http/Request), Object(Closure))
#36 C:/Users/EMANUELCLEMENTEMARTI/Downloads/sistema hotel/vendor/laravel/framework/src/Illuminate/View/Middleware/ShareErrorsFromSession.php(48): Illuminate/Pipeline/Pipeline->{closure:{closure:Illuminate/Pipeline/Pipeline::carry():194}:195}(Object(Illuminate/Http/Request))
#37 C:/Users/EMANUELCLEMENTEMARTI/Downloads/sistema hotel/vendor/laravel/framework/src/Illuminate/Pipeline/Pipeline.php(219): Illuminate/View/Middleware/ShareErrorsFromSession->handle(Object(Illuminate/Http/Request), Object(Closure))
#38 C:/Users/EMANUELCLEMENTEMARTI/Downloads/sistema hotel/vendor/laravel/framework/src/Illuminate/Session/Middleware/StartSession.php(120): Illuminate/Pipeline/Pipeline->{closure:{closure:Illuminate/Pipeline/Pipeline::carry():194}:195}(Object(Illuminate/Http/Request))
#39 C:/Users/EMANUELCLEMENTEMARTI/Downloads/sistema hotel/vendor/laravel/framework/src/Illuminate/Session/Middleware/StartSession.php(63): Illuminate/Session/Middleware/StartSession->handleStatefulRequest(Object(Illuminate/Http/Request), Object(Illuminate/Session/Store), Object(Closure))
#40 C:/Users/EMANUELCLEMENTEMARTI/Downloads/sistema hotel/vendor/laravel/framework/src/Illuminate/Pipeline/Pipeline.php(219): Illuminate/Session/Middleware/StartSession->handle(Object(Illuminate/Http/Request), Object(Closure))
#41 C:/Users/EMANUELCLEMENTEMARTI/Downloads/sistema hotel/vendor/laravel/framework/src/Illuminate/Cookie/Middleware/AddQueuedCookiesToResponse.php(36): Illuminate/Pipeline/Pipeline->{closure:{closure:Illuminate/Pipeline/Pipeline::carry():194}:195}(Object(Illuminate/Http/Request))
#42 C:/Users/EMANUELCLEMENTEMARTI/Downloads/sistema hotel/vendor/laravel/framework/src/Illuminate/Pipeline/Pipeline.php(219): Illuminate/Cookie/Middleware/AddQueuedCookiesToResponse->handle(Object(Illuminate/Http/Request), Object(Closure))
#43 C:/Users/EMANUELCLEMENTEMARTI/Downloads/sistema hotel/vendor/laravel/framework/src/Illuminate/Cookie/Middleware/EncryptCookies.php(74): Illuminate/Pipeline/Pipeline->{closure:{closure:Illuminate/Pipeline/Pipeline::carry():194}:195}(Object(Illuminate/Http/Request))
#44 C:/Users/EMANUELCLEMENTEMARTI/Downloads/sistema hotel/vendor/laravel/framework/src/Illuminate/Pipeline/Pipeline.php(219): Illuminate/Cookie/Middleware/EncryptCookies->handle(Object(Illuminate/Http/Request), Object(Closure))
#45 C:/Users/EMANUELCLEMENTEMARTI/Downloads/sistema hotel/vendor/laravel/framework/src/Illuminate/Pipeline/Pipeline.php(137): Illuminate/Pipeline/Pipeline->{closure:{closure:Illuminate/Pipeline/Pipeline::carry():194}:195}(Object(Illuminate/Http/Request))
#46 C:/Users/EMANUELCLEMENTEMARTI/Downloads/sistema hotel/vendor/laravel/framework/src/Illuminate/Routing/Router.php(821): Illuminate/Pipeline/Pipeline->then(Object(Closure))
#47 C:/Users/EMANUELCLEMENTEMARTI/Downloads/sistema hotel/vendor/laravel/framework/src/Illuminate/Routing/Router.php(800): Illuminate/Routing/Router->runRouteWithinStack(Object(Illuminate/Routing/Route), Object(Illuminate/Http/Request))
#48 C:/Users/EMANUELCLEMENTEMARTI/Downloads/sistema hotel/vendor/laravel/framework/src/Illuminate/Routing/Router.php(764): Illuminate/Routing/Router->runRoute(Object(Illuminate/Http/Request), Object(Illuminate/Routing/Route))
#49 C:/Users/EMANUELCLEMENTEMARTI/Downloads/sistema hotel/vendor/laravel/framework/src/Illuminate/Routing/Router.php(753): Illuminate/Routing/Router->dispatchToRoute(Object(Illuminate/Http/Request))
#50 C:/Users/EMANUELCLEMENTEMARTI/Downloads/sistema hotel/vendor/laravel/framework/src/Illuminate/Foundation/Http/Kernel.php(200): Illuminate/Routing/Router->dispatch(Object(Illuminate/Http/Request))
#51 C:/Users/EMANUELCLEMENTEMARTI/Downloads/sistema hotel/vendor/laravel/framework/src/Illuminate/Pipeline/Pipeline.php(180): Illuminate/Foundation/Http/Kernel->{closure:Illuminate/Foundation/Http/Kernel::dispatchToRouter():197}(Object(Illuminate/Http/Request))
#52 C:/Users/EMANUELCLEMENTEMARTI/Downloads/sistema hotel/vendor/livewire/livewire/src/Features/SupportDisablingBackButtonCache/DisableBackButtonCacheMiddleware.php(19): Illuminate/Pipeline/Pipeline->{closure:Illuminate/Pipeline/Pipeline::prepareDestination():178}(Object(Illuminate/Http/Request))
#53 C:/Users/EMANUELCLEMENTEMARTI/Downloads/sistema hotel/vendor/laravel/framework/src/Illuminate/Pipeline/Pipeline.php(219): Livewire/Features/SupportDisablingBackButtonCache/DisableBackButtonCacheMiddleware->handle(Object(Illuminate/Http/Request), Object(Closure))
#54 C:/Users/EMANUELCLEMENTEMARTI/Downloads/sistema hotel/vendor/laravel/framework/src/Illuminate/Foundation/Http/Middleware/ConvertEmptyStringsToNull.php(27): Illuminate/Pipeline/Pipeline->{closure:{closure:Illuminate/Pipeline/Pipeline::carry():194}:195}(Object(Illuminate/Http/Request))
#55 C:/Users/EMANUELCLEMENTEMARTI/Downloads/sistema hotel/vendor/laravel/framework/src/Illuminate/Pipeline/Pipeline.php(219): Illuminate/Foundation/Http/Middleware/ConvertEmptyStringsToNull->handle(Object(Illuminate/Http/Request), Object(Closure))
#56 C:/Users/EMANUELCLEMENTEMARTI/Downloads/sistema hotel/vendor/laravel/framework/src/Illuminate/Foundation/Http/Middleware/TrimStrings.php(47): Illuminate/Pipeline/Pipeline->{closure:{closure:Illuminate/Pipeline/Pipeline::carry():194}:195}(Object(Illuminate/Http/Request))
#57 C:/Users/EMANUELCLEMENTEMARTI/Downloads/sistema hotel/vendor/laravel/framework/src/Illuminate/Pipeline/Pipeline.php(219): Illuminate/Foundation/Http/Middleware/TrimStrings->handle(Object(Illuminate/Http/Request), Object(Closure))
#58 C:/Users/EMANUELCLEMENTEMARTI/Downloads/sistema hotel/vendor/laravel/framework/src/Illuminate/Http/Middleware/ValidatePostSize.php(27): Illuminate/Pipeline/Pipeline->{closure:{closure:Illuminate/Pipeline/Pipeline::carry():194}:195}(Object(Illuminate/Http/Request))
#59 C:/Users/EMANUELCLEMENTEMARTI/Downloads/sistema hotel/vendor/laravel/framework/src/Illuminate/Pipeline/Pipeline.php(219): Illuminate/Http/Middleware/ValidatePostSize->handle(Object(Illuminate/Http/Request), Object(Closure))
#60 C:/Users/EMANUELCLEMENTEMARTI/Downloads/sistema hotel/vendor/laravel/framework/src/Illuminate/Foundation/Http/Middleware/PreventRequestsDuringMaintenance.php(109): Illuminate/Pipeline/Pipeline->{closure:{closure:Illuminate/Pipeline/Pipeline::carry():194}:195}(Object(Illuminate/Http/Request))
#61 C:/Users/EMANUELCLEMENTEMARTI/Downloads/sistema hotel/vendor/laravel/framework/src/Illuminate/Pipeline/Pipeline.php(219): Illuminate/Foundation/Http/Middleware/PreventRequestsDuringMaintenance->handle(Object(Illuminate/Http/Request), Object(Closure))
#62 C:/Users/EMANUELCLEMENTEMARTI/Downloads/sistema hotel/vendor/laravel/framework/src/Illuminate/Http/Middleware/HandleCors.php(61): Illuminate/Pipeline/Pipeline->{closure:{closure:Illuminate/Pipeline/Pipeline::carry():194}:195}(Object(Illuminate/Http/Request))
#63 C:/Users/EMANUELCLEMENTEMARTI/Downloads/sistema hotel/vendor/laravel/framework/src/Illuminate/Pipeline/Pipeline.php(219): Illuminate/Http/Middleware/HandleCors->handle(Object(Illuminate/Http/Request), Object(Closure))
#64 C:/Users/EMANUELCLEMENTEMARTI/Downloads/sistema hotel/vendor/laravel/framework/src/Illuminate/Http/Middleware/TrustProxies.php(58): Illuminate/Pipeline/Pipeline->{closure:{closure:Illuminate/Pipeline/Pipeline::carry():194}:195}(Object(Illuminate/Http/Request))
#65 C:/Users/EMANUELCLEMENTEMARTI/Downloads/sistema hotel/vendor/laravel/framework/src/Illuminate/Pipeline/Pipeline.php(219): Illuminate/Http/Middleware/TrustProxies->handle(Object(Illuminate/Http/Request), Object(Closure))
#66 C:/Users/EMANUELCLEMENTEMARTI/Downloads/sistema hotel/vendor/laravel/framework/src/Illuminate/Foundation/Http/Middleware/InvokeDeferredCallbacks.php(22): Illuminate/Pipeline/Pipeline->{closure:{closure:Illuminate/Pipeline/Pipeline::carry():194}:195}(Object(Illuminate/Http/Request))
#67 C:/Users/EMANUELCLEMENTEMARTI/Downloads/sistema hotel/vendor/laravel/framework/src/Illuminate/Pipeline/Pipeline.php(219): Illuminate/Foundation/Http/Middleware/InvokeDeferredCallbacks->handle(Object(Illuminate/Http/Request), Object(Closure))
#68 C:/Users/EMANUELCLEMENTEMARTI/Downloads/sistema hotel/vendor/laravel/framework/src/Illuminate/Http/Middleware/ValidatePathEncoding.php(26): Illuminate/Pipeline/Pipeline->{closure:{closure:Illuminate/Pipeline/Pipeline::carry():194}:195}(Object(Illuminate/Http/Request))
#69 C:/Users/EMANUELCLEMENTEMARTI/Downloads/sistema hotel/vendor/laravel/framework/src/Illuminate/Pipeline/Pipeline.php(219): Illuminate/Http/Middleware/ValidatePathEncoding->handle(Object(Illuminate/Http/Request), Object(Closure))
#70 C:/Users/EMANUELCLEMENTEMARTI/Downloads/sistema hotel/vendor/laravel/framework/src/Illuminate/Pipeline/Pipeline.php(137): Illuminate/Pipeline/Pipeline->{closure:{closure:Illuminate/Pipeline/Pipeline::carry():194}:195}(Object(Illuminate/Http/Request))
#71 C:/Users/EMANUELCLEMENTEMARTI/Downloads/sistema hotel/vendor/laravel/framework/src/Illuminate/Foundation/Http/Kernel.php(175): Illuminate/Pipeline/Pipeline->then(Object(Closure))
#72 C:/Users/EMANUELCLEMENTEMARTI/Downloads/sistema hotel/vendor/laravel/framework/src/Illuminate/Foundation/Http/Kernel.php(144): Illuminate/Foundation/Http/Kernel->sendRequestThroughRouter(Object(Illuminate/Http/Request))
#73 C:/Users/EMANUELCLEMENTEMARTI/Downloads/sistema hotel/vendor/laravel/framework/src/Illuminate/Foundation/Application.php(1220): Illuminate/Foundation/Http/Kernel->handle(Object(Illuminate/Http/Request))
#74 C:/Users/EMANUELCLEMENTEMARTI/Downloads/sistema hotel/public/index.php(17): Illuminate/Foundation/Application->handleRequest(Object(Illuminate/Http/Request))
#75 C:/Users/EMANUELCLEMENTEMARTI/Downloads/sistema hotel/vendor/laravel/framework/src/Illuminate/Foundation/resources/server.php(23): require_once('C://Users//EMANUE...')
#76 {main}
"} 
[2026-03-31 17:29:02] laravel.WARNING: League\Flysystem\AwsS3V3\AwsS3V3Adapter::__construct(): Implicitly marking parameter $mimeTypeDetector as nullable is deprecated, the explicit nullable type must be used instead in C:\Users\EMANUELCLEMENTEMARTI\Downloads\sistema hotel\vendor\league\flysystem-aws-s3-v3\AwsS3V3Adapter.php on line 0  
[2026-03-31 17:29:02] laravel.EMERGENCY: Unable to create configured logger. Using emergency logger. {"exception":"[object] (InvalidArgumentException(code: 0): Driver [null] is not supported. at C:/Users/EMANUELCLEMENTEMARTI/Downloads/sistema hotel/vendor/laravel/framework/src/Illuminate/Log/LogManager.php:235)
[stacktrace]
#0 C:/Users/EMANUELCLEMENTEMARTI/Downloads/sistema hotel/vendor/laravel/framework/src/Illuminate/Log/LogManager.php(138): Illuminate/Log/LogManager->resolve('deprecations', Array)
#1 C:/Users/EMANUELCLEMENTEMARTI/Downloads/sistema hotel/vendor/laravel/framework/src/Illuminate/Log/LogManager.php(125): Illuminate/Log/LogManager->get('deprecations')
#2 C:/Users/EMANUELCLEMENTEMARTI/Downloads/sistema hotel/vendor/laravel/framework/src/Illuminate/Log/LogManager.php(114): Illuminate/Log/LogManager->driver('deprecations')
#3 C:/Users/EMANUELCLEMENTEMARTI/Downloads/sistema hotel/vendor/laravel/framework/src/Illuminate/Foundation/Bootstrap/HandleExceptions.php(105): Illuminate/Log/LogManager->channel('deprecations')
#4 C:/Users/EMANUELCLEMENTEMARTI/Downloads/sistema hotel/vendor/laravel/framework/src/Illuminate/Foundation/Bootstrap/HandleExceptions.php(74): Illuminate/Foundation/Bootstrap/HandleExceptions->handleDeprecationError('League//Flysyste...', 'C://Users//EMANUE...', 295, 8192)
#5 C:/Users/EMANUELCLEMENTEMARTI/Downloads/sistema hotel/vendor/laravel/framework/src/Illuminate/Foundation/Bootstrap/HandleExceptions.php(258): Illuminate/Foundation/Bootstrap/HandleExceptions->handleError(8192, 'League//Flysyste...', 'C://Users//EMANUE...', 295)
#6 C:/Users/EMANUELCLEMENTEMARTI/Downloads/sistema hotel/vendor/composer/ClassLoader.php(576): Illuminate/Foundation/Bootstrap/HandleExceptions->{closure:Illuminate/Foundation/Bootstrap/HandleExceptions::forwardsTo():257}(8192, 'League//Flysyste...', 'C://Users//EMANUE...', 295)
#7 C:/Users/EMANUELCLEMENTEMARTI/Downloads/sistema hotel/vendor/composer/ClassLoader.php(576): include('C://Users//EMANUE...')
#8 C:/Users/EMANUELCLEMENTEMARTI/Downloads/sistema hotel/vendor/composer/ClassLoader.php(427): {closure:Composer/Autoload/ClassLoader::initializeIncludeClosure():575}('C://Users//EMANUE...')
#9 C:/Users/EMANUELCLEMENTEMARTI/Downloads/sistema hotel/vendor/laravel/framework/src/Illuminate/Filesystem/FilesystemManager.php(257): Composer/Autoload/ClassLoader->loadClass('League//Flysyste...')
#10 C:/Users/EMANUELCLEMENTEMARTI/Downloads/sistema hotel/vendor/laravel/framework/src/Illuminate/Filesystem/FilesystemManager.php(153): Illuminate/Filesystem/FilesystemManager->createS3Driver(Array, 'supabase')
#11 C:/Users/EMANUELCLEMENTEMARTI/Downloads/sistema hotel/vendor/laravel/framework/src/Illuminate/Filesystem/FilesystemManager.php(121): Illuminate/Filesystem/FilesystemManager->resolve('supabase')
#12 C:/Users/EMANUELCLEMENTEMARTI/Downloads/sistema hotel/vendor/laravel/framework/src/Illuminate/Filesystem/FilesystemManager.php(84): Illuminate/Filesystem/FilesystemManager->get('supabase')
#13 C:/Users/EMANUELCLEMENTEMARTI/Downloads/sistema hotel/vendor/laravel/framework/src/Illuminate/Support/Facades/Facade.php(363): Illuminate/Filesystem/FilesystemManager->disk('supabase')
#14 C:/Users/EMANUELCLEMENTEMARTI/Downloads/sistema hotel/vendor/livewire/livewire/src/Features/SupportFileUploads/FileUploadConfiguration.php(27): Illuminate/Support/Facades/Facade::__callStatic('disk', Array)
#15 C:/Users/EMANUELCLEMENTEMARTI/Downloads/sistema hotel/vendor/livewire/livewire/src/Features/SupportFileUploads/GenerateSignedUploadUrl.php(20): Livewire/Features/SupportFileUploads/FileUploadConfiguration::storage()
#16 C:/Users/EMANUELCLEMENTEMARTI/Downloads/sistema hotel/vendor/laravel/framework/src/Illuminate/Support/Facades/Facade.php(363): Livewire/Features/SupportFileUploads/GenerateSignedUploadUrl->forS3(Object(Illuminate/Http/Testing/File))
#17 C:/Users/EMANUELCLEMENTEMARTI/Downloads/sistema hotel/vendor/livewire/livewire/src/Features/SupportFileUploads/WithFileUploads.php(20): Illuminate/Support/Facades/Facade::__callStatic('forS3', Array)
#18 C:/Users/EMANUELCLEMENTEMARTI/Downloads/sistema hotel/vendor/laravel/framework/src/Illuminate/Container/BoundMethod.php(36): App/Livewire/ImageManager->_startUpload('imagen', Array, false)
#19 C:/Users/EMANUELCLEMENTEMARTI/Downloads/sistema hotel/vendor/laravel/framework/src/Illuminate/Container/Util.php(43): Illuminate/Container/BoundMethod::{closure:Illuminate/Container/BoundMethod::call():35}()
#20 C:/Users/EMANUELCLEMENTEMARTI/Downloads/sistema hotel/vendor/laravel/framework/src/Illuminate/Container/BoundMethod.php(96): Illuminate/Container/Util::unwrapIfClosure(Object(Closure))
#21 C:/Users/EMANUELCLEMENTEMARTI/Downloads/sistema hotel/vendor/laravel/framework/src/Illuminate/Container/BoundMethod.php(35): Illuminate/Container/BoundMethod::callBoundMethod(Object(Illuminate/Foundation/Application), Array, Object(Closure))
#22 C:/Users/EMANUELCLEMENTEMARTI/Downloads/sistema hotel/vendor/livewire/livewire/src/Wrapped.php(23): Illuminate/Container/BoundMethod::call(Object(Illuminate/Foundation/Application), Array, Array)
#23 C:/Users/EMANUELCLEMENTEMARTI/Downloads/sistema hotel/vendor/livewire/livewire/src/Mechanisms/HandleComponents/HandleComponents.php(492): Livewire/Wrapped->__call('_startUpload', Array)
#24 C:/Users/EMANUELCLEMENTEMARTI/Downloads/sistema hotel/vendor/livewire/livewire/src/Mechanisms/HandleComponents/HandleComponents.php(101): Livewire/Mechanisms/HandleComponents/HandleComponents->callMethods(Object(App/Livewire/ImageManager), Array, Object(Livewire/Mechanisms/HandleComponents/ComponentContext))
#25 C:/Users/EMANUELCLEMENTEMARTI/Downloads/sistema hotel/vendor/livewire/livewire/src/LivewireManager.php(102): Livewire/Mechanisms/HandleComponents/HandleComponents->update(Array, Array, Array)
#26 C:/Users/EMANUELCLEMENTEMARTI/Downloads/sistema hotel/vendor/livewire/livewire/src/Mechanisms/HandleRequests/HandleRequests.php(131): Livewire/LivewireManager->update(Array, Array, Array)
#27 C:/Users/EMANUELCLEMENTEMARTI/Downloads/sistema hotel/vendor/laravel/framework/src/Illuminate/Routing/ControllerDispatcher.php(46): Livewire/Mechanisms/HandleRequests/HandleRequests->handleUpdate()
#28 C:/Users/EMANUELCLEMENTEMARTI/Downloads/sistema hotel/vendor/laravel/framework/src/Illuminate/Routing/Route.php(265): Illuminate/Routing/ControllerDispatcher->dispatch(Object(Illuminate/Routing/Route), Object(Livewire/Mechanisms/HandleRequests/HandleRequests), 'handleUpdate')
#29 C:/Users/EMANUELCLEMENTEMARTI/Downloads/sistema hotel/vendor/laravel/framework/src/Illuminate/Routing/Route.php(211): Illuminate/Routing/Route->runController()
#30 C:/Users/EMANUELCLEMENTEMARTI/Downloads/sistema hotel/vendor/laravel/framework/src/Illuminate/Routing/Router.php(822): Illuminate/Routing/Route->run()
#31 C:/Users/EMANUELCLEMENTEMARTI/Downloads/sistema hotel/vendor/laravel/framework/src/Illuminate/Pipeline/Pipeline.php(180): Illuminate/Routing/Router->{closure:Illuminate/Routing/Router::runRouteWithinStack():821}(Object(Illuminate/Http/Request))
#32 C:/Users/EMANUELCLEMENTEMARTI/Downloads/sistema hotel/vendor/laravel/framework/src/Illuminate/Routing/Middleware/SubstituteBindings.php(50): Illuminate/Pipeline/Pipeline->{closure:Illuminate/Pipeline/Pipeline::prepareDestination():178}(Object(Illuminate/Http/Request))
#33 C:/Users/EMANUELCLEMENTEMARTI/Downloads/sistema hotel/vendor/laravel/framework/src/Illuminate/Pipeline/Pipeline.php(219): Illuminate/Routing/Middleware/SubstituteBindings->handle(Object(Illuminate/Http/Request), Object(Closure))
#34 C:/Users/EMANUELCLEMENTEMARTI/Downloads/sistema hotel/vendor/laravel/framework/src/Illuminate/Foundation/Http/Middleware/VerifyCsrfToken.php(87): Illuminate/Pipeline/Pipeline->{closure:{closure:Illuminate/Pipeline/Pipeline::carry():194}:195}(Object(Illuminate/Http/Request))
#35 C:/Users/EMANUELCLEMENTEMARTI/Downloads/sistema hotel/vendor/laravel/framework/src/Illuminate/Pipeline/Pipeline.php(219): Illuminate/Foundation/Http/Middleware/VerifyCsrfToken->handle(Object(Illuminate/Http/Request), Object(Closure))
#36 C:/Users/EMANUELCLEMENTEMARTI/Downloads/sistema hotel/vendor/laravel/framework/src/Illuminate/View/Middleware/ShareErrorsFromSession.php(48): Illuminate/Pipeline/Pipeline->{closure:{closure:Illuminate/Pipeline/Pipeline::carry():194}:195}(Object(Illuminate/Http/Request))
#37 C:/Users/EMANUELCLEMENTEMARTI/Downloads/sistema hotel/vendor/laravel/framework/src/Illuminate/Pipeline/Pipeline.php(219): Illuminate/View/Middleware/ShareErrorsFromSession->handle(Object(Illuminate/Http/Request), Object(Closure))
#38 C:/Users/EMANUELCLEMENTEMARTI/Downloads/sistema hotel/vendor/laravel/framework/src/Illuminate/Session/Middleware/StartSession.php(120): Illuminate/Pipeline/Pipeline->{closure:{closure:Illuminate/Pipeline/Pipeline::carry():194}:195}(Object(Illuminate/Http/Request))
#39 C:/Users/EMANUELCLEMENTEMARTI/Downloads/sistema hotel/vendor/laravel/framework/src/Illuminate/Session/Middleware/StartSession.php(63): Illuminate/Session/Middleware/StartSession->handleStatefulRequest(Object(Illuminate/Http/Request), Object(Illuminate/Session/Store), Object(Closure))
#40 C:/Users/EMANUELCLEMENTEMARTI/Downloads/sistema hotel/vendor/laravel/framework/src/Illuminate/Pipeline/Pipeline.php(219): Illuminate/Session/Middleware/StartSession->handle(Object(Illuminate/Http/Request), Object(Closure))
#41 C:/Users/EMANUELCLEMENTEMARTI/Downloads/sistema hotel/vendor/laravel/framework/src/Illuminate/Cookie/Middleware/AddQueuedCookiesToResponse.php(36): Illuminate/Pipeline/Pipeline->{closure:{closure:Illuminate/Pipeline/Pipeline::carry():194}:195}(Object(Illuminate/Http/Request))
#42 C:/Users/EMANUELCLEMENTEMARTI/Downloads/sistema hotel/vendor/laravel/framework/src/Illuminate/Pipeline/Pipeline.php(219): Illuminate/Cookie/Middleware/AddQueuedCookiesToResponse->handle(Object(Illuminate/Http/Request), Object(Closure))
#43 C:/Users/EMANUELCLEMENTEMARTI/Downloads/sistema hotel/vendor/laravel/framework/src/Illuminate/Cookie/Middleware/EncryptCookies.php(74): Illuminate/Pipeline/Pipeline->{closure:{closure:Illuminate/Pipeline/Pipeline::carry():194}:195}(Object(Illuminate/Http/Request))
#44 C:/Users/EMANUELCLEMENTEMARTI/Downloads/sistema hotel/vendor/laravel/framework/src/Illuminate/Pipeline/Pipeline.php(219): Illuminate/Cookie/Middleware/EncryptCookies->handle(Object(Illuminate/Http/Request), Object(Closure))
#45 C:/Users/EMANUELCLEMENTEMARTI/Downloads/sistema hotel/vendor/laravel/framework/src/Illuminate/Pipeline/Pipeline.php(137): Illuminate/Pipeline/Pipeline->{closure:{closure:Illuminate/Pipeline/Pipeline::carry():194}:195}(Object(Illuminate/Http/Request))
#46 C:/Users/EMANUELCLEMENTEMARTI/Downloads/sistema hotel/vendor/laravel/framework/src/Illuminate/Routing/Router.php(821): Illuminate/Pipeline/Pipeline->then(Object(Closure))
#47 C:/Users/EMANUELCLEMENTEMARTI/Downloads/sistema hotel/vendor/laravel/framework/src/Illuminate/Routing/Router.php(800): Illuminate/Routing/Router->runRouteWithinStack(Object(Illuminate/Routing/Route), Object(Illuminate/Http/Request))
#48 C:/Users/EMANUELCLEMENTEMARTI/Downloads/sistema hotel/vendor/laravel/framework/src/Illuminate/Routing/Router.php(764): Illuminate/Routing/Router->runRoute(Object(Illuminate/Http/Request), Object(Illuminate/Routing/Route))
#49 C:/Users/EMANUELCLEMENTEMARTI/Downloads/sistema hotel/vendor/laravel/framework/src/Illuminate/Routing/Router.php(753): Illuminate/Routing/Router->dispatchToRoute(Object(Illuminate/Http/Request))
#50 C:/Users/EMANUELCLEMENTEMARTI/Downloads/sistema hotel/vendor/laravel/framework/src/Illuminate/Foundation/Http/Kernel.php(200): Illuminate/Routing/Router->dispatch(Object(Illuminate/Http/Request))
#51 C:/Users/EMANUELCLEMENTEMARTI/Downloads/sistema hotel/vendor/laravel/framework/src/Illuminate/Pipeline/Pipeline.php(180): Illuminate/Foundation/Http/Kernel->{closure:Illuminate/Foundation/Http/Kernel::dispatchToRouter():197}(Object(Illuminate/Http/Request))
#52 C:/Users/EMANUELCLEMENTEMARTI/Downloads/sistema hotel/vendor/livewire/livewire/src/Features/SupportDisablingBackButtonCache/DisableBackButtonCacheMiddleware.php(19): Illuminate/Pipeline/Pipeline->{closure:Illuminate/Pipeline/Pipeline::prepareDestination():178}(Object(Illuminate/Http/Request))
#53 C:/Users/EMANUELCLEMENTEMARTI/Downloads/sistema hotel/vendor/laravel/framework/src/Illuminate/Pipeline/Pipeline.php(219): Livewire/Features/SupportDisablingBackButtonCache/DisableBackButtonCacheMiddleware->handle(Object(Illuminate/Http/Request), Object(Closure))
#54 C:/Users/EMANUELCLEMENTEMARTI/Downloads/sistema hotel/vendor/laravel/framework/src/Illuminate/Foundation/Http/Middleware/ConvertEmptyStringsToNull.php(27): Illuminate/Pipeline/Pipeline->{closure:{closure:Illuminate/Pipeline/Pipeline::carry():194}:195}(Object(Illuminate/Http/Request))
#55 C:/Users/EMANUELCLEMENTEMARTI/Downloads/sistema hotel/vendor/laravel/framework/src/Illuminate/Pipeline/Pipeline.php(219): Illuminate/Foundation/Http/Middleware/ConvertEmptyStringsToNull->handle(Object(Illuminate/Http/Request), Object(Closure))
#56 C:/Users/EMANUELCLEMENTEMARTI/Downloads/sistema hotel/vendor/laravel/framework/src/Illuminate/Foundation/Http/Middleware/TrimStrings.php(47): Illuminate/Pipeline/Pipeline->{closure:{closure:Illuminate/Pipeline/Pipeline::carry():194}:195}(Object(Illuminate/Http/Request))
#57 C:/Users/EMANUELCLEMENTEMARTI/Downloads/sistema hotel/vendor/laravel/framework/src/Illuminate/Pipeline/Pipeline.php(219): Illuminate/Foundation/Http/Middleware/TrimStrings->handle(Object(Illuminate/Http/Request), Object(Closure))
#58 C:/Users/EMANUELCLEMENTEMARTI/Downloads/sistema hotel/vendor/laravel/framework/src/Illuminate/Http/Middleware/ValidatePostSize.php(27): Illuminate/Pipeline/Pipeline->{closure:{closure:Illuminate/Pipeline/Pipeline::carry():194}:195}(Object(Illuminate/Http/Request))
#59 C:/Users/EMANUELCLEMENTEMARTI/Downloads/sistema hotel/vendor/laravel/framework/src/Illuminate/Pipeline/Pipeline.php(219): Illuminate/Http/Middleware/ValidatePostSize->handle(Object(Illuminate/Http/Request), Object(Closure))
#60 C:/Users/EMANUELCLEMENTEMARTI/Downloads/sistema hotel/vendor/laravel/framework/src/Illuminate/Foundation/Http/Middleware/PreventRequestsDuringMaintenance.php(109): Illuminate/Pipeline/Pipeline->{closure:{closure:Illuminate/Pipeline/Pipeline::carry():194}:195}(Object(Illuminate/Http/Request))
#61 C:/Users/EMANUELCLEMENTEMARTI/Downloads/sistema hotel/vendor/laravel/framework/src/Illuminate/Pipeline/Pipeline.php(219): Illuminate/Foundation/Http/Middleware/PreventRequestsDuringMaintenance->handle(Object(Illuminate/Http/Request), Object(Closure))
#62 C:/Users/EMANUELCLEMENTEMARTI/Downloads/sistema hotel/vendor/laravel/framework/src/Illuminate/Http/Middleware/HandleCors.php(61): Illuminate/Pipeline/Pipeline->{closure:{closure:Illuminate/Pipeline/Pipeline::carry():194}:195}(Object(Illuminate/Http/Request))
#63 C:/Users/EMANUELCLEMENTEMARTI/Downloads/sistema hotel/vendor/laravel/framework/src/Illuminate/Pipeline/Pipeline.php(219): Illuminate/Http/Middleware/HandleCors->handle(Object(Illuminate/Http/Request), Object(Closure))
#64 C:/Users/EMANUELCLEMENTEMARTI/Downloads/sistema hotel/vendor/laravel/framework/src/Illuminate/Http/Middleware/TrustProxies.php(58): Illuminate/Pipeline/Pipeline->{closure:{closure:Illuminate/Pipeline/Pipeline::carry():194}:195}(Object(Illuminate/Http/Request))
#65 C:/Users/EMANUELCLEMENTEMARTI/Downloads/sistema hotel/vendor/laravel/framework/src/Illuminate/Pipeline/Pipeline.php(219): Illuminate/Http/Middleware/TrustProxies->handle(Object(Illuminate/Http/Request), Object(Closure))
#66 C:/Users/EMANUELCLEMENTEMARTI/Downloads/sistema hotel/vendor/laravel/framework/src/Illuminate/Foundation/Http/Middleware/InvokeDeferredCallbacks.php(22): Illuminate/Pipeline/Pipeline->{closure:{closure:Illuminate/Pipeline/Pipeline::carry():194}:195}(Object(Illuminate/Http/Request))
#67 C:/Users/EMANUELCLEMENTEMARTI/Downloads/sistema hotel/vendor/laravel/framework/src/Illuminate/Pipeline/Pipeline.php(219): Illuminate/Foundation/Http/Middleware/InvokeDeferredCallbacks->handle(Object(Illuminate/Http/Request), Object(Closure))
#68 C:/Users/EMANUELCLEMENTEMARTI/Downloads/sistema hotel/vendor/laravel/framework/src/Illuminate/Http/Middleware/ValidatePathEncoding.php(26): Illuminate/Pipeline/Pipeline->{closure:{closure:Illuminate/Pipeline/Pipeline::carry():194}:195}(Object(Illuminate/Http/Request))
#69 C:/Users/EMANUELCLEMENTEMARTI/Downloads/sistema hotel/vendor/laravel/framework/src/Illuminate/Pipeline/Pipeline.php(219): Illuminate/Http/Middleware/ValidatePathEncoding->handle(Object(Illuminate/Http/Request), Object(Closure))
#70 C:/Users/EMANUELCLEMENTEMARTI/Downloads/sistema hotel/vendor/laravel/framework/src/Illuminate/Pipeline/Pipeline.php(137): Illuminate/Pipeline/Pipeline->{closure:{closure:Illuminate/Pipeline/Pipeline::carry():194}:195}(Object(Illuminate/Http/Request))
#71 C:/Users/EMANUELCLEMENTEMARTI/Downloads/sistema hotel/vendor/laravel/framework/src/Illuminate/Foundation/Http/Kernel.php(175): Illuminate/Pipeline/Pipeline->then(Object(Closure))
#72 C:/Users/EMANUELCLEMENTEMARTI/Downloads/sistema hotel/vendor/laravel/framework/src/Illuminate/Foundation/Http/Kernel.php(144): Illuminate/Foundation/Http/Kernel->sendRequestThroughRouter(Object(Illuminate/Http/Request))
#73 C:/Users/EMANUELCLEMENTEMARTI/Downloads/sistema hotel/vendor/laravel/framework/src/Illuminate/Foundation/Application.php(1220): Illuminate/Foundation/Http/Kernel->handle(Object(Illuminate/Http/Request))
#74 C:/Users/EMANUELCLEMENTEMARTI/Downloads/sistema hotel/public/index.php(17): Illuminate/Foundation/Application->handleRequest(Object(Illuminate/Http/Request))
#75 C:/Users/EMANUELCLEMENTEMARTI/Downloads/sistema hotel/vendor/laravel/framework/src/Illuminate/Foundation/resources/server.php(23): require_once('C://Users//EMANUE...')
#76 {main}
"} 
[2026-03-31 17:29:02] laravel.WARNING: League\Flysystem\AwsS3V3\AwsS3V3Adapter::mapS3ObjectMetadata(): Implicitly marking parameter $path as nullable is deprecated, the explicit nullable type must be used instead in C:\Users\EMANUELCLEMENTEMARTI\Downloads\sistema hotel\vendor\league\flysystem-aws-s3-v3\AwsS3V3Adapter.php on line 295  
[2026-03-31 17:35:27] laravel.EMERGENCY: Unable to create configured logger. Using emergency logger. {"exception":"[object] (InvalidArgumentException(code: 0): Driver [null] is not supported. at C:/Users/EMANUELCLEMENTEMARTI/Downloads/sistema hotel/vendor/laravel/framework/src/Illuminate/Log/LogManager.php:235)
[stacktrace]
#0 C:/Users/EMANUELCLEMENTEMARTI/Downloads/sistema hotel/vendor/laravel/framework/src/Illuminate/Log/LogManager.php(138): Illuminate/Log/LogManager->resolve('deprecations', Array)
#1 C:/Users/EMANUELCLEMENTEMARTI/Downloads/sistema hotel/vendor/laravel/framework/src/Illuminate/Log/LogManager.php(125): Illuminate/Log/LogManager->get('deprecations')
#2 C:/Users/EMANUELCLEMENTEMARTI/Downloads/sistema hotel/vendor/laravel/framework/src/Illuminate/Log/LogManager.php(114): Illuminate/Log/LogManager->driver('deprecations')
#3 C:/Users/EMANUELCLEMENTEMARTI/Downloads/sistema hotel/vendor/laravel/framework/src/Illuminate/Foundation/Bootstrap/HandleExceptions.php(105): Illuminate/Log/LogManager->channel('deprecations')
#4 C:/Users/EMANUELCLEMENTEMARTI/Downloads/sistema hotel/vendor/laravel/framework/src/Illuminate/Foundation/Bootstrap/HandleExceptions.php(74): Illuminate/Foundation/Bootstrap/HandleExceptions->handleDeprecationError('League//Flysyste...', 'C://Users//EMANUE...', 108, 8192)
#5 C:/Users/EMANUELCLEMENTEMARTI/Downloads/sistema hotel/vendor/laravel/framework/src/Illuminate/Foundation/Bootstrap/HandleExceptions.php(258): Illuminate/Foundation/Bootstrap/HandleExceptions->handleError(8192, 'League//Flysyste...', 'C://Users//EMANUE...', 108)
#6 C:/Users/EMANUELCLEMENTEMARTI/Downloads/sistema hotel/vendor/composer/ClassLoader.php(576): Illuminate/Foundation/Bootstrap/HandleExceptions->{closure:Illuminate/Foundation/Bootstrap/HandleExceptions::forwardsTo():257}(8192, 'League//Flysyste...', 'C://Users//EMANUE...', 108)
#7 C:/Users/EMANUELCLEMENTEMARTI/Downloads/sistema hotel/vendor/composer/ClassLoader.php(576): include('C://Users//EMANUE...')
#8 C:/Users/EMANUELCLEMENTEMARTI/Downloads/sistema hotel/vendor/composer/ClassLoader.php(427): {closure:Composer/Autoload/ClassLoader::initializeIncludeClosure():575}('C://Users//EMANUE...')
#9 C:/Users/EMANUELCLEMENTEMARTI/Downloads/sistema hotel/vendor/laravel/framework/src/Illuminate/Filesystem/FilesystemManager.php(257): Composer/Autoload/ClassLoader->loadClass('League//Flysyste...')
#10 C:/Users/EMANUELCLEMENTEMARTI/Downloads/sistema hotel/vendor/laravel/framework/src/Illuminate/Filesystem/FilesystemManager.php(153): Illuminate/Filesystem/FilesystemManager->createS3Driver(Array, 'supabase')
#11 C:/Users/EMANUELCLEMENTEMARTI/Downloads/sistema hotel/vendor/laravel/framework/src/Illuminate/Filesystem/FilesystemManager.php(121): Illuminate/Filesystem/FilesystemManager->resolve('supabase')
#12 C:/Users/EMANUELCLEMENTEMARTI/Downloads/sistema hotel/vendor/laravel/framework/src/Illuminate/Filesystem/FilesystemManager.php(84): Illuminate/Filesystem/FilesystemManager->get('supabase')
#13 C:/Users/EMANUELCLEMENTEMARTI/Downloads/sistema hotel/vendor/laravel/framework/src/Illuminate/Support/Facades/Facade.php(363): Illuminate/Filesystem/FilesystemManager->disk('supabase')
#14 C:/Users/EMANUELCLEMENTEMARTI/Downloads/sistema hotel/vendor/livewire/livewire/src/Features/SupportFileUploads/FileUploadConfiguration.php(27): Illuminate/Support/Facades/Facade::__callStatic('disk', Array)
#15 C:/Users/EMANUELCLEMENTEMARTI/Downloads/sistema hotel/vendor/livewire/livewire/src/Features/SupportFileUploads/GenerateSignedUploadUrl.php(20): Livewire/Features/SupportFileUploads/FileUploadConfiguration::storage()
#16 C:/Users/EMANUELCLEMENTEMARTI/Downloads/sistema hotel/vendor/laravel/framework/src/Illuminate/Support/Facades/Facade.php(363): Livewire/Features/SupportFileUploads/GenerateSignedUploadUrl->forS3(Object(Illuminate/Http/Testing/File))
#17 C:/Users/EMANUELCLEMENTEMARTI/Downloads/sistema hotel/vendor/livewire/livewire/src/Features/SupportFileUploads/WithFileUploads.php(20): Illuminate/Support/Facades/Facade::__callStatic('forS3', Array)
#18 C:/Users/EMANUELCLEMENTEMARTI/Downloads/sistema hotel/vendor/laravel/framework/src/Illuminate/Container/BoundMethod.php(36): App/Livewire/ImageManager->_startUpload('imagen', Array, false)
#19 C:/Users/EMANUELCLEMENTEMARTI/Downloads/sistema hotel/vendor/laravel/framework/src/Illuminate/Container/Util.php(43): Illuminate/Container/BoundMethod::{closure:Illuminate/Container/BoundMethod::call():35}()
#20 C:/Users/EMANUELCLEMENTEMARTI/Downloads/sistema hotel/vendor/laravel/framework/src/Illuminate/Container/BoundMethod.php(96): Illuminate/Container/Util::unwrapIfClosure(Object(Closure))
#21 C:/Users/EMANUELCLEMENTEMARTI/Downloads/sistema hotel/vendor/laravel/framework/src/Illuminate/Container/BoundMethod.php(35): Illuminate/Container/BoundMethod::callBoundMethod(Object(Illuminate/Foundation/Application), Array, Object(Closure))
#22 C:/Users/EMANUELCLEMENTEMARTI/Downloads/sistema hotel/vendor/livewire/livewire/src/Wrapped.php(23): Illuminate/Container/BoundMethod::call(Object(Illuminate/Foundation/Application), Array, Array)
#23 C:/Users/EMANUELCLEMENTEMARTI/Downloads/sistema hotel/vendor/livewire/livewire/src/Mechanisms/HandleComponents/HandleComponents.php(492): Livewire/Wrapped->__call('_startUpload', Array)
#24 C:/Users/EMANUELCLEMENTEMARTI/Downloads/sistema hotel/vendor/livewire/livewire/src/Mechanisms/HandleComponents/HandleComponents.php(101): Livewire/Mechanisms/HandleComponents/HandleComponents->callMethods(Object(App/Livewire/ImageManager), Array, Object(Livewire/Mechanisms/HandleComponents/ComponentContext))
#25 C:/Users/EMANUELCLEMENTEMARTI/Downloads/sistema hotel/vendor/livewire/livewire/src/LivewireManager.php(102): Livewire/Mechanisms/HandleComponents/HandleComponents->update(Array, Array, Array)
#26 C:/Users/EMANUELCLEMENTEMARTI/Downloads/sistema hotel/vendor/livewire/livewire/src/Mechanisms/HandleRequests/HandleRequests.php(131): Livewire/LivewireManager->update(Array, Array, Array)
#27 C:/Users/EMANUELCLEMENTEMARTI/Downloads/sistema hotel/vendor/laravel/framework/src/Illuminate/Routing/ControllerDispatcher.php(46): Livewire/Mechanisms/HandleRequests/HandleRequests->handleUpdate()
#28 C:/Users/EMANUELCLEMENTEMARTI/Downloads/sistema hotel/vendor/laravel/framework/src/Illuminate/Routing/Route.php(265): Illuminate/Routing/ControllerDispatcher->dispatch(Object(Illuminate/Routing/Route), Object(Livewire/Mechanisms/HandleRequests/HandleRequests), 'handleUpdate')
#29 C:/Users/EMANUELCLEMENTEMARTI/Downloads/sistema hotel/vendor/laravel/framework/src/Illuminate/Routing/Route.php(211): Illuminate/Routing/Route->runController()
#30 C:/Users/EMANUELCLEMENTEMARTI/Downloads/sistema hotel/vendor/laravel/framework/src/Illuminate/Routing/Router.php(822): Illuminate/Routing/Route->run()
#31 C:/Users/EMANUELCLEMENTEMARTI/Downloads/sistema hotel/vendor/laravel/framework/src/Illuminate/Pipeline/Pipeline.php(180): Illuminate/Routing/Router->{closure:Illuminate/Routing/Router::runRouteWithinStack():821}(Object(Illuminate/Http/Request))
#32 C:/Users/EMANUELCLEMENTEMARTI/Downloads/sistema hotel/vendor/laravel/framework/src/Illuminate/Routing/Middleware/SubstituteBindings.php(50): Illuminate/Pipeline/Pipeline->{closure:Illuminate/Pipeline/Pipeline::prepareDestination():178}(Object(Illuminate/Http/Request))
#33 C:/Users/EMANUELCLEMENTEMARTI/Downloads/sistema hotel/vendor/laravel/framework/src/Illuminate/Pipeline/Pipeline.php(219): Illuminate/Routing/Middleware/SubstituteBindings->handle(Object(Illuminate/Http/Request), Object(Closure))
#34 C:/Users/EMANUELCLEMENTEMARTI/Downloads/sistema hotel/vendor/laravel/framework/src/Illuminate/Foundation/Http/Middleware/VerifyCsrfToken.php(87): Illuminate/Pipeline/Pipeline->{closure:{closure:Illuminate/Pipeline/Pipeline::carry():194}:195}(Object(Illuminate/Http/Request))
#35 C:/Users/EMANUELCLEMENTEMARTI/Downloads/sistema hotel/vendor/laravel/framework/src/Illuminate/Pipeline/Pipeline.php(219): Illuminate/Foundation/Http/Middleware/VerifyCsrfToken->handle(Object(Illuminate/Http/Request), Object(Closure))
#36 C:/Users/EMANUELCLEMENTEMARTI/Downloads/sistema hotel/vendor/laravel/framework/src/Illuminate/View/Middleware/ShareErrorsFromSession.php(48): Illuminate/Pipeline/Pipeline->{closure:{closure:Illuminate/Pipeline/Pipeline::carry():194}:195}(Object(Illuminate/Http/Request))
#37 C:/Users/EMANUELCLEMENTEMARTI/Downloads/sistema hotel/vendor/laravel/framework/src/Illuminate/Pipeline/Pipeline.php(219): Illuminate/View/Middleware/ShareErrorsFromSession->handle(Object(Illuminate/Http/Request), Object(Closure))
#38 C:/Users/EMANUELCLEMENTEMARTI/Downloads/sistema hotel/vendor/laravel/framework/src/Illuminate/Session/Middleware/StartSession.php(120): Illuminate/Pipeline/Pipeline->{closure:{closure:Illuminate/Pipeline/Pipeline::carry():194}:195}(Object(Illuminate/Http/Request))
#39 C:/Users/EMANUELCLEMENTEMARTI/Downloads/sistema hotel/vendor/laravel/framework/src/Illuminate/Session/Middleware/StartSession.php(63): Illuminate/Session/Middleware/StartSession->handleStatefulRequest(Object(Illuminate/Http/Request), Object(Illuminate/Session/Store), Object(Closure))
#40 C:/Users/EMANUELCLEMENTEMARTI/Downloads/sistema hotel/vendor/laravel/framework/src/Illuminate/Pipeline/Pipeline.php(219): Illuminate/Session/Middleware/StartSession->handle(Object(Illuminate/Http/Request), Object(Closure))
#41 C:/Users/EMANUELCLEMENTEMARTI/Downloads/sistema hotel/vendor/laravel/framework/src/Illuminate/Cookie/Middleware/AddQueuedCookiesToResponse.php(36): Illuminate/Pipeline/Pipeline->{closure:{closure:Illuminate/Pipeline/Pipeline::carry():194}:195}(Object(Illuminate/Http/Request))
#42 C:/Users/EMANUELCLEMENTEMARTI/Downloads/sistema hotel/vendor/laravel/framework/src/Illuminate/Pipeline/Pipeline.php(219): Illuminate/Cookie/Middleware/AddQueuedCookiesToResponse->handle(Object(Illuminate/Http/Request), Object(Closure))
#43 C:/Users/EMANUELCLEMENTEMARTI/Downloads/sistema hotel/vendor/laravel/framework/src/Illuminate/Cookie/Middleware/EncryptCookies.php(74): Illuminate/Pipeline/Pipeline->{closure:{closure:Illuminate/Pipeline/Pipeline::carry():194}:195}(Object(Illuminate/Http/Request))
#44 C:/Users/EMANUELCLEMENTEMARTI/Downloads/sistema hotel/vendor/laravel/framework/src/Illuminate/Pipeline/Pipeline.php(219): Illuminate/Cookie/Middleware/EncryptCookies->handle(Object(Illuminate/Http/Request), Object(Closure))
#45 C:/Users/EMANUELCLEMENTEMARTI/Downloads/sistema hotel/vendor/laravel/framework/src/Illuminate/Pipeline/Pipeline.php(137): Illuminate/Pipeline/Pipeline->{closure:{closure:Illuminate/Pipeline/Pipeline::carry():194}:195}(Object(Illuminate/Http/Request))
#46 C:/Users/EMANUELCLEMENTEMARTI/Downloads/sistema hotel/vendor/laravel/framework/src/Illuminate/Routing/Router.php(821): Illuminate/Pipeline/Pipeline->then(Object(Closure))
#47 C:/Users/EMANUELCLEMENTEMARTI/Downloads/sistema hotel/vendor/laravel/framework/src/Illuminate/Routing/Router.php(800): Illuminate/Routing/Router->runRouteWithinStack(Object(Illuminate/Routing/Route), Object(Illuminate/Http/Request))
#48 C:/Users/EMANUELCLEMENTEMARTI/Downloads/sistema hotel/vendor/laravel/framework/src/Illuminate/Routing/Router.php(764): Illuminate/Routing/Router->runRoute(Object(Illuminate/Http/Request), Object(Illuminate/Routing/Route))
#49 C:/Users/EMANUELCLEMENTEMARTI/Downloads/sistema hotel/vendor/laravel/framework/src/Illuminate/Routing/Router.php(753): Illuminate/Routing/Router->dispatchToRoute(Object(Illuminate/Http/Request))
#50 C:/Users/EMANUELCLEMENTEMARTI/Downloads/sistema hotel/vendor/laravel/framework/src/Illuminate/Foundation/Http/Kernel.php(200): Illuminate/Routing/Router->dispatch(Object(Illuminate/Http/Request))
#51 C:/Users/EMANUELCLEMENTEMARTI/Downloads/sistema hotel/vendor/laravel/framework/src/Illuminate/Pipeline/Pipeline.php(180): Illuminate/Foundation/Http/Kernel->{closure:Illuminate/Foundation/Http/Kernel::dispatchToRouter():197}(Object(Illuminate/Http/Request))
#52 C:/Users/EMANUELCLEMENTEMARTI/Downloads/sistema hotel/vendor/livewire/livewire/src/Features/SupportDisablingBackButtonCache/DisableBackButtonCacheMiddleware.php(19): Illuminate/Pipeline/Pipeline->{closure:Illuminate/Pipeline/Pipeline::prepareDestination():178}(Object(Illuminate/Http/Request))
#53 C:/Users/EMANUELCLEMENTEMARTI/Downloads/sistema hotel/vendor/laravel/framework/src/Illuminate/Pipeline/Pipeline.php(219): Livewire/Features/SupportDisablingBackButtonCache/DisableBackButtonCacheMiddleware->handle(Object(Illuminate/Http/Request), Object(Closure))
#54 C:/Users/EMANUELCLEMENTEMARTI/Downloads/sistema hotel/vendor/laravel/framework/src/Illuminate/Foundation/Http/Middleware/ConvertEmptyStringsToNull.php(27): Illuminate/Pipeline/Pipeline->{closure:{closure:Illuminate/Pipeline/Pipeline::carry():194}:195}(Object(Illuminate/Http/Request))
#55 C:/Users/EMANUELCLEMENTEMARTI/Downloads/sistema hotel/vendor/laravel/framework/src/Illuminate/Pipeline/Pipeline.php(219): Illuminate/Foundation/Http/Middleware/ConvertEmptyStringsToNull->handle(Object(Illuminate/Http/Request), Object(Closure))
#56 C:/Users/EMANUELCLEMENTEMARTI/Downloads/sistema hotel/vendor/laravel/framework/src/Illuminate/Foundation/Http/Middleware/TrimStrings.php(47): Illuminate/Pipeline/Pipeline->{closure:{closure:Illuminate/Pipeline/Pipeline::carry():194}:195}(Object(Illuminate/Http/Request))
#57 C:/Users/EMANUELCLEMENTEMARTI/Downloads/sistema hotel/vendor/laravel/framework/src/Illuminate/Pipeline/Pipeline.php(219): Illuminate/Foundation/Http/Middleware/TrimStrings->handle(Object(Illuminate/Http/Request), Object(Closure))
#58 C:/Users/EMANUELCLEMENTEMARTI/Downloads/sistema hotel/vendor/laravel/framework/src/Illuminate/Http/Middleware/ValidatePostSize.php(27): Illuminate/Pipeline/Pipeline->{closure:{closure:Illuminate/Pipeline/Pipeline::carry():194}:195}(Object(Illuminate/Http/Request))
#59 C:/Users/EMANUELCLEMENTEMARTI/Downloads/sistema hotel/vendor/laravel/framework/src/Illuminate/Pipeline/Pipeline.php(219): Illuminate/Http/Middleware/ValidatePostSize->handle(Object(Illuminate/Http/Request), Object(Closure))
#60 C:/Users/EMANUELCLEMENTEMARTI/Downloads/sistema hotel/vendor/laravel/framework/src/Illuminate/Foundation/Http/Middleware/PreventRequestsDuringMaintenance.php(109): Illuminate/Pipeline/Pipeline->{closure:{closure:Illuminate/Pipeline/Pipeline::carry():194}:195}(Object(Illuminate/Http/Request))
#61 C:/Users/EMANUELCLEMENTEMARTI/Downloads/sistema hotel/vendor/laravel/framework/src/Illuminate/Pipeline/Pipeline.php(219): Illuminate/Foundation/Http/Middleware/PreventRequestsDuringMaintenance->handle(Object(Illuminate/Http/Request), Object(Closure))
#62 C:/Users/EMANUELCLEMENTEMARTI/Downloads/sistema hotel/vendor/laravel/framework/src/Illuminate/Http/Middleware/HandleCors.php(61): Illuminate/Pipeline/Pipeline->{closure:{closure:Illuminate/Pipeline/Pipeline::carry():194}:195}(Object(Illuminate/Http/Request))
#63 C:/Users/EMANUELCLEMENTEMARTI/Downloads/sistema hotel/vendor/laravel/framework/src/Illuminate/Pipeline/Pipeline.php(219): Illuminate/Http/Middleware/HandleCors->handle(Object(Illuminate/Http/Request), Object(Closure))
#64 C:/Users/EMANUELCLEMENTEMARTI/Downloads/sistema hotel/vendor/laravel/framework/src/Illuminate/Http/Middleware/TrustProxies.php(58): Illuminate/Pipeline/Pipeline->{closure:{closure:Illuminate/Pipeline/Pipeline::carry():194}:195}(Object(Illuminate/Http/Request))
#65 C:/Users/EMANUELCLEMENTEMARTI/Downloads/sistema hotel/vendor/laravel/framework/src/Illuminate/Pipeline/Pipeline.php(219): Illuminate/Http/Middleware/TrustProxies->handle(Object(Illuminate/Http/Request), Object(Closure))
#66 C:/Users/EMANUELCLEMENTEMARTI/Downloads/sistema hotel/vendor/laravel/framework/src/Illuminate/Foundation/Http/Middleware/InvokeDeferredCallbacks.php(22): Illuminate/Pipeline/Pipeline->{closure:{closure:Illuminate/Pipeline/Pipeline::carry():194}:195}(Object(Illuminate/Http/Request))
#67 C:/Users/EMANUELCLEMENTEMARTI/Downloads/sistema hotel/vendor/laravel/framework/src/Illuminate/Pipeline/Pipeline.php(219): Illuminate/Foundation/Http/Middleware/InvokeDeferredCallbacks->handle(Object(Illuminate/Http/Request), Object(Closure))
#68 C:/Users/EMANUELCLEMENTEMARTI/Downloads/sistema hotel/vendor/laravel/framework/src/Illuminate/Http/Middleware/ValidatePathEncoding.php(26): Illuminate/Pipeline/Pipeline->{closure:{closure:Illuminate/Pipeline/Pipeline::carry():194}:195}(Object(Illuminate/Http/Request))
#69 C:/Users/EMANUELCLEMENTEMARTI/Downloads/sistema hotel/vendor/laravel/framework/src/Illuminate/Pipeline/Pipeline.php(219): Illuminate/Http/Middleware/ValidatePathEncoding->handle(Object(Illuminate/Http/Request), Object(Closure))
#70 C:/Users/EMANUELCLEMENTEMARTI/Downloads/sistema hotel/vendor/laravel/framework/src/Illuminate/Pipeline/Pipeline.php(137): Illuminate/Pipeline/Pipeline->{closure:{closure:Illuminate/Pipeline/Pipeline::carry():194}:195}(Object(Illuminate/Http/Request))
#71 C:/Users/EMANUELCLEMENTEMARTI/Downloads/sistema hotel/vendor/laravel/framework/src/Illuminate/Foundation/Http/Kernel.php(175): Illuminate/Pipeline/Pipeline->then(Object(Closure))
#72 C:/Users/EMANUELCLEMENTEMARTI/Downloads/sistema hotel/vendor/laravel/framework/src/Illuminate/Foundation/Http/Kernel.php(144): Illuminate/Foundation/Http/Kernel->sendRequestThroughRouter(Object(Illuminate/Http/Request))
#73 C:/Users/EMANUELCLEMENTEMARTI/Downloads/sistema hotel/vendor/laravel/framework/src/Illuminate/Foundation/Application.php(1220): Illuminate/Foundation/Http/Kernel->handle(Object(Illuminate/Http/Request))
#74 C:/Users/EMANUELCLEMENTEMARTI/Downloads/sistema hotel/public/index.php(17): Illuminate/Foundation/Application->handleRequest(Object(Illuminate/Http/Request))
#75 C:/Users/EMANUELCLEMENTEMARTI/Downloads/sistema hotel/vendor/laravel/framework/src/Illuminate/Foundation/resources/server.php(23): require_once('C://Users//EMANUE...')
#76 {main}
"} 
[2026-03-31 17:35:27] laravel.WARNING: League\Flysystem\AwsS3V3\AwsS3V3Adapter::__construct(): Implicitly marking parameter $visibility as nullable is deprecated, the explicit nullable type must be used instead in C:\Users\EMANUELCLEMENTEMARTI\Downloads\sistema hotel\vendor\league\flysystem-aws-s3-v3\AwsS3V3Adapter.php on line 108  
[2026-03-31 17:35:27] laravel.EMERGENCY: Unable to create configured logger. Using emergency logger. {"exception":"[object] (InvalidArgumentException(code: 0): Driver [null] is not supported. at C:/Users/EMANUELCLEMENTEMARTI/Downloads/sistema hotel/vendor/laravel/framework/src/Illuminate/Log/LogManager.php:235)
[stacktrace]
#0 C:/Users/EMANUELCLEMENTEMARTI/Downloads/sistema hotel/vendor/laravel/framework/src/Illuminate/Log/LogManager.php(138): Illuminate/Log/LogManager->resolve('deprecations', Array)
#1 C:/Users/EMANUELCLEMENTEMARTI/Downloads/sistema hotel/vendor/laravel/framework/src/Illuminate/Log/LogManager.php(125): Illuminate/Log/LogManager->get('deprecations')
#2 C:/Users/EMANUELCLEMENTEMARTI/Downloads/sistema hotel/vendor/laravel/framework/src/Illuminate/Log/LogManager.php(114): Illuminate/Log/LogManager->driver('deprecations')
#3 C:/Users/EMANUELCLEMENTEMARTI/Downloads/sistema hotel/vendor/laravel/framework/src/Illuminate/Foundation/Bootstrap/HandleExceptions.php(105): Illuminate/Log/LogManager->channel('deprecations')
#4 C:/Users/EMANUELCLEMENTEMARTI/Downloads/sistema hotel/vendor/laravel/framework/src/Illuminate/Foundation/Bootstrap/HandleExceptions.php(74): Illuminate/Foundation/Bootstrap/HandleExceptions->handleDeprecationError('League//Flysyste...', 'C://Users//EMANUE...', 0, 8192)
#5 C:/Users/EMANUELCLEMENTEMARTI/Downloads/sistema hotel/vendor/laravel/framework/src/Illuminate/Foundation/Bootstrap/HandleExceptions.php(258): Illuminate/Foundation/Bootstrap/HandleExceptions->handleError(8192, 'League//Flysyste...', 'C://Users//EMANUE...', 0)
#6 C:/Users/EMANUELCLEMENTEMARTI/Downloads/sistema hotel/vendor/composer/ClassLoader.php(576): Illuminate/Foundation/Bootstrap/HandleExceptions->{closure:Illuminate/Foundation/Bootstrap/HandleExceptions::forwardsTo():257}(8192, 'League//Flysyste...', 'C://Users//EMANUE...', 0)
#7 C:/Users/EMANUELCLEMENTEMARTI/Downloads/sistema hotel/vendor/composer/ClassLoader.php(576): include('C://Users//EMANUE...')
#8 C:/Users/EMANUELCLEMENTEMARTI/Downloads/sistema hotel/vendor/composer/ClassLoader.php(427): {closure:Composer/Autoload/ClassLoader::initializeIncludeClosure():575}('C://Users//EMANUE...')
#9 C:/Users/EMANUELCLEMENTEMARTI/Downloads/sistema hotel/vendor/laravel/framework/src/Illuminate/Filesystem/FilesystemManager.php(257): Composer/Autoload/ClassLoader->loadClass('League//Flysyste...')
#10 C:/Users/EMANUELCLEMENTEMARTI/Downloads/sistema hotel/vendor/laravel/framework/src/Illuminate/Filesystem/FilesystemManager.php(153): Illuminate/Filesystem/FilesystemManager->createS3Driver(Array, 'supabase')
#11 C:/Users/EMANUELCLEMENTEMARTI/Downloads/sistema hotel/vendor/laravel/framework/src/Illuminate/Filesystem/FilesystemManager.php(121): Illuminate/Filesystem/FilesystemManager->resolve('supabase')
#12 C:/Users/EMANUELCLEMENTEMARTI/Downloads/sistema hotel/vendor/laravel/framework/src/Illuminate/Filesystem/FilesystemManager.php(84): Illuminate/Filesystem/FilesystemManager->get('supabase')
#13 C:/Users/EMANUELCLEMENTEMARTI/Downloads/sistema hotel/vendor/laravel/framework/src/Illuminate/Support/Facades/Facade.php(363): Illuminate/Filesystem/FilesystemManager->disk('supabase')
#14 C:/Users/EMANUELCLEMENTEMARTI/Downloads/sistema hotel/vendor/livewire/livewire/src/Features/SupportFileUploads/FileUploadConfiguration.php(27): Illuminate/Support/Facades/Facade::__callStatic('disk', Array)
#15 C:/Users/EMANUELCLEMENTEMARTI/Downloads/sistema hotel/vendor/livewire/livewire/src/Features/SupportFileUploads/GenerateSignedUploadUrl.php(20): Livewire/Features/SupportFileUploads/FileUploadConfiguration::storage()
#16 C:/Users/EMANUELCLEMENTEMARTI/Downloads/sistema hotel/vendor/laravel/framework/src/Illuminate/Support/Facades/Facade.php(363): Livewire/Features/SupportFileUploads/GenerateSignedUploadUrl->forS3(Object(Illuminate/Http/Testing/File))
#17 C:/Users/EMANUELCLEMENTEMARTI/Downloads/sistema hotel/vendor/livewire/livewire/src/Features/SupportFileUploads/WithFileUploads.php(20): Illuminate/Support/Facades/Facade::__callStatic('forS3', Array)
#18 C:/Users/EMANUELCLEMENTEMARTI/Downloads/sistema hotel/vendor/laravel/framework/src/Illuminate/Container/BoundMethod.php(36): App/Livewire/ImageManager->_startUpload('imagen', Array, false)
#19 C:/Users/EMANUELCLEMENTEMARTI/Downloads/sistema hotel/vendor/laravel/framework/src/Illuminate/Container/Util.php(43): Illuminate/Container/BoundMethod::{closure:Illuminate/Container/BoundMethod::call():35}()
#20 C:/Users/EMANUELCLEMENTEMARTI/Downloads/sistema hotel/vendor/laravel/framework/src/Illuminate/Container/BoundMethod.php(96): Illuminate/Container/Util::unwrapIfClosure(Object(Closure))
#21 C:/Users/EMANUELCLEMENTEMARTI/Downloads/sistema hotel/vendor/laravel/framework/src/Illuminate/Container/BoundMethod.php(35): Illuminate/Container/BoundMethod::callBoundMethod(Object(Illuminate/Foundation/Application), Array, Object(Closure))
#22 C:/Users/EMANUELCLEMENTEMARTI/Downloads/sistema hotel/vendor/livewire/livewire/src/Wrapped.php(23): Illuminate/Container/BoundMethod::call(Object(Illuminate/Foundation/Application), Array, Array)
#23 C:/Users/EMANUELCLEMENTEMARTI/Downloads/sistema hotel/vendor/livewire/livewire/src/Mechanisms/HandleComponents/HandleComponents.php(492): Livewire/Wrapped->__call('_startUpload', Array)
#24 C:/Users/EMANUELCLEMENTEMARTI/Downloads/sistema hotel/vendor/livewire/livewire/src/Mechanisms/HandleComponents/HandleComponents.php(101): Livewire/Mechanisms/HandleComponents/HandleComponents->callMethods(Object(App/Livewire/ImageManager), Array, Object(Livewire/Mechanisms/HandleComponents/ComponentContext))
#25 C:/Users/EMANUELCLEMENTEMARTI/Downloads/sistema hotel/vendor/livewire/livewire/src/LivewireManager.php(102): Livewire/Mechanisms/HandleComponents/HandleComponents->update(Array, Array, Array)
#26 C:/Users/EMANUELCLEMENTEMARTI/Downloads/sistema hotel/vendor/livewire/livewire/src/Mechanisms/HandleRequests/HandleRequests.php(131): Livewire/LivewireManager->update(Array, Array, Array)
#27 C:/Users/EMANUELCLEMENTEMARTI/Downloads/sistema hotel/vendor/laravel/framework/src/Illuminate/Routing/ControllerDispatcher.php(46): Livewire/Mechanisms/HandleRequests/HandleRequests->handleUpdate()
#28 C:/Users/EMANUELCLEMENTEMARTI/Downloads/sistema hotel/vendor/laravel/framework/src/Illuminate/Routing/Route.php(265): Illuminate/Routing/ControllerDispatcher->dispatch(Object(Illuminate/Routing/Route), Object(Livewire/Mechanisms/HandleRequests/HandleRequests), 'handleUpdate')
#29 C:/Users/EMANUELCLEMENTEMARTI/Downloads/sistema hotel/vendor/laravel/framework/src/Illuminate/Routing/Route.php(211): Illuminate/Routing/Route->runController()
#30 C:/Users/EMANUELCLEMENTEMARTI/Downloads/sistema hotel/vendor/laravel/framework/src/Illuminate/Routing/Router.php(822): Illuminate/Routing/Route->run()
#31 C:/Users/EMANUELCLEMENTEMARTI/Downloads/sistema hotel/vendor/laravel/framework/src/Illuminate/Pipeline/Pipeline.php(180): Illuminate/Routing/Router->{closure:Illuminate/Routing/Router::runRouteWithinStack():821}(Object(Illuminate/Http/Request))
#32 C:/Users/EMANUELCLEMENTEMARTI/Downloads/sistema hotel/vendor/laravel/framework/src/Illuminate/Routing/Middleware/SubstituteBindings.php(50): Illuminate/Pipeline/Pipeline->{closure:Illuminate/Pipeline/Pipeline::prepareDestination():178}(Object(Illuminate/Http/Request))
#33 C:/Users/EMANUELCLEMENTEMARTI/Downloads/sistema hotel/vendor/laravel/framework/src/Illuminate/Pipeline/Pipeline.php(219): Illuminate/Routing/Middleware/SubstituteBindings->handle(Object(Illuminate/Http/Request), Object(Closure))
#34 C:/Users/EMANUELCLEMENTEMARTI/Downloads/sistema hotel/vendor/laravel/framework/src/Illuminate/Foundation/Http/Middleware/VerifyCsrfToken.php(87): Illuminate/Pipeline/Pipeline->{closure:{closure:Illuminate/Pipeline/Pipeline::carry():194}:195}(Object(Illuminate/Http/Request))
#35 C:/Users/EMANUELCLEMENTEMARTI/Downloads/sistema hotel/vendor/laravel/framework/src/Illuminate/Pipeline/Pipeline.php(219): Illuminate/Foundation/Http/Middleware/VerifyCsrfToken->handle(Object(Illuminate/Http/Request), Object(Closure))
#36 C:/Users/EMANUELCLEMENTEMARTI/Downloads/sistema hotel/vendor/laravel/framework/src/Illuminate/View/Middleware/ShareErrorsFromSession.php(48): Illuminate/Pipeline/Pipeline->{closure:{closure:Illuminate/Pipeline/Pipeline::carry():194}:195}(Object(Illuminate/Http/Request))
#37 C:/Users/EMANUELCLEMENTEMARTI/Downloads/sistema hotel/vendor/laravel/framework/src/Illuminate/Pipeline/Pipeline.php(219): Illuminate/View/Middleware/ShareErrorsFromSession->handle(Object(Illuminate/Http/Request), Object(Closure))
#38 C:/Users/EMANUELCLEMENTEMARTI/Downloads/sistema hotel/vendor/laravel/framework/src/Illuminate/Session/Middleware/StartSession.php(120): Illuminate/Pipeline/Pipeline->{closure:{closure:Illuminate/Pipeline/Pipeline::carry():194}:195}(Object(Illuminate/Http/Request))
#39 C:/Users/EMANUELCLEMENTEMARTI/Downloads/sistema hotel/vendor/laravel/framework/src/Illuminate/Session/Middleware/StartSession.php(63): Illuminate/Session/Middleware/StartSession->handleStatefulRequest(Object(Illuminate/Http/Request), Object(Illuminate/Session/Store), Object(Closure))
#40 C:/Users/EMANUELCLEMENTEMARTI/Downloads/sistema hotel/vendor/laravel/framework/src/Illuminate/Pipeline/Pipeline.php(219): Illuminate/Session/Middleware/StartSession->handle(Object(Illuminate/Http/Request), Object(Closure))
#41 C:/Users/EMANUELCLEMENTEMARTI/Downloads/sistema hotel/vendor/laravel/framework/src/Illuminate/Cookie/Middleware/AddQueuedCookiesToResponse.php(36): Illuminate/Pipeline/Pipeline->{closure:{closure:Illuminate/Pipeline/Pipeline::carry():194}:195}(Object(Illuminate/Http/Request))
#42 C:/Users/EMANUELCLEMENTEMARTI/Downloads/sistema hotel/vendor/laravel/framework/src/Illuminate/Pipeline/Pipeline.php(219): Illuminate/Cookie/Middleware/AddQueuedCookiesToResponse->handle(Object(Illuminate/Http/Request), Object(Closure))
#43 C:/Users/EMANUELCLEMENTEMARTI/Downloads/sistema hotel/vendor/laravel/framework/src/Illuminate/Cookie/Middleware/EncryptCookies.php(74): Illuminate/Pipeline/Pipeline->{closure:{closure:Illuminate/Pipeline/Pipeline::carry():194}:195}(Object(Illuminate/Http/Request))
#44 C:/Users/EMANUELCLEMENTEMARTI/Downloads/sistema hotel/vendor/laravel/framework/src/Illuminate/Pipeline/Pipeline.php(219): Illuminate/Cookie/Middleware/EncryptCookies->handle(Object(Illuminate/Http/Request), Object(Closure))
#45 C:/Users/EMANUELCLEMENTEMARTI/Downloads/sistema hotel/vendor/laravel/framework/src/Illuminate/Pipeline/Pipeline.php(137): Illuminate/Pipeline/Pipeline->{closure:{closure:Illuminate/Pipeline/Pipeline::carry():194}:195}(Object(Illuminate/Http/Request))
#46 C:/Users/EMANUELCLEMENTEMARTI/Downloads/sistema hotel/vendor/laravel/framework/src/Illuminate/Routing/Router.php(821): Illuminate/Pipeline/Pipeline->then(Object(Closure))
#47 C:/Users/EMANUELCLEMENTEMARTI/Downloads/sistema hotel/vendor/laravel/framework/src/Illuminate/Routing/Router.php(800): Illuminate/Routing/Router->runRouteWithinStack(Object(Illuminate/Routing/Route), Object(Illuminate/Http/Request))
#48 C:/Users/EMANUELCLEMENTEMARTI/Downloads/sistema hotel/vendor/laravel/framework/src/Illuminate/Routing/Router.php(764): Illuminate/Routing/Router->runRoute(Object(Illuminate/Http/Request), Object(Illuminate/Routing/Route))
#49 C:/Users/EMANUELCLEMENTEMARTI/Downloads/sistema hotel/vendor/laravel/framework/src/Illuminate/Routing/Router.php(753): Illuminate/Routing/Router->dispatchToRoute(Object(Illuminate/Http/Request))
#50 C:/Users/EMANUELCLEMENTEMARTI/Downloads/sistema hotel/vendor/laravel/framework/src/Illuminate/Foundation/Http/Kernel.php(200): Illuminate/Routing/Router->dispatch(Object(Illuminate/Http/Request))
#51 C:/Users/EMANUELCLEMENTEMARTI/Downloads/sistema hotel/vendor/laravel/framework/src/Illuminate/Pipeline/Pipeline.php(180): Illuminate/Foundation/Http/Kernel->{closure:Illuminate/Foundation/Http/Kernel::dispatchToRouter():197}(Object(Illuminate/Http/Request))
#52 C:/Users/EMANUELCLEMENTEMARTI/Downloads/sistema hotel/vendor/livewire/livewire/src/Features/SupportDisablingBackButtonCache/DisableBackButtonCacheMiddleware.php(19): Illuminate/Pipeline/Pipeline->{closure:Illuminate/Pipeline/Pipeline::prepareDestination():178}(Object(Illuminate/Http/Request))
#53 C:/Users/EMANUELCLEMENTEMARTI/Downloads/sistema hotel/vendor/laravel/framework/src/Illuminate/Pipeline/Pipeline.php(219): Livewire/Features/SupportDisablingBackButtonCache/DisableBackButtonCacheMiddleware->handle(Object(Illuminate/Http/Request), Object(Closure))
#54 C:/Users/EMANUELCLEMENTEMARTI/Downloads/sistema hotel/vendor/laravel/framework/src/Illuminate/Foundation/Http/Middleware/ConvertEmptyStringsToNull.php(27): Illuminate/Pipeline/Pipeline->{closure:{closure:Illuminate/Pipeline/Pipeline::carry():194}:195}(Object(Illuminate/Http/Request))
#55 C:/Users/EMANUELCLEMENTEMARTI/Downloads/sistema hotel/vendor/laravel/framework/src/Illuminate/Pipeline/Pipeline.php(219): Illuminate/Foundation/Http/Middleware/ConvertEmptyStringsToNull->handle(Object(Illuminate/Http/Request), Object(Closure))
#56 C:/Users/EMANUELCLEMENTEMARTI/Downloads/sistema hotel/vendor/laravel/framework/src/Illuminate/Foundation/Http/Middleware/TrimStrings.php(47): Illuminate/Pipeline/Pipeline->{closure:{closure:Illuminate/Pipeline/Pipeline::carry():194}:195}(Object(Illuminate/Http/Request))
#57 C:/Users/EMANUELCLEMENTEMARTI/Downloads/sistema hotel/vendor/laravel/framework/src/Illuminate/Pipeline/Pipeline.php(219): Illuminate/Foundation/Http/Middleware/TrimStrings->handle(Object(Illuminate/Http/Request), Object(Closure))
#58 C:/Users/EMANUELCLEMENTEMARTI/Downloads/sistema hotel/vendor/laravel/framework/src/Illuminate/Http/Middleware/ValidatePostSize.php(27): Illuminate/Pipeline/Pipeline->{closure:{closure:Illuminate/Pipeline/Pipeline::carry():194}:195}(Object(Illuminate/Http/Request))
#59 C:/Users/EMANUELCLEMENTEMARTI/Downloads/sistema hotel/vendor/laravel/framework/src/Illuminate/Pipeline/Pipeline.php(219): Illuminate/Http/Middleware/ValidatePostSize->handle(Object(Illuminate/Http/Request), Object(Closure))
#60 C:/Users/EMANUELCLEMENTEMARTI/Downloads/sistema hotel/vendor/laravel/framework/src/Illuminate/Foundation/Http/Middleware/PreventRequestsDuringMaintenance.php(109): Illuminate/Pipeline/Pipeline->{closure:{closure:Illuminate/Pipeline/Pipeline::carry():194}:195}(Object(Illuminate/Http/Request))
#61 C:/Users/EMANUELCLEMENTEMARTI/Downloads/sistema hotel/vendor/laravel/framework/src/Illuminate/Pipeline/Pipeline.php(219): Illuminate/Foundation/Http/Middleware/PreventRequestsDuringMaintenance->handle(Object(Illuminate/Http/Request), Object(Closure))
#62 C:/Users/EMANUELCLEMENTEMARTI/Downloads/sistema hotel/vendor/laravel/framework/src/Illuminate/Http/Middleware/HandleCors.php(61): Illuminate/Pipeline/Pipeline->{closure:{closure:Illuminate/Pipeline/Pipeline::carry():194}:195}(Object(Illuminate/Http/Request))
#63 C:/Users/EMANUELCLEMENTEMARTI/Downloads/sistema hotel/vendor/laravel/framework/src/Illuminate/Pipeline/Pipeline.php(219): Illuminate/Http/Middleware/HandleCors->handle(Object(Illuminate/Http/Request), Object(Closure))
#64 C:/Users/EMANUELCLEMENTEMARTI/Downloads/sistema hotel/vendor/laravel/framework/src/Illuminate/Http/Middleware/TrustProxies.php(58): Illuminate/Pipeline/Pipeline->{closure:{closure:Illuminate/Pipeline/Pipeline::carry():194}:195}(Object(Illuminate/Http/Request))
#65 C:/Users/EMANUELCLEMENTEMARTI/Downloads/sistema hotel/vendor/laravel/framework/src/Illuminate/Pipeline/Pipeline.php(219): Illuminate/Http/Middleware/TrustProxies->handle(Object(Illuminate/Http/Request), Object(Closure))
#66 C:/Users/EMANUELCLEMENTEMARTI/Downloads/sistema hotel/vendor/laravel/framework/src/Illuminate/Foundation/Http/Middleware/InvokeDeferredCallbacks.php(22): Illuminate/Pipeline/Pipeline->{closure:{closure:Illuminate/Pipeline/Pipeline::carry():194}:195}(Object(Illuminate/Http/Request))
#67 C:/Users/EMANUELCLEMENTEMARTI/Downloads/sistema hotel/vendor/laravel/framework/src/Illuminate/Pipeline/Pipeline.php(219): Illuminate/Foundation/Http/Middleware/InvokeDeferredCallbacks->handle(Object(Illuminate/Http/Request), Object(Closure))
#68 C:/Users/EMANUELCLEMENTEMARTI/Downloads/sistema hotel/vendor/laravel/framework/src/Illuminate/Http/Middleware/ValidatePathEncoding.php(26): Illuminate/Pipeline/Pipeline->{closure:{closure:Illuminate/Pipeline/Pipeline::carry():194}:195}(Object(Illuminate/Http/Request))
#69 C:/Users/EMANUELCLEMENTEMARTI/Downloads/sistema hotel/vendor/laravel/framework/src/Illuminate/Pipeline/Pipeline.php(219): Illuminate/Http/Middleware/ValidatePathEncoding->handle(Object(Illuminate/Http/Request), Object(Closure))
#70 C:/Users/EMANUELCLEMENTEMARTI/Downloads/sistema hotel/vendor/laravel/framework/src/Illuminate/Pipeline/Pipeline.php(137): Illuminate/Pipeline/Pipeline->{closure:{closure:Illuminate/Pipeline/Pipeline::carry():194}:195}(Object(Illuminate/Http/Request))
#71 C:/Users/EMANUELCLEMENTEMARTI/Downloads/sistema hotel/vendor/laravel/framework/src/Illuminate/Foundation/Http/Kernel.php(175): Illuminate/Pipeline/Pipeline->then(Object(Closure))
#72 C:/Users/EMANUELCLEMENTEMARTI/Downloads/sistema hotel/vendor/laravel/framework/src/Illuminate/Foundation/Http/Kernel.php(144): Illuminate/Foundation/Http/Kernel->sendRequestThroughRouter(Object(Illuminate/Http/Request))
#73 C:/Users/EMANUELCLEMENTEMARTI/Downloads/sistema hotel/vendor/laravel/framework/src/Illuminate/Foundation/Application.php(1220): Illuminate/Foundation/Http/Kernel->handle(Object(Illuminate/Http/Request))
#74 C:/Users/EMANUELCLEMENTEMARTI/Downloads/sistema hotel/public/index.php(17): Illuminate/Foundation/Application->handleRequest(Object(Illuminate/Http/Request))
#75 C:/Users/EMANUELCLEMENTEMARTI/Downloads/sistema hotel/vendor/laravel/framework/src/Illuminate/Foundation/resources/server.php(23): require_once('C://Users//EMANUE...')
#76 {main}
"} 
[2026-03-31 17:35:27] laravel.WARNING: League\Flysystem\AwsS3V3\AwsS3V3Adapter::__construct(): Implicitly marking parameter $mimeTypeDetector as nullable is deprecated, the explicit nullable type must be used instead in C:\Users\EMANUELCLEMENTEMARTI\Downloads\sistema hotel\vendor\league\flysystem-aws-s3-v3\AwsS3V3Adapter.php on line 0  
[2026-03-31 17:35:27] laravel.EMERGENCY: Unable to create configured logger. Using emergency logger. {"exception":"[object] (InvalidArgumentException(code: 0): Driver [null] is not supported. at C:/Users/EMANUELCLEMENTEMARTI/Downloads/sistema hotel/vendor/laravel/framework/src/Illuminate/Log/LogManager.php:235)
[stacktrace]
#0 C:/Users/EMANUELCLEMENTEMARTI/Downloads/sistema hotel/vendor/laravel/framework/src/Illuminate/Log/LogManager.php(138): Illuminate/Log/LogManager->resolve('deprecations', Array)
#1 C:/Users/EMANUELCLEMENTEMARTI/Downloads/sistema hotel/vendor/laravel/framework/src/Illuminate/Log/LogManager.php(125): Illuminate/Log/LogManager->get('deprecations')
#2 C:/Users/EMANUELCLEMENTEMARTI/Downloads/sistema hotel/vendor/laravel/framework/src/Illuminate/Log/LogManager.php(114): Illuminate/Log/LogManager->driver('deprecations')
#3 C:/Users/EMANUELCLEMENTEMARTI/Downloads/sistema hotel/vendor/laravel/framework/src/Illuminate/Foundation/Bootstrap/HandleExceptions.php(105): Illuminate/Log/LogManager->channel('deprecations')
#4 C:/Users/EMANUELCLEMENTEMARTI/Downloads/sistema hotel/vendor/laravel/framework/src/Illuminate/Foundation/Bootstrap/HandleExceptions.php(74): Illuminate/Foundation/Bootstrap/HandleExceptions->handleDeprecationError('League//Flysyste...', 'C://Users//EMANUE...', 295, 8192)
#5 C:/Users/EMANUELCLEMENTEMARTI/Downloads/sistema hotel/vendor/laravel/framework/src/Illuminate/Foundation/Bootstrap/HandleExceptions.php(258): Illuminate/Foundation/Bootstrap/HandleExceptions->handleError(8192, 'League//Flysyste...', 'C://Users//EMANUE...', 295)
#6 C:/Users/EMANUELCLEMENTEMARTI/Downloads/sistema hotel/vendor/composer/ClassLoader.php(576): Illuminate/Foundation/Bootstrap/HandleExceptions->{closure:Illuminate/Foundation/Bootstrap/HandleExceptions::forwardsTo():257}(8192, 'League//Flysyste...', 'C://Users//EMANUE...', 295)
#7 C:/Users/EMANUELCLEMENTEMARTI/Downloads/sistema hotel/vendor/composer/ClassLoader.php(576): include('C://Users//EMANUE...')
#8 C:/Users/EMANUELCLEMENTEMARTI/Downloads/sistema hotel/vendor/composer/ClassLoader.php(427): {closure:Composer/Autoload/ClassLoader::initializeIncludeClosure():575}('C://Users//EMANUE...')
#9 C:/Users/EMANUELCLEMENTEMARTI/Downloads/sistema hotel/vendor/laravel/framework/src/Illuminate/Filesystem/FilesystemManager.php(257): Composer/Autoload/ClassLoader->loadClass('League//Flysyste...')
#10 C:/Users/EMANUELCLEMENTEMARTI/Downloads/sistema hotel/vendor/laravel/framework/src/Illuminate/Filesystem/FilesystemManager.php(153): Illuminate/Filesystem/FilesystemManager->createS3Driver(Array, 'supabase')
#11 C:/Users/EMANUELCLEMENTEMARTI/Downloads/sistema hotel/vendor/laravel/framework/src/Illuminate/Filesystem/FilesystemManager.php(121): Illuminate/Filesystem/FilesystemManager->resolve('supabase')
#12 C:/Users/EMANUELCLEMENTEMARTI/Downloads/sistema hotel/vendor/laravel/framework/src/Illuminate/Filesystem/FilesystemManager.php(84): Illuminate/Filesystem/FilesystemManager->get('supabase')
#13 C:/Users/EMANUELCLEMENTEMARTI/Downloads/sistema hotel/vendor/laravel/framework/src/Illuminate/Support/Facades/Facade.php(363): Illuminate/Filesystem/FilesystemManager->disk('supabase')
#14 C:/Users/EMANUELCLEMENTEMARTI/Downloads/sistema hotel/vendor/livewire/livewire/src/Features/SupportFileUploads/FileUploadConfiguration.php(27): Illuminate/Support/Facades/Facade::__callStatic('disk', Array)
#15 C:/Users/EMANUELCLEMENTEMARTI/Downloads/sistema hotel/vendor/livewire/livewire/src/Features/SupportFileUploads/GenerateSignedUploadUrl.php(20): Livewire/Features/SupportFileUploads/FileUploadConfiguration::storage()
#16 C:/Users/EMANUELCLEMENTEMARTI/Downloads/sistema hotel/vendor/laravel/framework/src/Illuminate/Support/Facades/Facade.php(363): Livewire/Features/SupportFileUploads/GenerateSignedUploadUrl->forS3(Object(Illuminate/Http/Testing/File))
#17 C:/Users/EMANUELCLEMENTEMARTI/Downloads/sistema hotel/vendor/livewire/livewire/src/Features/SupportFileUploads/WithFileUploads.php(20): Illuminate/Support/Facades/Facade::__callStatic('forS3', Array)
#18 C:/Users/EMANUELCLEMENTEMARTI/Downloads/sistema hotel/vendor/laravel/framework/src/Illuminate/Container/BoundMethod.php(36): App/Livewire/ImageManager->_startUpload('imagen', Array, false)
#19 C:/Users/EMANUELCLEMENTEMARTI/Downloads/sistema hotel/vendor/laravel/framework/src/Illuminate/Container/Util.php(43): Illuminate/Container/BoundMethod::{closure:Illuminate/Container/BoundMethod::call():35}()
#20 C:/Users/EMANUELCLEMENTEMARTI/Downloads/sistema hotel/vendor/laravel/framework/src/Illuminate/Container/BoundMethod.php(96): Illuminate/Container/Util::unwrapIfClosure(Object(Closure))
#21 C:/Users/EMANUELCLEMENTEMARTI/Downloads/sistema hotel/vendor/laravel/framework/src/Illuminate/Container/BoundMethod.php(35): Illuminate/Container/BoundMethod::callBoundMethod(Object(Illuminate/Foundation/Application), Array, Object(Closure))
#22 C:/Users/EMANUELCLEMENTEMARTI/Downloads/sistema hotel/vendor/livewire/livewire/src/Wrapped.php(23): Illuminate/Container/BoundMethod::call(Object(Illuminate/Foundation/Application), Array, Array)
#23 C:/Users/EMANUELCLEMENTEMARTI/Downloads/sistema hotel/vendor/livewire/livewire/src/Mechanisms/HandleComponents/HandleComponents.php(492): Livewire/Wrapped->__call('_startUpload', Array)
#24 C:/Users/EMANUELCLEMENTEMARTI/Downloads/sistema hotel/vendor/livewire/livewire/src/Mechanisms/HandleComponents/HandleComponents.php(101): Livewire/Mechanisms/HandleComponents/HandleComponents->callMethods(Object(App/Livewire/ImageManager), Array, Object(Livewire/Mechanisms/HandleComponents/ComponentContext))
#25 C:/Users/EMANUELCLEMENTEMARTI/Downloads/sistema hotel/vendor/livewire/livewire/src/LivewireManager.php(102): Livewire/Mechanisms/HandleComponents/HandleComponents->update(Array, Array, Array)
#26 C:/Users/EMANUELCLEMENTEMARTI/Downloads/sistema hotel/vendor/livewire/livewire/src/Mechanisms/HandleRequests/HandleRequests.php(131): Livewire/LivewireManager->update(Array, Array, Array)
#27 C:/Users/EMANUELCLEMENTEMARTI/Downloads/sistema hotel/vendor/laravel/framework/src/Illuminate/Routing/ControllerDispatcher.php(46): Livewire/Mechanisms/HandleRequests/HandleRequests->handleUpdate()
#28 C:/Users/EMANUELCLEMENTEMARTI/Downloads/sistema hotel/vendor/laravel/framework/src/Illuminate/Routing/Route.php(265): Illuminate/Routing/ControllerDispatcher->dispatch(Object(Illuminate/Routing/Route), Object(Livewire/Mechanisms/HandleRequests/HandleRequests), 'handleUpdate')
#29 C:/Users/EMANUELCLEMENTEMARTI/Downloads/sistema hotel/vendor/laravel/framework/src/Illuminate/Routing/Route.php(211): Illuminate/Routing/Route->runController()
#30 C:/Users/EMANUELCLEMENTEMARTI/Downloads/sistema hotel/vendor/laravel/framework/src/Illuminate/Routing/Router.php(822): Illuminate/Routing/Route->run()
#31 C:/Users/EMANUELCLEMENTEMARTI/Downloads/sistema hotel/vendor/laravel/framework/src/Illuminate/Pipeline/Pipeline.php(180): Illuminate/Routing/Router->{closure:Illuminate/Routing/Router::runRouteWithinStack():821}(Object(Illuminate/Http/Request))
#32 C:/Users/EMANUELCLEMENTEMARTI/Downloads/sistema hotel/vendor/laravel/framework/src/Illuminate/Routing/Middleware/SubstituteBindings.php(50): Illuminate/Pipeline/Pipeline->{closure:Illuminate/Pipeline/Pipeline::prepareDestination():178}(Object(Illuminate/Http/Request))
#33 C:/Users/EMANUELCLEMENTEMARTI/Downloads/sistema hotel/vendor/laravel/framework/src/Illuminate/Pipeline/Pipeline.php(219): Illuminate/Routing/Middleware/SubstituteBindings->handle(Object(Illuminate/Http/Request), Object(Closure))
#34 C:/Users/EMANUELCLEMENTEMARTI/Downloads/sistema hotel/vendor/laravel/framework/src/Illuminate/Foundation/Http/Middleware/VerifyCsrfToken.php(87): Illuminate/Pipeline/Pipeline->{closure:{closure:Illuminate/Pipeline/Pipeline::carry():194}:195}(Object(Illuminate/Http/Request))
#35 C:/Users/EMANUELCLEMENTEMARTI/Downloads/sistema hotel/vendor/laravel/framework/src/Illuminate/Pipeline/Pipeline.php(219): Illuminate/Foundation/Http/Middleware/VerifyCsrfToken->handle(Object(Illuminate/Http/Request), Object(Closure))
#36 C:/Users/EMANUELCLEMENTEMARTI/Downloads/sistema hotel/vendor/laravel/framework/src/Illuminate/View/Middleware/ShareErrorsFromSession.php(48): Illuminate/Pipeline/Pipeline->{closure:{closure:Illuminate/Pipeline/Pipeline::carry():194}:195}(Object(Illuminate/Http/Request))
#37 C:/Users/EMANUELCLEMENTEMARTI/Downloads/sistema hotel/vendor/laravel/framework/src/Illuminate/Pipeline/Pipeline.php(219): Illuminate/View/Middleware/ShareErrorsFromSession->handle(Object(Illuminate/Http/Request), Object(Closure))
#38 C:/Users/EMANUELCLEMENTEMARTI/Downloads/sistema hotel/vendor/laravel/framework/src/Illuminate/Session/Middleware/StartSession.php(120): Illuminate/Pipeline/Pipeline->{closure:{closure:Illuminate/Pipeline/Pipeline::carry():194}:195}(Object(Illuminate/Http/Request))
#39 C:/Users/EMANUELCLEMENTEMARTI/Downloads/sistema hotel/vendor/laravel/framework/src/Illuminate/Session/Middleware/StartSession.php(63): Illuminate/Session/Middleware/StartSession->handleStatefulRequest(Object(Illuminate/Http/Request), Object(Illuminate/Session/Store), Object(Closure))
#40 C:/Users/EMANUELCLEMENTEMARTI/Downloads/sistema hotel/vendor/laravel/framework/src/Illuminate/Pipeline/Pipeline.php(219): Illuminate/Session/Middleware/StartSession->handle(Object(Illuminate/Http/Request), Object(Closure))
#41 C:/Users/EMANUELCLEMENTEMARTI/Downloads/sistema hotel/vendor/laravel/framework/src/Illuminate/Cookie/Middleware/AddQueuedCookiesToResponse.php(36): Illuminate/Pipeline/Pipeline->{closure:{closure:Illuminate/Pipeline/Pipeline::carry():194}:195}(Object(Illuminate/Http/Request))
#42 C:/Users/EMANUELCLEMENTEMARTI/Downloads/sistema hotel/vendor/laravel/framework/src/Illuminate/Pipeline/Pipeline.php(219): Illuminate/Cookie/Middleware/AddQueuedCookiesToResponse->handle(Object(Illuminate/Http/Request), Object(Closure))
#43 C:/Users/EMANUELCLEMENTEMARTI/Downloads/sistema hotel/vendor/laravel/framework/src/Illuminate/Cookie/Middleware/EncryptCookies.php(74): Illuminate/Pipeline/Pipeline->{closure:{closure:Illuminate/Pipeline/Pipeline::carry():194}:195}(Object(Illuminate/Http/Request))
#44 C:/Users/EMANUELCLEMENTEMARTI/Downloads/sistema hotel/vendor/laravel/framework/src/Illuminate/Pipeline/Pipeline.php(219): Illuminate/Cookie/Middleware/EncryptCookies->handle(Object(Illuminate/Http/Request), Object(Closure))
#45 C:/Users/EMANUELCLEMENTEMARTI/Downloads/sistema hotel/vendor/laravel/framework/src/Illuminate/Pipeline/Pipeline.php(137): Illuminate/Pipeline/Pipeline->{closure:{closure:Illuminate/Pipeline/Pipeline::carry():194}:195}(Object(Illuminate/Http/Request))
#46 C:/Users/EMANUELCLEMENTEMARTI/Downloads/sistema hotel/vendor/laravel/framework/src/Illuminate/Routing/Router.php(821): Illuminate/Pipeline/Pipeline->then(Object(Closure))
#47 C:/Users/EMANUELCLEMENTEMARTI/Downloads/sistema hotel/vendor/laravel/framework/src/Illuminate/Routing/Router.php(800): Illuminate/Routing/Router->runRouteWithinStack(Object(Illuminate/Routing/Route), Object(Illuminate/Http/Request))
#48 C:/Users/EMANUELCLEMENTEMARTI/Downloads/sistema hotel/vendor/laravel/framework/src/Illuminate/Routing/Router.php(764): Illuminate/Routing/Router->runRoute(Object(Illuminate/Http/Request), Object(Illuminate/Routing/Route))
#49 C:/Users/EMANUELCLEMENTEMARTI/Downloads/sistema hotel/vendor/laravel/framework/src/Illuminate/Routing/Router.php(753): Illuminate/Routing/Router->dispatchToRoute(Object(Illuminate/Http/Request))
#50 C:/Users/EMANUELCLEMENTEMARTI/Downloads/sistema hotel/vendor/laravel/framework/src/Illuminate/Foundation/Http/Kernel.php(200): Illuminate/Routing/Router->dispatch(Object(Illuminate/Http/Request))
#51 C:/Users/EMANUELCLEMENTEMARTI/Downloads/sistema hotel/vendor/laravel/framework/src/Illuminate/Pipeline/Pipeline.php(180): Illuminate/Foundation/Http/Kernel->{closure:Illuminate/Foundation/Http/Kernel::dispatchToRouter():197}(Object(Illuminate/Http/Request))
#52 C:/Users/EMANUELCLEMENTEMARTI/Downloads/sistema hotel/vendor/livewire/livewire/src/Features/SupportDisablingBackButtonCache/DisableBackButtonCacheMiddleware.php(19): Illuminate/Pipeline/Pipeline->{closure:Illuminate/Pipeline/Pipeline::prepareDestination():178}(Object(Illuminate/Http/Request))
#53 C:/Users/EMANUELCLEMENTEMARTI/Downloads/sistema hotel/vendor/laravel/framework/src/Illuminate/Pipeline/Pipeline.php(219): Livewire/Features/SupportDisablingBackButtonCache/DisableBackButtonCacheMiddleware->handle(Object(Illuminate/Http/Request), Object(Closure))
#54 C:/Users/EMANUELCLEMENTEMARTI/Downloads/sistema hotel/vendor/laravel/framework/src/Illuminate/Foundation/Http/Middleware/ConvertEmptyStringsToNull.php(27): Illuminate/Pipeline/Pipeline->{closure:{closure:Illuminate/Pipeline/Pipeline::carry():194}:195}(Object(Illuminate/Http/Request))
#55 C:/Users/EMANUELCLEMENTEMARTI/Downloads/sistema hotel/vendor/laravel/framework/src/Illuminate/Pipeline/Pipeline.php(219): Illuminate/Foundation/Http/Middleware/ConvertEmptyStringsToNull->handle(Object(Illuminate/Http/Request), Object(Closure))
#56 C:/Users/EMANUELCLEMENTEMARTI/Downloads/sistema hotel/vendor/laravel/framework/src/Illuminate/Foundation/Http/Middleware/TrimStrings.php(47): Illuminate/Pipeline/Pipeline->{closure:{closure:Illuminate/Pipeline/Pipeline::carry():194}:195}(Object(Illuminate/Http/Request))
#57 C:/Users/EMANUELCLEMENTEMARTI/Downloads/sistema hotel/vendor/laravel/framework/src/Illuminate/Pipeline/Pipeline.php(219): Illuminate/Foundation/Http/Middleware/TrimStrings->handle(Object(Illuminate/Http/Request), Object(Closure))
#58 C:/Users/EMANUELCLEMENTEMARTI/Downloads/sistema hotel/vendor/laravel/framework/src/Illuminate/Http/Middleware/ValidatePostSize.php(27): Illuminate/Pipeline/Pipeline->{closure:{closure:Illuminate/Pipeline/Pipeline::carry():194}:195}(Object(Illuminate/Http/Request))
#59 C:/Users/EMANUELCLEMENTEMARTI/Downloads/sistema hotel/vendor/laravel/framework/src/Illuminate/Pipeline/Pipeline.php(219): Illuminate/Http/Middleware/ValidatePostSize->handle(Object(Illuminate/Http/Request), Object(Closure))
#60 C:/Users/EMANUELCLEMENTEMARTI/Downloads/sistema hotel/vendor/laravel/framework/src/Illuminate/Foundation/Http/Middleware/PreventRequestsDuringMaintenance.php(109): Illuminate/Pipeline/Pipeline->{closure:{closure:Illuminate/Pipeline/Pipeline::carry():194}:195}(Object(Illuminate/Http/Request))
#61 C:/Users/EMANUELCLEMENTEMARTI/Downloads/sistema hotel/vendor/laravel/framework/src/Illuminate/Pipeline/Pipeline.php(219): Illuminate/Foundation/Http/Middleware/PreventRequestsDuringMaintenance->handle(Object(Illuminate/Http/Request), Object(Closure))
#62 C:/Users/EMANUELCLEMENTEMARTI/Downloads/sistema hotel/vendor/laravel/framework/src/Illuminate/Http/Middleware/HandleCors.php(61): Illuminate/Pipeline/Pipeline->{closure:{closure:Illuminate/Pipeline/Pipeline::carry():194}:195}(Object(Illuminate/Http/Request))
#63 C:/Users/EMANUELCLEMENTEMARTI/Downloads/sistema hotel/vendor/laravel/framework/src/Illuminate/Pipeline/Pipeline.php(219): Illuminate/Http/Middleware/HandleCors->handle(Object(Illuminate/Http/Request), Object(Closure))
#64 C:/Users/EMANUELCLEMENTEMARTI/Downloads/sistema hotel/vendor/laravel/framework/src/Illuminate/Http/Middleware/TrustProxies.php(58): Illuminate/Pipeline/Pipeline->{closure:{closure:Illuminate/Pipeline/Pipeline::carry():194}:195}(Object(Illuminate/Http/Request))
#65 C:/Users/EMANUELCLEMENTEMARTI/Downloads/sistema hotel/vendor/laravel/framework/src/Illuminate/Pipeline/Pipeline.php(219): Illuminate/Http/Middleware/TrustProxies->handle(Object(Illuminate/Http/Request), Object(Closure))
#66 C:/Users/EMANUELCLEMENTEMARTI/Downloads/sistema hotel/vendor/laravel/framework/src/Illuminate/Foundation/Http/Middleware/InvokeDeferredCallbacks.php(22): Illuminate/Pipeline/Pipeline->{closure:{closure:Illuminate/Pipeline/Pipeline::carry():194}:195}(Object(Illuminate/Http/Request))
#67 C:/Users/EMANUELCLEMENTEMARTI/Downloads/sistema hotel/vendor/laravel/framework/src/Illuminate/Pipeline/Pipeline.php(219): Illuminate/Foundation/Http/Middleware/InvokeDeferredCallbacks->handle(Object(Illuminate/Http/Request), Object(Closure))
#68 C:/Users/EMANUELCLEMENTEMARTI/Downloads/sistema hotel/vendor/laravel/framework/src/Illuminate/Http/Middleware/ValidatePathEncoding.php(26): Illuminate/Pipeline/Pipeline->{closure:{closure:Illuminate/Pipeline/Pipeline::carry():194}:195}(Object(Illuminate/Http/Request))
#69 C:/Users/EMANUELCLEMENTEMARTI/Downloads/sistema hotel/vendor/laravel/framework/src/Illuminate/Pipeline/Pipeline.php(219): Illuminate/Http/Middleware/ValidatePathEncoding->handle(Object(Illuminate/Http/Request), Object(Closure))
#70 C:/Users/EMANUELCLEMENTEMARTI/Downloads/sistema hotel/vendor/laravel/framework/src/Illuminate/Pipeline/Pipeline.php(137): Illuminate/Pipeline/Pipeline->{closure:{closure:Illuminate/Pipeline/Pipeline::carry():194}:195}(Object(Illuminate/Http/Request))
#71 C:/Users/EMANUELCLEMENTEMARTI/Downloads/sistema hotel/vendor/laravel/framework/src/Illuminate/Foundation/Http/Kernel.php(175): Illuminate/Pipeline/Pipeline->then(Object(Closure))
#72 C:/Users/EMANUELCLEMENTEMARTI/Downloads/sistema hotel/vendor/laravel/framework/src/Illuminate/Foundation/Http/Kernel.php(144): Illuminate/Foundation/Http/Kernel->sendRequestThroughRouter(Object(Illuminate/Http/Request))
#73 C:/Users/EMANUELCLEMENTEMARTI/Downloads/sistema hotel/vendor/laravel/framework/src/Illuminate/Foundation/Application.php(1220): Illuminate/Foundation/Http/Kernel->handle(Object(Illuminate/Http/Request))
#74 C:/Users/EMANUELCLEMENTEMARTI/Downloads/sistema hotel/public/index.php(17): Illuminate/Foundation/Application->handleRequest(Object(Illuminate/Http/Request))
#75 C:/Users/EMANUELCLEMENTEMARTI/Downloads/sistema hotel/vendor/laravel/framework/src/Illuminate/Foundation/resources/server.php(23): require_once('C://Users//EMANUE...')
#76 {main}
"} 
[2026-03-31 17:35:27] laravel.WARNING: League\Flysystem\AwsS3V3\AwsS3V3Adapter::mapS3ObjectMetadata(): Implicitly marking parameter $path as nullable is deprecated, the explicit nullable type must be used instead in C:\Users\EMANUELCLEMENTEMARTI\Downloads\sistema hotel\vendor\league\flysystem-aws-s3-v3\AwsS3V3Adapter.php on line 295  
[2026-03-31 17:50:48] laravel.EMERGENCY: Unable to create configured logger. Using emergency logger. {"exception":"[object] (InvalidArgumentException(code: 0): Driver [null] is not supported. at C:/Users/EMANUELCLEMENTEMARTI/Downloads/sistema hotel/vendor/laravel/framework/src/Illuminate/Log/LogManager.php:235)
[stacktrace]
#0 C:/Users/EMANUELCLEMENTEMARTI/Downloads/sistema hotel/vendor/laravel/framework/src/Illuminate/Log/LogManager.php(138): Illuminate/Log/LogManager->resolve('deprecations', Array)
#1 C:/Users/EMANUELCLEMENTEMARTI/Downloads/sistema hotel/vendor/laravel/framework/src/Illuminate/Log/LogManager.php(125): Illuminate/Log/LogManager->get('deprecations')
#2 C:/Users/EMANUELCLEMENTEMARTI/Downloads/sistema hotel/vendor/laravel/framework/src/Illuminate/Log/LogManager.php(114): Illuminate/Log/LogManager->driver('deprecations')
#3 C:/Users/EMANUELCLEMENTEMARTI/Downloads/sistema hotel/vendor/laravel/framework/src/Illuminate/Foundation/Bootstrap/HandleExceptions.php(105): Illuminate/Log/LogManager->channel('deprecations')
#4 C:/Users/EMANUELCLEMENTEMARTI/Downloads/sistema hotel/vendor/laravel/framework/src/Illuminate/Foundation/Bootstrap/HandleExceptions.php(74): Illuminate/Foundation/Bootstrap/HandleExceptions->handleDeprecationError('League//Flysyste...', 'C://Users//EMANUE...', 108, 8192)
#5 C:/Users/EMANUELCLEMENTEMARTI/Downloads/sistema hotel/vendor/laravel/framework/src/Illuminate/Foundation/Bootstrap/HandleExceptions.php(258): Illuminate/Foundation/Bootstrap/HandleExceptions->handleError(8192, 'League//Flysyste...', 'C://Users//EMANUE...', 108)
#6 C:/Users/EMANUELCLEMENTEMARTI/Downloads/sistema hotel/vendor/composer/ClassLoader.php(576): Illuminate/Foundation/Bootstrap/HandleExceptions->{closure:Illuminate/Foundation/Bootstrap/HandleExceptions::forwardsTo():257}(8192, 'League//Flysyste...', 'C://Users//EMANUE...', 108)
#7 C:/Users/EMANUELCLEMENTEMARTI/Downloads/sistema hotel/vendor/composer/ClassLoader.php(576): include('C://Users//EMANUE...')
#8 C:/Users/EMANUELCLEMENTEMARTI/Downloads/sistema hotel/vendor/composer/ClassLoader.php(427): {closure:Composer/Autoload/ClassLoader::initializeIncludeClosure():575}('C://Users//EMANUE...')
#9 C:/Users/EMANUELCLEMENTEMARTI/Downloads/sistema hotel/vendor/laravel/framework/src/Illuminate/Filesystem/FilesystemManager.php(257): Composer/Autoload/ClassLoader->loadClass('League//Flysyste...')
#10 C:/Users/EMANUELCLEMENTEMARTI/Downloads/sistema hotel/vendor/laravel/framework/src/Illuminate/Filesystem/FilesystemManager.php(153): Illuminate/Filesystem/FilesystemManager->createS3Driver(Array, 'supabase')
#11 C:/Users/EMANUELCLEMENTEMARTI/Downloads/sistema hotel/vendor/laravel/framework/src/Illuminate/Filesystem/FilesystemManager.php(121): Illuminate/Filesystem/FilesystemManager->resolve('supabase')
#12 C:/Users/EMANUELCLEMENTEMARTI/Downloads/sistema hotel/vendor/laravel/framework/src/Illuminate/Filesystem/FilesystemManager.php(84): Illuminate/Filesystem/FilesystemManager->get('supabase')
#13 C:/Users/EMANUELCLEMENTEMARTI/Downloads/sistema hotel/vendor/laravel/framework/src/Illuminate/Support/Facades/Facade.php(363): Illuminate/Filesystem/FilesystemManager->disk('supabase')
#14 C:/Users/EMANUELCLEMENTEMARTI/Downloads/sistema hotel/vendor/livewire/livewire/src/Features/SupportFileUploads/FileUploadConfiguration.php(27): Illuminate/Support/Facades/Facade::__callStatic('disk', Array)
#15 C:/Users/EMANUELCLEMENTEMARTI/Downloads/sistema hotel/vendor/livewire/livewire/src/Features/SupportFileUploads/GenerateSignedUploadUrl.php(20): Livewire/Features/SupportFileUploads/FileUploadConfiguration::storage()
#16 C:/Users/EMANUELCLEMENTEMARTI/Downloads/sistema hotel/vendor/laravel/framework/src/Illuminate/Support/Facades/Facade.php(363): Livewire/Features/SupportFileUploads/GenerateSignedUploadUrl->forS3(Object(Illuminate/Http/Testing/File))
#17 C:/Users/EMANUELCLEMENTEMARTI/Downloads/sistema hotel/vendor/livewire/livewire/src/Features/SupportFileUploads/WithFileUploads.php(20): Illuminate/Support/Facades/Facade::__callStatic('forS3', Array)
#18 C:/Users/EMANUELCLEMENTEMARTI/Downloads/sistema hotel/vendor/laravel/framework/src/Illuminate/Container/BoundMethod.php(36): App/Livewire/ImageManager->_startUpload('imagen', Array, false)
#19 C:/Users/EMANUELCLEMENTEMARTI/Downloads/sistema hotel/vendor/laravel/framework/src/Illuminate/Container/Util.php(43): Illuminate/Container/BoundMethod::{closure:Illuminate/Container/BoundMethod::call():35}()
#20 C:/Users/EMANUELCLEMENTEMARTI/Downloads/sistema hotel/vendor/laravel/framework/src/Illuminate/Container/BoundMethod.php(96): Illuminate/Container/Util::unwrapIfClosure(Object(Closure))
#21 C:/Users/EMANUELCLEMENTEMARTI/Downloads/sistema hotel/vendor/laravel/framework/src/Illuminate/Container/BoundMethod.php(35): Illuminate/Container/BoundMethod::callBoundMethod(Object(Illuminate/Foundation/Application), Array, Object(Closure))
#22 C:/Users/EMANUELCLEMENTEMARTI/Downloads/sistema hotel/vendor/livewire/livewire/src/Wrapped.php(23): Illuminate/Container/BoundMethod::call(Object(Illuminate/Foundation/Application), Array, Array)
#23 C:/Users/EMANUELCLEMENTEMARTI/Downloads/sistema hotel/vendor/livewire/livewire/src/Mechanisms/HandleComponents/HandleComponents.php(492): Livewire/Wrapped->__call('_startUpload', Array)
#24 C:/Users/EMANUELCLEMENTEMARTI/Downloads/sistema hotel/vendor/livewire/livewire/src/Mechanisms/HandleComponents/HandleComponents.php(101): Livewire/Mechanisms/HandleComponents/HandleComponents->callMethods(Object(App/Livewire/ImageManager), Array, Object(Livewire/Mechanisms/HandleComponents/ComponentContext))
#25 C:/Users/EMANUELCLEMENTEMARTI/Downloads/sistema hotel/vendor/livewire/livewire/src/LivewireManager.php(102): Livewire/Mechanisms/HandleComponents/HandleComponents->update(Array, Array, Array)
#26 C:/Users/EMANUELCLEMENTEMARTI/Downloads/sistema hotel/vendor/livewire/livewire/src/Mechanisms/HandleRequests/HandleRequests.php(131): Livewire/LivewireManager->update(Array, Array, Array)
#27 C:/Users/EMANUELCLEMENTEMARTI/Downloads/sistema hotel/vendor/laravel/framework/src/Illuminate/Routing/ControllerDispatcher.php(46): Livewire/Mechanisms/HandleRequests/HandleRequests->handleUpdate()
#28 C:/Users/EMANUELCLEMENTEMARTI/Downloads/sistema hotel/vendor/laravel/framework/src/Illuminate/Routing/Route.php(265): Illuminate/Routing/ControllerDispatcher->dispatch(Object(Illuminate/Routing/Route), Object(Livewire/Mechanisms/HandleRequests/HandleRequests), 'handleUpdate')
#29 C:/Users/EMANUELCLEMENTEMARTI/Downloads/sistema hotel/vendor/laravel/framework/src/Illuminate/Routing/Route.php(211): Illuminate/Routing/Route->runController()
#30 C:/Users/EMANUELCLEMENTEMARTI/Downloads/sistema hotel/vendor/laravel/framework/src/Illuminate/Routing/Router.php(822): Illuminate/Routing/Route->run()
#31 C:/Users/EMANUELCLEMENTEMARTI/Downloads/sistema hotel/vendor/laravel/framework/src/Illuminate/Pipeline/Pipeline.php(180): Illuminate/Routing/Router->{closure:Illuminate/Routing/Router::runRouteWithinStack():821}(Object(Illuminate/Http/Request))
#32 C:/Users/EMANUELCLEMENTEMARTI/Downloads/sistema hotel/vendor/laravel/framework/src/Illuminate/Routing/Middleware/SubstituteBindings.php(50): Illuminate/Pipeline/Pipeline->{closure:Illuminate/Pipeline/Pipeline::prepareDestination():178}(Object(Illuminate/Http/Request))
#33 C:/Users/EMANUELCLEMENTEMARTI/Downloads/sistema hotel/vendor/laravel/framework/src/Illuminate/Pipeline/Pipeline.php(219): Illuminate/Routing/Middleware/SubstituteBindings->handle(Object(Illuminate/Http/Request), Object(Closure))
#34 C:/Users/EMANUELCLEMENTEMARTI/Downloads/sistema hotel/vendor/laravel/framework/src/Illuminate/Foundation/Http/Middleware/VerifyCsrfToken.php(87): Illuminate/Pipeline/Pipeline->{closure:{closure:Illuminate/Pipeline/Pipeline::carry():194}:195}(Object(Illuminate/Http/Request))
#35 C:/Users/EMANUELCLEMENTEMARTI/Downloads/sistema hotel/vendor/laravel/framework/src/Illuminate/Pipeline/Pipeline.php(219): Illuminate/Foundation/Http/Middleware/VerifyCsrfToken->handle(Object(Illuminate/Http/Request), Object(Closure))
#36 C:/Users/EMANUELCLEMENTEMARTI/Downloads/sistema hotel/vendor/laravel/framework/src/Illuminate/View/Middleware/ShareErrorsFromSession.php(48): Illuminate/Pipeline/Pipeline->{closure:{closure:Illuminate/Pipeline/Pipeline::carry():194}:195}(Object(Illuminate/Http/Request))
#37 C:/Users/EMANUELCLEMENTEMARTI/Downloads/sistema hotel/vendor/laravel/framework/src/Illuminate/Pipeline/Pipeline.php(219): Illuminate/View/Middleware/ShareErrorsFromSession->handle(Object(Illuminate/Http/Request), Object(Closure))
#38 C:/Users/EMANUELCLEMENTEMARTI/Downloads/sistema hotel/vendor/laravel/framework/src/Illuminate/Session/Middleware/StartSession.php(120): Illuminate/Pipeline/Pipeline->{closure:{closure:Illuminate/Pipeline/Pipeline::carry():194}:195}(Object(Illuminate/Http/Request))
#39 C:/Users/EMANUELCLEMENTEMARTI/Downloads/sistema hotel/vendor/laravel/framework/src/Illuminate/Session/Middleware/StartSession.php(63): Illuminate/Session/Middleware/StartSession->handleStatefulRequest(Object(Illuminate/Http/Request), Object(Illuminate/Session/Store), Object(Closure))
#40 C:/Users/EMANUELCLEMENTEMARTI/Downloads/sistema hotel/vendor/laravel/framework/src/Illuminate/Pipeline/Pipeline.php(219): Illuminate/Session/Middleware/StartSession->handle(Object(Illuminate/Http/Request), Object(Closure))
#41 C:/Users/EMANUELCLEMENTEMARTI/Downloads/sistema hotel/vendor/laravel/framework/src/Illuminate/Cookie/Middleware/AddQueuedCookiesToResponse.php(36): Illuminate/Pipeline/Pipeline->{closure:{closure:Illuminate/Pipeline/Pipeline::carry():194}:195}(Object(Illuminate/Http/Request))
#42 C:/Users/EMANUELCLEMENTEMARTI/Downloads/sistema hotel/vendor/laravel/framework/src/Illuminate/Pipeline/Pipeline.php(219): Illuminate/Cookie/Middleware/AddQueuedCookiesToResponse->handle(Object(Illuminate/Http/Request), Object(Closure))
#43 C:/Users/EMANUELCLEMENTEMARTI/Downloads/sistema hotel/vendor/laravel/framework/src/Illuminate/Cookie/Middleware/EncryptCookies.php(74): Illuminate/Pipeline/Pipeline->{closure:{closure:Illuminate/Pipeline/Pipeline::carry():194}:195}(Object(Illuminate/Http/Request))
#44 C:/Users/EMANUELCLEMENTEMARTI/Downloads/sistema hotel/vendor/laravel/framework/src/Illuminate/Pipeline/Pipeline.php(219): Illuminate/Cookie/Middleware/EncryptCookies->handle(Object(Illuminate/Http/Request), Object(Closure))
#45 C:/Users/EMANUELCLEMENTEMARTI/Downloads/sistema hotel/vendor/laravel/framework/src/Illuminate/Pipeline/Pipeline.php(137): Illuminate/Pipeline/Pipeline->{closure:{closure:Illuminate/Pipeline/Pipeline::carry():194}:195}(Object(Illuminate/Http/Request))
#46 C:/Users/EMANUELCLEMENTEMARTI/Downloads/sistema hotel/vendor/laravel/framework/src/Illuminate/Routing/Router.php(821): Illuminate/Pipeline/Pipeline->then(Object(Closure))
#47 C:/Users/EMANUELCLEMENTEMARTI/Downloads/sistema hotel/vendor/laravel/framework/src/Illuminate/Routing/Router.php(800): Illuminate/Routing/Router->runRouteWithinStack(Object(Illuminate/Routing/Route), Object(Illuminate/Http/Request))
#48 C:/Users/EMANUELCLEMENTEMARTI/Downloads/sistema hotel/vendor/laravel/framework/src/Illuminate/Routing/Router.php(764): Illuminate/Routing/Router->runRoute(Object(Illuminate/Http/Request), Object(Illuminate/Routing/Route))
#49 C:/Users/EMANUELCLEMENTEMARTI/Downloads/sistema hotel/vendor/laravel/framework/src/Illuminate/Routing/Router.php(753): Illuminate/Routing/Router->dispatchToRoute(Object(Illuminate/Http/Request))
#50 C:/Users/EMANUELCLEMENTEMARTI/Downloads/sistema hotel/vendor/laravel/framework/src/Illuminate/Foundation/Http/Kernel.php(200): Illuminate/Routing/Router->dispatch(Object(Illuminate/Http/Request))
#51 C:/Users/EMANUELCLEMENTEMARTI/Downloads/sistema hotel/vendor/laravel/framework/src/Illuminate/Pipeline/Pipeline.php(180): Illuminate/Foundation/Http/Kernel->{closure:Illuminate/Foundation/Http/Kernel::dispatchToRouter():197}(Object(Illuminate/Http/Request))
#52 C:/Users/EMANUELCLEMENTEMARTI/Downloads/sistema hotel/vendor/livewire/livewire/src/Features/SupportDisablingBackButtonCache/DisableBackButtonCacheMiddleware.php(19): Illuminate/Pipeline/Pipeline->{closure:Illuminate/Pipeline/Pipeline::prepareDestination():178}(Object(Illuminate/Http/Request))
#53 C:/Users/EMANUELCLEMENTEMARTI/Downloads/sistema hotel/vendor/laravel/framework/src/Illuminate/Pipeline/Pipeline.php(219): Livewire/Features/SupportDisablingBackButtonCache/DisableBackButtonCacheMiddleware->handle(Object(Illuminate/Http/Request), Object(Closure))
#54 C:/Users/EMANUELCLEMENTEMARTI/Downloads/sistema hotel/vendor/laravel/framework/src/Illuminate/Foundation/Http/Middleware/ConvertEmptyStringsToNull.php(27): Illuminate/Pipeline/Pipeline->{closure:{closure:Illuminate/Pipeline/Pipeline::carry():194}:195}(Object(Illuminate/Http/Request))
#55 C:/Users/EMANUELCLEMENTEMARTI/Downloads/sistema hotel/vendor/laravel/framework/src/Illuminate/Pipeline/Pipeline.php(219): Illuminate/Foundation/Http/Middleware/ConvertEmptyStringsToNull->handle(Object(Illuminate/Http/Request), Object(Closure))
#56 C:/Users/EMANUELCLEMENTEMARTI/Downloads/sistema hotel/vendor/laravel/framework/src/Illuminate/Foundation/Http/Middleware/TrimStrings.php(47): Illuminate/Pipeline/Pipeline->{closure:{closure:Illuminate/Pipeline/Pipeline::carry():194}:195}(Object(Illuminate/Http/Request))
#57 C:/Users/EMANUELCLEMENTEMARTI/Downloads/sistema hotel/vendor/laravel/framework/src/Illuminate/Pipeline/Pipeline.php(219): Illuminate/Foundation/Http/Middleware/TrimStrings->handle(Object(Illuminate/Http/Request), Object(Closure))
#58 C:/Users/EMANUELCLEMENTEMARTI/Downloads/sistema hotel/vendor/laravel/framework/src/Illuminate/Http/Middleware/ValidatePostSize.php(27): Illuminate/Pipeline/Pipeline->{closure:{closure:Illuminate/Pipeline/Pipeline::carry():194}:195}(Object(Illuminate/Http/Request))
#59 C:/Users/EMANUELCLEMENTEMARTI/Downloads/sistema hotel/vendor/laravel/framework/src/Illuminate/Pipeline/Pipeline.php(219): Illuminate/Http/Middleware/ValidatePostSize->handle(Object(Illuminate/Http/Request), Object(Closure))
#60 C:/Users/EMANUELCLEMENTEMARTI/Downloads/sistema hotel/vendor/laravel/framework/src/Illuminate/Foundation/Http/Middleware/PreventRequestsDuringMaintenance.php(109): Illuminate/Pipeline/Pipeline->{closure:{closure:Illuminate/Pipeline/Pipeline::carry():194}:195}(Object(Illuminate/Http/Request))
#61 C:/Users/EMANUELCLEMENTEMARTI/Downloads/sistema hotel/vendor/laravel/framework/src/Illuminate/Pipeline/Pipeline.php(219): Illuminate/Foundation/Http/Middleware/PreventRequestsDuringMaintenance->handle(Object(Illuminate/Http/Request), Object(Closure))
#62 C:/Users/EMANUELCLEMENTEMARTI/Downloads/sistema hotel/vendor/laravel/framework/src/Illuminate/Http/Middleware/HandleCors.php(61): Illuminate/Pipeline/Pipeline->{closure:{closure:Illuminate/Pipeline/Pipeline::carry():194}:195}(Object(Illuminate/Http/Request))
#63 C:/Users/EMANUELCLEMENTEMARTI/Downloads/sistema hotel/vendor/laravel/framework/src/Illuminate/Pipeline/Pipeline.php(219): Illuminate/Http/Middleware/HandleCors->handle(Object(Illuminate/Http/Request), Object(Closure))
#64 C:/Users/EMANUELCLEMENTEMARTI/Downloads/sistema hotel/vendor/laravel/framework/src/Illuminate/Http/Middleware/TrustProxies.php(58): Illuminate/Pipeline/Pipeline->{closure:{closure:Illuminate/Pipeline/Pipeline::carry():194}:195}(Object(Illuminate/Http/Request))
#65 C:/Users/EMANUELCLEMENTEMARTI/Downloads/sistema hotel/vendor/laravel/framework/src/Illuminate/Pipeline/Pipeline.php(219): Illuminate/Http/Middleware/TrustProxies->handle(Object(Illuminate/Http/Request), Object(Closure))
#66 C:/Users/EMANUELCLEMENTEMARTI/Downloads/sistema hotel/vendor/laravel/framework/src/Illuminate/Foundation/Http/Middleware/InvokeDeferredCallbacks.php(22): Illuminate/Pipeline/Pipeline->{closure:{closure:Illuminate/Pipeline/Pipeline::carry():194}:195}(Object(Illuminate/Http/Request))
#67 C:/Users/EMANUELCLEMENTEMARTI/Downloads/sistema hotel/vendor/laravel/framework/src/Illuminate/Pipeline/Pipeline.php(219): Illuminate/Foundation/Http/Middleware/InvokeDeferredCallbacks->handle(Object(Illuminate/Http/Request), Object(Closure))
#68 C:/Users/EMANUELCLEMENTEMARTI/Downloads/sistema hotel/vendor/laravel/framework/src/Illuminate/Http/Middleware/ValidatePathEncoding.php(26): Illuminate/Pipeline/Pipeline->{closure:{closure:Illuminate/Pipeline/Pipeline::carry():194}:195}(Object(Illuminate/Http/Request))
#69 C:/Users/EMANUELCLEMENTEMARTI/Downloads/sistema hotel/vendor/laravel/framework/src/Illuminate/Pipeline/Pipeline.php(219): Illuminate/Http/Middleware/ValidatePathEncoding->handle(Object(Illuminate/Http/Request), Object(Closure))
#70 C:/Users/EMANUELCLEMENTEMARTI/Downloads/sistema hotel/vendor/laravel/framework/src/Illuminate/Pipeline/Pipeline.php(137): Illuminate/Pipeline/Pipeline->{closure:{closure:Illuminate/Pipeline/Pipeline::carry():194}:195}(Object(Illuminate/Http/Request))
#71 C:/Users/EMANUELCLEMENTEMARTI/Downloads/sistema hotel/vendor/laravel/framework/src/Illuminate/Foundation/Http/Kernel.php(175): Illuminate/Pipeline/Pipeline->then(Object(Closure))
#72 C:/Users/EMANUELCLEMENTEMARTI/Downloads/sistema hotel/vendor/laravel/framework/src/Illuminate/Foundation/Http/Kernel.php(144): Illuminate/Foundation/Http/Kernel->sendRequestThroughRouter(Object(Illuminate/Http/Request))
#73 C:/Users/EMANUELCLEMENTEMARTI/Downloads/sistema hotel/vendor/laravel/framework/src/Illuminate/Foundation/Application.php(1220): Illuminate/Foundation/Http/Kernel->handle(Object(Illuminate/Http/Request))
#74 C:/Users/EMANUELCLEMENTEMARTI/Downloads/sistema hotel/public/index.php(17): Illuminate/Foundation/Application->handleRequest(Object(Illuminate/Http/Request))
#75 C:/Users/EMANUELCLEMENTEMARTI/Downloads/sistema hotel/vendor/laravel/framework/src/Illuminate/Foundation/resources/server.php(23): require_once('C://Users//EMANUE...')
#76 {main}
"} 
[2026-03-31 17:50:48] laravel.WARNING: League\Flysystem\AwsS3V3\AwsS3V3Adapter::__construct(): Implicitly marking parameter $visibility as nullable is deprecated, the explicit nullable type must be used instead in C:\Users\EMANUELCLEMENTEMARTI\Downloads\sistema hotel\vendor\league\flysystem-aws-s3-v3\AwsS3V3Adapter.php on line 108  
[2026-03-31 17:50:48] laravel.EMERGENCY: Unable to create configured logger. Using emergency logger. {"exception":"[object] (InvalidArgumentException(code: 0): Driver [null] is not supported. at C:/Users/EMANUELCLEMENTEMARTI/Downloads/sistema hotel/vendor/laravel/framework/src/Illuminate/Log/LogManager.php:235)
[stacktrace]
#0 C:/Users/EMANUELCLEMENTEMARTI/Downloads/sistema hotel/vendor/laravel/framework/src/Illuminate/Log/LogManager.php(138): Illuminate/Log/LogManager->resolve('deprecations', Array)
#1 C:/Users/EMANUELCLEMENTEMARTI/Downloads/sistema hotel/vendor/laravel/framework/src/Illuminate/Log/LogManager.php(125): Illuminate/Log/LogManager->get('deprecations')
#2 C:/Users/EMANUELCLEMENTEMARTI/Downloads/sistema hotel/vendor/laravel/framework/src/Illuminate/Log/LogManager.php(114): Illuminate/Log/LogManager->driver('deprecations')
#3 C:/Users/EMANUELCLEMENTEMARTI/Downloads/sistema hotel/vendor/laravel/framework/src/Illuminate/Foundation/Bootstrap/HandleExceptions.php(105): Illuminate/Log/LogManager->channel('deprecations')
#4 C:/Users/EMANUELCLEMENTEMARTI/Downloads/sistema hotel/vendor/laravel/framework/src/Illuminate/Foundation/Bootstrap/HandleExceptions.php(74): Illuminate/Foundation/Bootstrap/HandleExceptions->handleDeprecationError('League//Flysyste...', 'C://Users//EMANUE...', 0, 8192)
#5 C:/Users/EMANUELCLEMENTEMARTI/Downloads/sistema hotel/vendor/laravel/framework/src/Illuminate/Foundation/Bootstrap/HandleExceptions.php(258): Illuminate/Foundation/Bootstrap/HandleExceptions->handleError(8192, 'League//Flysyste...', 'C://Users//EMANUE...', 0)
#6 C:/Users/EMANUELCLEMENTEMARTI/Downloads/sistema hotel/vendor/composer/ClassLoader.php(576): Illuminate/Foundation/Bootstrap/HandleExceptions->{closure:Illuminate/Foundation/Bootstrap/HandleExceptions::forwardsTo():257}(8192, 'League//Flysyste...', 'C://Users//EMANUE...', 0)
#7 C:/Users/EMANUELCLEMENTEMARTI/Downloads/sistema hotel/vendor/composer/ClassLoader.php(576): include('C://Users//EMANUE...')
#8 C:/Users/EMANUELCLEMENTEMARTI/Downloads/sistema hotel/vendor/composer/ClassLoader.php(427): {closure:Composer/Autoload/ClassLoader::initializeIncludeClosure():575}('C://Users//EMANUE...')
#9 C:/Users/EMANUELCLEMENTEMARTI/Downloads/sistema hotel/vendor/laravel/framework/src/Illuminate/Filesystem/FilesystemManager.php(257): Composer/Autoload/ClassLoader->loadClass('League//Flysyste...')
#10 C:/Users/EMANUELCLEMENTEMARTI/Downloads/sistema hotel/vendor/laravel/framework/src/Illuminate/Filesystem/FilesystemManager.php(153): Illuminate/Filesystem/FilesystemManager->createS3Driver(Array, 'supabase')
#11 C:/Users/EMANUELCLEMENTEMARTI/Downloads/sistema hotel/vendor/laravel/framework/src/Illuminate/Filesystem/FilesystemManager.php(121): Illuminate/Filesystem/FilesystemManager->resolve('supabase')
#12 C:/Users/EMANUELCLEMENTEMARTI/Downloads/sistema hotel/vendor/laravel/framework/src/Illuminate/Filesystem/FilesystemManager.php(84): Illuminate/Filesystem/FilesystemManager->get('supabase')
#13 C:/Users/EMANUELCLEMENTEMARTI/Downloads/sistema hotel/vendor/laravel/framework/src/Illuminate/Support/Facades/Facade.php(363): Illuminate/Filesystem/FilesystemManager->disk('supabase')
#14 C:/Users/EMANUELCLEMENTEMARTI/Downloads/sistema hotel/vendor/livewire/livewire/src/Features/SupportFileUploads/FileUploadConfiguration.php(27): Illuminate/Support/Facades/Facade::__callStatic('disk', Array)
#15 C:/Users/EMANUELCLEMENTEMARTI/Downloads/sistema hotel/vendor/livewire/livewire/src/Features/SupportFileUploads/GenerateSignedUploadUrl.php(20): Livewire/Features/SupportFileUploads/FileUploadConfiguration::storage()
#16 C:/Users/EMANUELCLEMENTEMARTI/Downloads/sistema hotel/vendor/laravel/framework/src/Illuminate/Support/Facades/Facade.php(363): Livewire/Features/SupportFileUploads/GenerateSignedUploadUrl->forS3(Object(Illuminate/Http/Testing/File))
#17 C:/Users/EMANUELCLEMENTEMARTI/Downloads/sistema hotel/vendor/livewire/livewire/src/Features/SupportFileUploads/WithFileUploads.php(20): Illuminate/Support/Facades/Facade::__callStatic('forS3', Array)
#18 C:/Users/EMANUELCLEMENTEMARTI/Downloads/sistema hotel/vendor/laravel/framework/src/Illuminate/Container/BoundMethod.php(36): App/Livewire/ImageManager->_startUpload('imagen', Array, false)
#19 C:/Users/EMANUELCLEMENTEMARTI/Downloads/sistema hotel/vendor/laravel/framework/src/Illuminate/Container/Util.php(43): Illuminate/Container/BoundMethod::{closure:Illuminate/Container/BoundMethod::call():35}()
#20 C:/Users/EMANUELCLEMENTEMARTI/Downloads/sistema hotel/vendor/laravel/framework/src/Illuminate/Container/BoundMethod.php(96): Illuminate/Container/Util::unwrapIfClosure(Object(Closure))
#21 C:/Users/EMANUELCLEMENTEMARTI/Downloads/sistema hotel/vendor/laravel/framework/src/Illuminate/Container/BoundMethod.php(35): Illuminate/Container/BoundMethod::callBoundMethod(Object(Illuminate/Foundation/Application), Array, Object(Closure))
#22 C:/Users/EMANUELCLEMENTEMARTI/Downloads/sistema hotel/vendor/livewire/livewire/src/Wrapped.php(23): Illuminate/Container/BoundMethod::call(Object(Illuminate/Foundation/Application), Array, Array)
#23 C:/Users/EMANUELCLEMENTEMARTI/Downloads/sistema hotel/vendor/livewire/livewire/src/Mechanisms/HandleComponents/HandleComponents.php(492): Livewire/Wrapped->__call('_startUpload', Array)
#24 C:/Users/EMANUELCLEMENTEMARTI/Downloads/sistema hotel/vendor/livewire/livewire/src/Mechanisms/HandleComponents/HandleComponents.php(101): Livewire/Mechanisms/HandleComponents/HandleComponents->callMethods(Object(App/Livewire/ImageManager), Array, Object(Livewire/Mechanisms/HandleComponents/ComponentContext))
#25 C:/Users/EMANUELCLEMENTEMARTI/Downloads/sistema hotel/vendor/livewire/livewire/src/LivewireManager.php(102): Livewire/Mechanisms/HandleComponents/HandleComponents->update(Array, Array, Array)
#26 C:/Users/EMANUELCLEMENTEMARTI/Downloads/sistema hotel/vendor/livewire/livewire/src/Mechanisms/HandleRequests/HandleRequests.php(131): Livewire/LivewireManager->update(Array, Array, Array)
#27 C:/Users/EMANUELCLEMENTEMARTI/Downloads/sistema hotel/vendor/laravel/framework/src/Illuminate/Routing/ControllerDispatcher.php(46): Livewire/Mechanisms/HandleRequests/HandleRequests->handleUpdate()
#28 C:/Users/EMANUELCLEMENTEMARTI/Downloads/sistema hotel/vendor/laravel/framework/src/Illuminate/Routing/Route.php(265): Illuminate/Routing/ControllerDispatcher->dispatch(Object(Illuminate/Routing/Route), Object(Livewire/Mechanisms/HandleRequests/HandleRequests), 'handleUpdate')
#29 C:/Users/EMANUELCLEMENTEMARTI/Downloads/sistema hotel/vendor/laravel/framework/src/Illuminate/Routing/Route.php(211): Illuminate/Routing/Route->runController()
#30 C:/Users/EMANUELCLEMENTEMARTI/Downloads/sistema hotel/vendor/laravel/framework/src/Illuminate/Routing/Router.php(822): Illuminate/Routing/Route->run()
#31 C:/Users/EMANUELCLEMENTEMARTI/Downloads/sistema hotel/vendor/laravel/framework/src/Illuminate/Pipeline/Pipeline.php(180): Illuminate/Routing/Router->{closure:Illuminate/Routing/Router::runRouteWithinStack():821}(Object(Illuminate/Http/Request))
#32 C:/Users/EMANUELCLEMENTEMARTI/Downloads/sistema hotel/vendor/laravel/framework/src/Illuminate/Routing/Middleware/SubstituteBindings.php(50): Illuminate/Pipeline/Pipeline->{closure:Illuminate/Pipeline/Pipeline::prepareDestination():178}(Object(Illuminate/Http/Request))
#33 C:/Users/EMANUELCLEMENTEMARTI/Downloads/sistema hotel/vendor/laravel/framework/src/Illuminate/Pipeline/Pipeline.php(219): Illuminate/Routing/Middleware/SubstituteBindings->handle(Object(Illuminate/Http/Request), Object(Closure))
#34 C:/Users/EMANUELCLEMENTEMARTI/Downloads/sistema hotel/vendor/laravel/framework/src/Illuminate/Foundation/Http/Middleware/VerifyCsrfToken.php(87): Illuminate/Pipeline/Pipeline->{closure:{closure:Illuminate/Pipeline/Pipeline::carry():194}:195}(Object(Illuminate/Http/Request))
#35 C:/Users/EMANUELCLEMENTEMARTI/Downloads/sistema hotel/vendor/laravel/framework/src/Illuminate/Pipeline/Pipeline.php(219): Illuminate/Foundation/Http/Middleware/VerifyCsrfToken->handle(Object(Illuminate/Http/Request), Object(Closure))
#36 C:/Users/EMANUELCLEMENTEMARTI/Downloads/sistema hotel/vendor/laravel/framework/src/Illuminate/View/Middleware/ShareErrorsFromSession.php(48): Illuminate/Pipeline/Pipeline->{closure:{closure:Illuminate/Pipeline/Pipeline::carry():194}:195}(Object(Illuminate/Http/Request))
#37 C:/Users/EMANUELCLEMENTEMARTI/Downloads/sistema hotel/vendor/laravel/framework/src/Illuminate/Pipeline/Pipeline.php(219): Illuminate/View/Middleware/ShareErrorsFromSession->handle(Object(Illuminate/Http/Request), Object(Closure))
#38 C:/Users/EMANUELCLEMENTEMARTI/Downloads/sistema hotel/vendor/laravel/framework/src/Illuminate/Session/Middleware/StartSession.php(120): Illuminate/Pipeline/Pipeline->{closure:{closure:Illuminate/Pipeline/Pipeline::carry():194}:195}(Object(Illuminate/Http/Request))
#39 C:/Users/EMANUELCLEMENTEMARTI/Downloads/sistema hotel/vendor/laravel/framework/src/Illuminate/Session/Middleware/StartSession.php(63): Illuminate/Session/Middleware/StartSession->handleStatefulRequest(Object(Illuminate/Http/Request), Object(Illuminate/Session/Store), Object(Closure))
#40 C:/Users/EMANUELCLEMENTEMARTI/Downloads/sistema hotel/vendor/laravel/framework/src/Illuminate/Pipeline/Pipeline.php(219): Illuminate/Session/Middleware/StartSession->handle(Object(Illuminate/Http/Request), Object(Closure))
#41 C:/Users/EMANUELCLEMENTEMARTI/Downloads/sistema hotel/vendor/laravel/framework/src/Illuminate/Cookie/Middleware/AddQueuedCookiesToResponse.php(36): Illuminate/Pipeline/Pipeline->{closure:{closure:Illuminate/Pipeline/Pipeline::carry():194}:195}(Object(Illuminate/Http/Request))
#42 C:/Users/EMANUELCLEMENTEMARTI/Downloads/sistema hotel/vendor/laravel/framework/src/Illuminate/Pipeline/Pipeline.php(219): Illuminate/Cookie/Middleware/AddQueuedCookiesToResponse->handle(Object(Illuminate/Http/Request), Object(Closure))
#43 C:/Users/EMANUELCLEMENTEMARTI/Downloads/sistema hotel/vendor/laravel/framework/src/Illuminate/Cookie/Middleware/EncryptCookies.php(74): Illuminate/Pipeline/Pipeline->{closure:{closure:Illuminate/Pipeline/Pipeline::carry():194}:195}(Object(Illuminate/Http/Request))
#44 C:/Users/EMANUELCLEMENTEMARTI/Downloads/sistema hotel/vendor/laravel/framework/src/Illuminate/Pipeline/Pipeline.php(219): Illuminate/Cookie/Middleware/EncryptCookies->handle(Object(Illuminate/Http/Request), Object(Closure))
#45 C:/Users/EMANUELCLEMENTEMARTI/Downloads/sistema hotel/vendor/laravel/framework/src/Illuminate/Pipeline/Pipeline.php(137): Illuminate/Pipeline/Pipeline->{closure:{closure:Illuminate/Pipeline/Pipeline::carry():194}:195}(Object(Illuminate/Http/Request))
#46 C:/Users/EMANUELCLEMENTEMARTI/Downloads/sistema hotel/vendor/laravel/framework/src/Illuminate/Routing/Router.php(821): Illuminate/Pipeline/Pipeline->then(Object(Closure))
#47 C:/Users/EMANUELCLEMENTEMARTI/Downloads/sistema hotel/vendor/laravel/framework/src/Illuminate/Routing/Router.php(800): Illuminate/Routing/Router->runRouteWithinStack(Object(Illuminate/Routing/Route), Object(Illuminate/Http/Request))
#48 C:/Users/EMANUELCLEMENTEMARTI/Downloads/sistema hotel/vendor/laravel/framework/src/Illuminate/Routing/Router.php(764): Illuminate/Routing/Router->runRoute(Object(Illuminate/Http/Request), Object(Illuminate/Routing/Route))
#49 C:/Users/EMANUELCLEMENTEMARTI/Downloads/sistema hotel/vendor/laravel/framework/src/Illuminate/Routing/Router.php(753): Illuminate/Routing/Router->dispatchToRoute(Object(Illuminate/Http/Request))
#50 C:/Users/EMANUELCLEMENTEMARTI/Downloads/sistema hotel/vendor/laravel/framework/src/Illuminate/Foundation/Http/Kernel.php(200): Illuminate/Routing/Router->dispatch(Object(Illuminate/Http/Request))
#51 C:/Users/EMANUELCLEMENTEMARTI/Downloads/sistema hotel/vendor/laravel/framework/src/Illuminate/Pipeline/Pipeline.php(180): Illuminate/Foundation/Http/Kernel->{closure:Illuminate/Foundation/Http/Kernel::dispatchToRouter():197}(Object(Illuminate/Http/Request))
#52 C:/Users/EMANUELCLEMENTEMARTI/Downloads/sistema hotel/vendor/livewire/livewire/src/Features/SupportDisablingBackButtonCache/DisableBackButtonCacheMiddleware.php(19): Illuminate/Pipeline/Pipeline->{closure:Illuminate/Pipeline/Pipeline::prepareDestination():178}(Object(Illuminate/Http/Request))
#53 C:/Users/EMANUELCLEMENTEMARTI/Downloads/sistema hotel/vendor/laravel/framework/src/Illuminate/Pipeline/Pipeline.php(219): Livewire/Features/SupportDisablingBackButtonCache/DisableBackButtonCacheMiddleware->handle(Object(Illuminate/Http/Request), Object(Closure))
#54 C:/Users/EMANUELCLEMENTEMARTI/Downloads/sistema hotel/vendor/laravel/framework/src/Illuminate/Foundation/Http/Middleware/ConvertEmptyStringsToNull.php(27): Illuminate/Pipeline/Pipeline->{closure:{closure:Illuminate/Pipeline/Pipeline::carry():194}:195}(Object(Illuminate/Http/Request))
#55 C:/Users/EMANUELCLEMENTEMARTI/Downloads/sistema hotel/vendor/laravel/framework/src/Illuminate/Pipeline/Pipeline.php(219): Illuminate/Foundation/Http/Middleware/ConvertEmptyStringsToNull->handle(Object(Illuminate/Http/Request), Object(Closure))
#56 C:/Users/EMANUELCLEMENTEMARTI/Downloads/sistema hotel/vendor/laravel/framework/src/Illuminate/Foundation/Http/Middleware/TrimStrings.php(47): Illuminate/Pipeline/Pipeline->{closure:{closure:Illuminate/Pipeline/Pipeline::carry():194}:195}(Object(Illuminate/Http/Request))
#57 C:/Users/EMANUELCLEMENTEMARTI/Downloads/sistema hotel/vendor/laravel/framework/src/Illuminate/Pipeline/Pipeline.php(219): Illuminate/Foundation/Http/Middleware/TrimStrings->handle(Object(Illuminate/Http/Request), Object(Closure))
#58 C:/Users/EMANUELCLEMENTEMARTI/Downloads/sistema hotel/vendor/laravel/framework/src/Illuminate/Http/Middleware/ValidatePostSize.php(27): Illuminate/Pipeline/Pipeline->{closure:{closure:Illuminate/Pipeline/Pipeline::carry():194}:195}(Object(Illuminate/Http/Request))
#59 C:/Users/EMANUELCLEMENTEMARTI/Downloads/sistema hotel/vendor/laravel/framework/src/Illuminate/Pipeline/Pipeline.php(219): Illuminate/Http/Middleware/ValidatePostSize->handle(Object(Illuminate/Http/Request), Object(Closure))
#60 C:/Users/EMANUELCLEMENTEMARTI/Downloads/sistema hotel/vendor/laravel/framework/src/Illuminate/Foundation/Http/Middleware/PreventRequestsDuringMaintenance.php(109): Illuminate/Pipeline/Pipeline->{closure:{closure:Illuminate/Pipeline/Pipeline::carry():194}:195}(Object(Illuminate/Http/Request))
#61 C:/Users/EMANUELCLEMENTEMARTI/Downloads/sistema hotel/vendor/laravel/framework/src/Illuminate/Pipeline/Pipeline.php(219): Illuminate/Foundation/Http/Middleware/PreventRequestsDuringMaintenance->handle(Object(Illuminate/Http/Request), Object(Closure))
#62 C:/Users/EMANUELCLEMENTEMARTI/Downloads/sistema hotel/vendor/laravel/framework/src/Illuminate/Http/Middleware/HandleCors.php(61): Illuminate/Pipeline/Pipeline->{closure:{closure:Illuminate/Pipeline/Pipeline::carry():194}:195}(Object(Illuminate/Http/Request))
#63 C:/Users/EMANUELCLEMENTEMARTI/Downloads/sistema hotel/vendor/laravel/framework/src/Illuminate/Pipeline/Pipeline.php(219): Illuminate/Http/Middleware/HandleCors->handle(Object(Illuminate/Http/Request), Object(Closure))
#64 C:/Users/EMANUELCLEMENTEMARTI/Downloads/sistema hotel/vendor/laravel/framework/src/Illuminate/Http/Middleware/TrustProxies.php(58): Illuminate/Pipeline/Pipeline->{closure:{closure:Illuminate/Pipeline/Pipeline::carry():194}:195}(Object(Illuminate/Http/Request))
#65 C:/Users/EMANUELCLEMENTEMARTI/Downloads/sistema hotel/vendor/laravel/framework/src/Illuminate/Pipeline/Pipeline.php(219): Illuminate/Http/Middleware/TrustProxies->handle(Object(Illuminate/Http/Request), Object(Closure))
#66 C:/Users/EMANUELCLEMENTEMARTI/Downloads/sistema hotel/vendor/laravel/framework/src/Illuminate/Foundation/Http/Middleware/InvokeDeferredCallbacks.php(22): Illuminate/Pipeline/Pipeline->{closure:{closure:Illuminate/Pipeline/Pipeline::carry():194}:195}(Object(Illuminate/Http/Request))
#67 C:/Users/EMANUELCLEMENTEMARTI/Downloads/sistema hotel/vendor/laravel/framework/src/Illuminate/Pipeline/Pipeline.php(219): Illuminate/Foundation/Http/Middleware/InvokeDeferredCallbacks->handle(Object(Illuminate/Http/Request), Object(Closure))
#68 C:/Users/EMANUELCLEMENTEMARTI/Downloads/sistema hotel/vendor/laravel/framework/src/Illuminate/Http/Middleware/ValidatePathEncoding.php(26): Illuminate/Pipeline/Pipeline->{closure:{closure:Illuminate/Pipeline/Pipeline::carry():194}:195}(Object(Illuminate/Http/Request))
#69 C:/Users/EMANUELCLEMENTEMARTI/Downloads/sistema hotel/vendor/laravel/framework/src/Illuminate/Pipeline/Pipeline.php(219): Illuminate/Http/Middleware/ValidatePathEncoding->handle(Object(Illuminate/Http/Request), Object(Closure))
#70 C:/Users/EMANUELCLEMENTEMARTI/Downloads/sistema hotel/vendor/laravel/framework/src/Illuminate/Pipeline/Pipeline.php(137): Illuminate/Pipeline/Pipeline->{closure:{closure:Illuminate/Pipeline/Pipeline::carry():194}:195}(Object(Illuminate/Http/Request))
#71 C:/Users/EMANUELCLEMENTEMARTI/Downloads/sistema hotel/vendor/laravel/framework/src/Illuminate/Foundation/Http/Kernel.php(175): Illuminate/Pipeline/Pipeline->then(Object(Closure))
#72 C:/Users/EMANUELCLEMENTEMARTI/Downloads/sistema hotel/vendor/laravel/framework/src/Illuminate/Foundation/Http/Kernel.php(144): Illuminate/Foundation/Http/Kernel->sendRequestThroughRouter(Object(Illuminate/Http/Request))
#73 C:/Users/EMANUELCLEMENTEMARTI/Downloads/sistema hotel/vendor/laravel/framework/src/Illuminate/Foundation/Application.php(1220): Illuminate/Foundation/Http/Kernel->handle(Object(Illuminate/Http/Request))
#74 C:/Users/EMANUELCLEMENTEMARTI/Downloads/sistema hotel/public/index.php(17): Illuminate/Foundation/Application->handleRequest(Object(Illuminate/Http/Request))
#75 C:/Users/EMANUELCLEMENTEMARTI/Downloads/sistema hotel/vendor/laravel/framework/src/Illuminate/Foundation/resources/server.php(23): require_once('C://Users//EMANUE...')
#76 {main}
"} 
[2026-03-31 17:50:48] laravel.WARNING: League\Flysystem\AwsS3V3\AwsS3V3Adapter::__construct(): Implicitly marking parameter $mimeTypeDetector as nullable is deprecated, the explicit nullable type must be used instead in C:\Users\EMANUELCLEMENTEMARTI\Downloads\sistema hotel\vendor\league\flysystem-aws-s3-v3\AwsS3V3Adapter.php on line 0  
[2026-03-31 17:50:48] laravel.EMERGENCY: Unable to create configured logger. Using emergency logger. {"exception":"[object] (InvalidArgumentException(code: 0): Driver [null] is not supported. at C:/Users/EMANUELCLEMENTEMARTI/Downloads/sistema hotel/vendor/laravel/framework/src/Illuminate/Log/LogManager.php:235)
[stacktrace]
#0 C:/Users/EMANUELCLEMENTEMARTI/Downloads/sistema hotel/vendor/laravel/framework/src/Illuminate/Log/LogManager.php(138): Illuminate/Log/LogManager->resolve('deprecations', Array)
#1 C:/Users/EMANUELCLEMENTEMARTI/Downloads/sistema hotel/vendor/laravel/framework/src/Illuminate/Log/LogManager.php(125): Illuminate/Log/LogManager->get('deprecations')
#2 C:/Users/EMANUELCLEMENTEMARTI/Downloads/sistema hotel/vendor/laravel/framework/src/Illuminate/Log/LogManager.php(114): Illuminate/Log/LogManager->driver('deprecations')
#3 C:/Users/EMANUELCLEMENTEMARTI/Downloads/sistema hotel/vendor/laravel/framework/src/Illuminate/Foundation/Bootstrap/HandleExceptions.php(105): Illuminate/Log/LogManager->channel('deprecations')
#4 C:/Users/EMANUELCLEMENTEMARTI/Downloads/sistema hotel/vendor/laravel/framework/src/Illuminate/Foundation/Bootstrap/HandleExceptions.php(74): Illuminate/Foundation/Bootstrap/HandleExceptions->handleDeprecationError('League//Flysyste...', 'C://Users//EMANUE...', 295, 8192)
#5 C:/Users/EMANUELCLEMENTEMARTI/Downloads/sistema hotel/vendor/laravel/framework/src/Illuminate/Foundation/Bootstrap/HandleExceptions.php(258): Illuminate/Foundation/Bootstrap/HandleExceptions->handleError(8192, 'League//Flysyste...', 'C://Users//EMANUE...', 295)
#6 C:/Users/EMANUELCLEMENTEMARTI/Downloads/sistema hotel/vendor/composer/ClassLoader.php(576): Illuminate/Foundation/Bootstrap/HandleExceptions->{closure:Illuminate/Foundation/Bootstrap/HandleExceptions::forwardsTo():257}(8192, 'League//Flysyste...', 'C://Users//EMANUE...', 295)
#7 C:/Users/EMANUELCLEMENTEMARTI/Downloads/sistema hotel/vendor/composer/ClassLoader.php(576): include('C://Users//EMANUE...')
#8 C:/Users/EMANUELCLEMENTEMARTI/Downloads/sistema hotel/vendor/composer/ClassLoader.php(427): {closure:Composer/Autoload/ClassLoader::initializeIncludeClosure():575}('C://Users//EMANUE...')
#9 C:/Users/EMANUELCLEMENTEMARTI/Downloads/sistema hotel/vendor/laravel/framework/src/Illuminate/Filesystem/FilesystemManager.php(257): Composer/Autoload/ClassLoader->loadClass('League//Flysyste...')
#10 C:/Users/EMANUELCLEMENTEMARTI/Downloads/sistema hotel/vendor/laravel/framework/src/Illuminate/Filesystem/FilesystemManager.php(153): Illuminate/Filesystem/FilesystemManager->createS3Driver(Array, 'supabase')
#11 C:/Users/EMANUELCLEMENTEMARTI/Downloads/sistema hotel/vendor/laravel/framework/src/Illuminate/Filesystem/FilesystemManager.php(121): Illuminate/Filesystem/FilesystemManager->resolve('supabase')
#12 C:/Users/EMANUELCLEMENTEMARTI/Downloads/sistema hotel/vendor/laravel/framework/src/Illuminate/Filesystem/FilesystemManager.php(84): Illuminate/Filesystem/FilesystemManager->get('supabase')
#13 C:/Users/EMANUELCLEMENTEMARTI/Downloads/sistema hotel/vendor/laravel/framework/src/Illuminate/Support/Facades/Facade.php(363): Illuminate/Filesystem/FilesystemManager->disk('supabase')
#14 C:/Users/EMANUELCLEMENTEMARTI/Downloads/sistema hotel/vendor/livewire/livewire/src/Features/SupportFileUploads/FileUploadConfiguration.php(27): Illuminate/Support/Facades/Facade::__callStatic('disk', Array)
#15 C:/Users/EMANUELCLEMENTEMARTI/Downloads/sistema hotel/vendor/livewire/livewire/src/Features/SupportFileUploads/GenerateSignedUploadUrl.php(20): Livewire/Features/SupportFileUploads/FileUploadConfiguration::storage()
#16 C:/Users/EMANUELCLEMENTEMARTI/Downloads/sistema hotel/vendor/laravel/framework/src/Illuminate/Support/Facades/Facade.php(363): Livewire/Features/SupportFileUploads/GenerateSignedUploadUrl->forS3(Object(Illuminate/Http/Testing/File))
#17 C:/Users/EMANUELCLEMENTEMARTI/Downloads/sistema hotel/vendor/livewire/livewire/src/Features/SupportFileUploads/WithFileUploads.php(20): Illuminate/Support/Facades/Facade::__callStatic('forS3', Array)
#18 C:/Users/EMANUELCLEMENTEMARTI/Downloads/sistema hotel/vendor/laravel/framework/src/Illuminate/Container/BoundMethod.php(36): App/Livewire/ImageManager->_startUpload('imagen', Array, false)
#19 C:/Users/EMANUELCLEMENTEMARTI/Downloads/sistema hotel/vendor/laravel/framework/src/Illuminate/Container/Util.php(43): Illuminate/Container/BoundMethod::{closure:Illuminate/Container/BoundMethod::call():35}()
#20 C:/Users/EMANUELCLEMENTEMARTI/Downloads/sistema hotel/vendor/laravel/framework/src/Illuminate/Container/BoundMethod.php(96): Illuminate/Container/Util::unwrapIfClosure(Object(Closure))
#21 C:/Users/EMANUELCLEMENTEMARTI/Downloads/sistema hotel/vendor/laravel/framework/src/Illuminate/Container/BoundMethod.php(35): Illuminate/Container/BoundMethod::callBoundMethod(Object(Illuminate/Foundation/Application), Array, Object(Closure))
#22 C:/Users/EMANUELCLEMENTEMARTI/Downloads/sistema hotel/vendor/livewire/livewire/src/Wrapped.php(23): Illuminate/Container/BoundMethod::call(Object(Illuminate/Foundation/Application), Array, Array)
#23 C:/Users/EMANUELCLEMENTEMARTI/Downloads/sistema hotel/vendor/livewire/livewire/src/Mechanisms/HandleComponents/HandleComponents.php(492): Livewire/Wrapped->__call('_startUpload', Array)
#24 C:/Users/EMANUELCLEMENTEMARTI/Downloads/sistema hotel/vendor/livewire/livewire/src/Mechanisms/HandleComponents/HandleComponents.php(101): Livewire/Mechanisms/HandleComponents/HandleComponents->callMethods(Object(App/Livewire/ImageManager), Array, Object(Livewire/Mechanisms/HandleComponents/ComponentContext))
#25 C:/Users/EMANUELCLEMENTEMARTI/Downloads/sistema hotel/vendor/livewire/livewire/src/LivewireManager.php(102): Livewire/Mechanisms/HandleComponents/HandleComponents->update(Array, Array, Array)
#26 C:/Users/EMANUELCLEMENTEMARTI/Downloads/sistema hotel/vendor/livewire/livewire/src/Mechanisms/HandleRequests/HandleRequests.php(131): Livewire/LivewireManager->update(Array, Array, Array)
#27 C:/Users/EMANUELCLEMENTEMARTI/Downloads/sistema hotel/vendor/laravel/framework/src/Illuminate/Routing/ControllerDispatcher.php(46): Livewire/Mechanisms/HandleRequests/HandleRequests->handleUpdate()
#28 C:/Users/EMANUELCLEMENTEMARTI/Downloads/sistema hotel/vendor/laravel/framework/src/Illuminate/Routing/Route.php(265): Illuminate/Routing/ControllerDispatcher->dispatch(Object(Illuminate/Routing/Route), Object(Livewire/Mechanisms/HandleRequests/HandleRequests), 'handleUpdate')
#29 C:/Users/EMANUELCLEMENTEMARTI/Downloads/sistema hotel/vendor/laravel/framework/src/Illuminate/Routing/Route.php(211): Illuminate/Routing/Route->runController()
#30 C:/Users/EMANUELCLEMENTEMARTI/Downloads/sistema hotel/vendor/laravel/framework/src/Illuminate/Routing/Router.php(822): Illuminate/Routing/Route->run()
#31 C:/Users/EMANUELCLEMENTEMARTI/Downloads/sistema hotel/vendor/laravel/framework/src/Illuminate/Pipeline/Pipeline.php(180): Illuminate/Routing/Router->{closure:Illuminate/Routing/Router::runRouteWithinStack():821}(Object(Illuminate/Http/Request))
#32 C:/Users/EMANUELCLEMENTEMARTI/Downloads/sistema hotel/vendor/laravel/framework/src/Illuminate/Routing/Middleware/SubstituteBindings.php(50): Illuminate/Pipeline/Pipeline->{closure:Illuminate/Pipeline/Pipeline::prepareDestination():178}(Object(Illuminate/Http/Request))
#33 C:/Users/EMANUELCLEMENTEMARTI/Downloads/sistema hotel/vendor/laravel/framework/src/Illuminate/Pipeline/Pipeline.php(219): Illuminate/Routing/Middleware/SubstituteBindings->handle(Object(Illuminate/Http/Request), Object(Closure))
#34 C:/Users/EMANUELCLEMENTEMARTI/Downloads/sistema hotel/vendor/laravel/framework/src/Illuminate/Foundation/Http/Middleware/VerifyCsrfToken.php(87): Illuminate/Pipeline/Pipeline->{closure:{closure:Illuminate/Pipeline/Pipeline::carry():194}:195}(Object(Illuminate/Http/Request))
#35 C:/Users/EMANUELCLEMENTEMARTI/Downloads/sistema hotel/vendor/laravel/framework/src/Illuminate/Pipeline/Pipeline.php(219): Illuminate/Foundation/Http/Middleware/VerifyCsrfToken->handle(Object(Illuminate/Http/Request), Object(Closure))
#36 C:/Users/EMANUELCLEMENTEMARTI/Downloads/sistema hotel/vendor/laravel/framework/src/Illuminate/View/Middleware/ShareErrorsFromSession.php(48): Illuminate/Pipeline/Pipeline->{closure:{closure:Illuminate/Pipeline/Pipeline::carry():194}:195}(Object(Illuminate/Http/Request))
#37 C:/Users/EMANUELCLEMENTEMARTI/Downloads/sistema hotel/vendor/laravel/framework/src/Illuminate/Pipeline/Pipeline.php(219): Illuminate/View/Middleware/ShareErrorsFromSession->handle(Object(Illuminate/Http/Request), Object(Closure))
#38 C:/Users/EMANUELCLEMENTEMARTI/Downloads/sistema hotel/vendor/laravel/framework/src/Illuminate/Session/Middleware/StartSession.php(120): Illuminate/Pipeline/Pipeline->{closure:{closure:Illuminate/Pipeline/Pipeline::carry():194}:195}(Object(Illuminate/Http/Request))
#39 C:/Users/EMANUELCLEMENTEMARTI/Downloads/sistema hotel/vendor/laravel/framework/src/Illuminate/Session/Middleware/StartSession.php(63): Illuminate/Session/Middleware/StartSession->handleStatefulRequest(Object(Illuminate/Http/Request), Object(Illuminate/Session/Store), Object(Closure))
#40 C:/Users/EMANUELCLEMENTEMARTI/Downloads/sistema hotel/vendor/laravel/framework/src/Illuminate/Pipeline/Pipeline.php(219): Illuminate/Session/Middleware/StartSession->handle(Object(Illuminate/Http/Request), Object(Closure))
#41 C:/Users/EMANUELCLEMENTEMARTI/Downloads/sistema hotel/vendor/laravel/framework/src/Illuminate/Cookie/Middleware/AddQueuedCookiesToResponse.php(36): Illuminate/Pipeline/Pipeline->{closure:{closure:Illuminate/Pipeline/Pipeline::carry():194}:195}(Object(Illuminate/Http/Request))
#42 C:/Users/EMANUELCLEMENTEMARTI/Downloads/sistema hotel/vendor/laravel/framework/src/Illuminate/Pipeline/Pipeline.php(219): Illuminate/Cookie/Middleware/AddQueuedCookiesToResponse->handle(Object(Illuminate/Http/Request), Object(Closure))
#43 C:/Users/EMANUELCLEMENTEMARTI/Downloads/sistema hotel/vendor/laravel/framework/src/Illuminate/Cookie/Middleware/EncryptCookies.php(74): Illuminate/Pipeline/Pipeline->{closure:{closure:Illuminate/Pipeline/Pipeline::carry():194}:195}(Object(Illuminate/Http/Request))
#44 C:/Users/EMANUELCLEMENTEMARTI/Downloads/sistema hotel/vendor/laravel/framework/src/Illuminate/Pipeline/Pipeline.php(219): Illuminate/Cookie/Middleware/EncryptCookies->handle(Object(Illuminate/Http/Request), Object(Closure))
#45 C:/Users/EMANUELCLEMENTEMARTI/Downloads/sistema hotel/vendor/laravel/framework/src/Illuminate/Pipeline/Pipeline.php(137): Illuminate/Pipeline/Pipeline->{closure:{closure:Illuminate/Pipeline/Pipeline::carry():194}:195}(Object(Illuminate/Http/Request))
#46 C:/Users/EMANUELCLEMENTEMARTI/Downloads/sistema hotel/vendor/laravel/framework/src/Illuminate/Routing/Router.php(821): Illuminate/Pipeline/Pipeline->then(Object(Closure))
#47 C:/Users/EMANUELCLEMENTEMARTI/Downloads/sistema hotel/vendor/laravel/framework/src/Illuminate/Routing/Router.php(800): Illuminate/Routing/Router->runRouteWithinStack(Object(Illuminate/Routing/Route), Object(Illuminate/Http/Request))
#48 C:/Users/EMANUELCLEMENTEMARTI/Downloads/sistema hotel/vendor/laravel/framework/src/Illuminate/Routing/Router.php(764): Illuminate/Routing/Router->runRoute(Object(Illuminate/Http/Request), Object(Illuminate/Routing/Route))
#49 C:/Users/EMANUELCLEMENTEMARTI/Downloads/sistema hotel/vendor/laravel/framework/src/Illuminate/Routing/Router.php(753): Illuminate/Routing/Router->dispatchToRoute(Object(Illuminate/Http/Request))
#50 C:/Users/EMANUELCLEMENTEMARTI/Downloads/sistema hotel/vendor/laravel/framework/src/Illuminate/Foundation/Http/Kernel.php(200): Illuminate/Routing/Router->dispatch(Object(Illuminate/Http/Request))
#51 C:/Users/EMANUELCLEMENTEMARTI/Downloads/sistema hotel/vendor/laravel/framework/src/Illuminate/Pipeline/Pipeline.php(180): Illuminate/Foundation/Http/Kernel->{closure:Illuminate/Foundation/Http/Kernel::dispatchToRouter():197}(Object(Illuminate/Http/Request))
#52 C:/Users/EMANUELCLEMENTEMARTI/Downloads/sistema hotel/vendor/livewire/livewire/src/Features/SupportDisablingBackButtonCache/DisableBackButtonCacheMiddleware.php(19): Illuminate/Pipeline/Pipeline->{closure:Illuminate/Pipeline/Pipeline::prepareDestination():178}(Object(Illuminate/Http/Request))
#53 C:/Users/EMANUELCLEMENTEMARTI/Downloads/sistema hotel/vendor/laravel/framework/src/Illuminate/Pipeline/Pipeline.php(219): Livewire/Features/SupportDisablingBackButtonCache/DisableBackButtonCacheMiddleware->handle(Object(Illuminate/Http/Request), Object(Closure))
#54 C:/Users/EMANUELCLEMENTEMARTI/Downloads/sistema hotel/vendor/laravel/framework/src/Illuminate/Foundation/Http/Middleware/ConvertEmptyStringsToNull.php(27): Illuminate/Pipeline/Pipeline->{closure:{closure:Illuminate/Pipeline/Pipeline::carry():194}:195}(Object(Illuminate/Http/Request))
#55 C:/Users/EMANUELCLEMENTEMARTI/Downloads/sistema hotel/vendor/laravel/framework/src/Illuminate/Pipeline/Pipeline.php(219): Illuminate/Foundation/Http/Middleware/ConvertEmptyStringsToNull->handle(Object(Illuminate/Http/Request), Object(Closure))
#56 C:/Users/EMANUELCLEMENTEMARTI/Downloads/sistema hotel/vendor/laravel/framework/src/Illuminate/Foundation/Http/Middleware/TrimStrings.php(47): Illuminate/Pipeline/Pipeline->{closure:{closure:Illuminate/Pipeline/Pipeline::carry():194}:195}(Object(Illuminate/Http/Request))
#57 C:/Users/EMANUELCLEMENTEMARTI/Downloads/sistema hotel/vendor/laravel/framework/src/Illuminate/Pipeline/Pipeline.php(219): Illuminate/Foundation/Http/Middleware/TrimStrings->handle(Object(Illuminate/Http/Request), Object(Closure))
#58 C:/Users/EMANUELCLEMENTEMARTI/Downloads/sistema hotel/vendor/laravel/framework/src/Illuminate/Http/Middleware/ValidatePostSize.php(27): Illuminate/Pipeline/Pipeline->{closure:{closure:Illuminate/Pipeline/Pipeline::carry():194}:195}(Object(Illuminate/Http/Request))
#59 C:/Users/EMANUELCLEMENTEMARTI/Downloads/sistema hotel/vendor/laravel/framework/src/Illuminate/Pipeline/Pipeline.php(219): Illuminate/Http/Middleware/ValidatePostSize->handle(Object(Illuminate/Http/Request), Object(Closure))
#60 C:/Users/EMANUELCLEMENTEMARTI/Downloads/sistema hotel/vendor/laravel/framework/src/Illuminate/Foundation/Http/Middleware/PreventRequestsDuringMaintenance.php(109): Illuminate/Pipeline/Pipeline->{closure:{closure:Illuminate/Pipeline/Pipeline::carry():194}:195}(Object(Illuminate/Http/Request))
#61 C:/Users/EMANUELCLEMENTEMARTI/Downloads/sistema hotel/vendor/laravel/framework/src/Illuminate/Pipeline/Pipeline.php(219): Illuminate/Foundation/Http/Middleware/PreventRequestsDuringMaintenance->handle(Object(Illuminate/Http/Request), Object(Closure))
#62 C:/Users/EMANUELCLEMENTEMARTI/Downloads/sistema hotel/vendor/laravel/framework/src/Illuminate/Http/Middleware/HandleCors.php(61): Illuminate/Pipeline/Pipeline->{closure:{closure:Illuminate/Pipeline/Pipeline::carry():194}:195}(Object(Illuminate/Http/Request))
#63 C:/Users/EMANUELCLEMENTEMARTI/Downloads/sistema hotel/vendor/laravel/framework/src/Illuminate/Pipeline/Pipeline.php(219): Illuminate/Http/Middleware/HandleCors->handle(Object(Illuminate/Http/Request), Object(Closure))
#64 C:/Users/EMANUELCLEMENTEMARTI/Downloads/sistema hotel/vendor/laravel/framework/src/Illuminate/Http/Middleware/TrustProxies.php(58): Illuminate/Pipeline/Pipeline->{closure:{closure:Illuminate/Pipeline/Pipeline::carry():194}:195}(Object(Illuminate/Http/Request))
#65 C:/Users/EMANUELCLEMENTEMARTI/Downloads/sistema hotel/vendor/laravel/framework/src/Illuminate/Pipeline/Pipeline.php(219): Illuminate/Http/Middleware/TrustProxies->handle(Object(Illuminate/Http/Request), Object(Closure))
#66 C:/Users/EMANUELCLEMENTEMARTI/Downloads/sistema hotel/vendor/laravel/framework/src/Illuminate/Foundation/Http/Middleware/InvokeDeferredCallbacks.php(22): Illuminate/Pipeline/Pipeline->{closure:{closure:Illuminate/Pipeline/Pipeline::carry():194}:195}(Object(Illuminate/Http/Request))
#67 C:/Users/EMANUELCLEMENTEMARTI/Downloads/sistema hotel/vendor/laravel/framework/src/Illuminate/Pipeline/Pipeline.php(219): Illuminate/Foundation/Http/Middleware/InvokeDeferredCallbacks->handle(Object(Illuminate/Http/Request), Object(Closure))
#68 C:/Users/EMANUELCLEMENTEMARTI/Downloads/sistema hotel/vendor/laravel/framework/src/Illuminate/Http/Middleware/ValidatePathEncoding.php(26): Illuminate/Pipeline/Pipeline->{closure:{closure:Illuminate/Pipeline/Pipeline::carry():194}:195}(Object(Illuminate/Http/Request))
#69 C:/Users/EMANUELCLEMENTEMARTI/Downloads/sistema hotel/vendor/laravel/framework/src/Illuminate/Pipeline/Pipeline.php(219): Illuminate/Http/Middleware/ValidatePathEncoding->handle(Object(Illuminate/Http/Request), Object(Closure))
#70 C:/Users/EMANUELCLEMENTEMARTI/Downloads/sistema hotel/vendor/laravel/framework/src/Illuminate/Pipeline/Pipeline.php(137): Illuminate/Pipeline/Pipeline->{closure:{closure:Illuminate/Pipeline/Pipeline::carry():194}:195}(Object(Illuminate/Http/Request))
#71 C:/Users/EMANUELCLEMENTEMARTI/Downloads/sistema hotel/vendor/laravel/framework/src/Illuminate/Foundation/Http/Kernel.php(175): Illuminate/Pipeline/Pipeline->then(Object(Closure))
#72 C:/Users/EMANUELCLEMENTEMARTI/Downloads/sistema hotel/vendor/laravel/framework/src/Illuminate/Foundation/Http/Kernel.php(144): Illuminate/Foundation/Http/Kernel->sendRequestThroughRouter(Object(Illuminate/Http/Request))
#73 C:/Users/EMANUELCLEMENTEMARTI/Downloads/sistema hotel/vendor/laravel/framework/src/Illuminate/Foundation/Application.php(1220): Illuminate/Foundation/Http/Kernel->handle(Object(Illuminate/Http/Request))
#74 C:/Users/EMANUELCLEMENTEMARTI/Downloads/sistema hotel/public/index.php(17): Illuminate/Foundation/Application->handleRequest(Object(Illuminate/Http/Request))
#75 C:/Users/EMANUELCLEMENTEMARTI/Downloads/sistema hotel/vendor/laravel/framework/src/Illuminate/Foundation/resources/server.php(23): require_once('C://Users//EMANUE...')
#76 {main}
"} 
[2026-03-31 17:50:48] laravel.WARNING: League\Flysystem\AwsS3V3\AwsS3V3Adapter::mapS3ObjectMetadata(): Implicitly marking parameter $path as nullable is deprecated, the explicit nullable type must be used instead in C:\Users\EMANUELCLEMENTEMARTI\Downloads\sistema hotel\vendor\league\flysystem-aws-s3-v3\AwsS3V3Adapter.php on line 295  
[2026-03-31 17:50:55] laravel.EMERGENCY: Unable to create configured logger. Using emergency logger. {"exception":"[object] (InvalidArgumentException(code: 0): Driver [null] is not supported. at C:/Users/EMANUELCLEMENTEMARTI/Downloads/sistema hotel/vendor/laravel/framework/src/Illuminate/Log/LogManager.php:235)
[stacktrace]
#0 C:/Users/EMANUELCLEMENTEMARTI/Downloads/sistema hotel/vendor/laravel/framework/src/Illuminate/Log/LogManager.php(138): Illuminate/Log/LogManager->resolve('deprecations', Array)
#1 C:/Users/EMANUELCLEMENTEMARTI/Downloads/sistema hotel/vendor/laravel/framework/src/Illuminate/Log/LogManager.php(125): Illuminate/Log/LogManager->get('deprecations')
#2 C:/Users/EMANUELCLEMENTEMARTI/Downloads/sistema hotel/vendor/laravel/framework/src/Illuminate/Log/LogManager.php(114): Illuminate/Log/LogManager->driver('deprecations')
#3 C:/Users/EMANUELCLEMENTEMARTI/Downloads/sistema hotel/vendor/laravel/framework/src/Illuminate/Foundation/Bootstrap/HandleExceptions.php(105): Illuminate/Log/LogManager->channel('deprecations')
#4 C:/Users/EMANUELCLEMENTEMARTI/Downloads/sistema hotel/vendor/laravel/framework/src/Illuminate/Foundation/Bootstrap/HandleExceptions.php(74): Illuminate/Foundation/Bootstrap/HandleExceptions->handleDeprecationError('League//Flysyste...', 'C://Users//EMANUE...', 108, 8192)
#5 C:/Users/EMANUELCLEMENTEMARTI/Downloads/sistema hotel/vendor/laravel/framework/src/Illuminate/Foundation/Bootstrap/HandleExceptions.php(258): Illuminate/Foundation/Bootstrap/HandleExceptions->handleError(8192, 'League//Flysyste...', 'C://Users//EMANUE...', 108)
#6 C:/Users/EMANUELCLEMENTEMARTI/Downloads/sistema hotel/vendor/composer/ClassLoader.php(576): Illuminate/Foundation/Bootstrap/HandleExceptions->{closure:Illuminate/Foundation/Bootstrap/HandleExceptions::forwardsTo():257}(8192, 'League//Flysyste...', 'C://Users//EMANUE...', 108)
#7 C:/Users/EMANUELCLEMENTEMARTI/Downloads/sistema hotel/vendor/composer/ClassLoader.php(576): include('C://Users//EMANUE...')
#8 C:/Users/EMANUELCLEMENTEMARTI/Downloads/sistema hotel/vendor/composer/ClassLoader.php(427): {closure:Composer/Autoload/ClassLoader::initializeIncludeClosure():575}('C://Users//EMANUE...')
#9 C:/Users/EMANUELCLEMENTEMARTI/Downloads/sistema hotel/vendor/laravel/framework/src/Illuminate/Filesystem/FilesystemManager.php(257): Composer/Autoload/ClassLoader->loadClass('League//Flysyste...')
#10 C:/Users/EMANUELCLEMENTEMARTI/Downloads/sistema hotel/vendor/laravel/framework/src/Illuminate/Filesystem/FilesystemManager.php(153): Illuminate/Filesystem/FilesystemManager->createS3Driver(Array, 'supabase')
#11 C:/Users/EMANUELCLEMENTEMARTI/Downloads/sistema hotel/vendor/laravel/framework/src/Illuminate/Filesystem/FilesystemManager.php(121): Illuminate/Filesystem/FilesystemManager->resolve('supabase')
#12 C:/Users/EMANUELCLEMENTEMARTI/Downloads/sistema hotel/vendor/laravel/framework/src/Illuminate/Filesystem/FilesystemManager.php(84): Illuminate/Filesystem/FilesystemManager->get('supabase')
#13 C:/Users/EMANUELCLEMENTEMARTI/Downloads/sistema hotel/vendor/laravel/framework/src/Illuminate/Support/Facades/Facade.php(363): Illuminate/Filesystem/FilesystemManager->disk('supabase')
#14 C:/Users/EMANUELCLEMENTEMARTI/Downloads/sistema hotel/vendor/livewire/livewire/src/Features/SupportFileUploads/TemporaryUploadedFile.php(20): Illuminate/Support/Facades/Facade::__callStatic('disk', Array)
#15 C:/Users/EMANUELCLEMENTEMARTI/Downloads/sistema hotel/vendor/livewire/livewire/src/Features/SupportFileUploads/TemporaryUploadedFile.php(200): Livewire/Features/SupportFileUploads/TemporaryUploadedFile->__construct('zOVh8nOipugFlf8...', 'supabase')
#16 C:/Users/EMANUELCLEMENTEMARTI/Downloads/sistema hotel/vendor/livewire/livewire/src/Features/SupportFileUploads/WithFileUploads.php(49): Livewire/Features/SupportFileUploads/TemporaryUploadedFile::createFromLivewire('zOVh8nOipugFlf8...')
#17 C:/Users/EMANUELCLEMENTEMARTI/Downloads/sistema hotel/vendor/laravel/framework/src/Illuminate/Container/BoundMethod.php(36): App/Livewire/ImageManager->_finishUpload('imagen', Array, false, false)
#18 C:/Users/EMANUELCLEMENTEMARTI/Downloads/sistema hotel/vendor/laravel/framework/src/Illuminate/Container/Util.php(43): Illuminate/Container/BoundMethod::{closure:Illuminate/Container/BoundMethod::call():35}()
#19 C:/Users/EMANUELCLEMENTEMARTI/Downloads/sistema hotel/vendor/laravel/framework/src/Illuminate/Container/BoundMethod.php(96): Illuminate/Container/Util::unwrapIfClosure(Object(Closure))
#20 C:/Users/EMANUELCLEMENTEMARTI/Downloads/sistema hotel/vendor/laravel/framework/src/Illuminate/Container/BoundMethod.php(35): Illuminate/Container/BoundMethod::callBoundMethod(Object(Illuminate/Foundation/Application), Array, Object(Closure))
#21 C:/Users/EMANUELCLEMENTEMARTI/Downloads/sistema hotel/vendor/livewire/livewire/src/Wrapped.php(23): Illuminate/Container/BoundMethod::call(Object(Illuminate/Foundation/Application), Array, Array)
#22 C:/Users/EMANUELCLEMENTEMARTI/Downloads/sistema hotel/vendor/livewire/livewire/src/Mechanisms/HandleComponents/HandleComponents.php(492): Livewire/Wrapped->__call('_finishUpload', Array)
#23 C:/Users/EMANUELCLEMENTEMARTI/Downloads/sistema hotel/vendor/livewire/livewire/src/Mechanisms/HandleComponents/HandleComponents.php(101): Livewire/Mechanisms/HandleComponents/HandleComponents->callMethods(Object(App/Livewire/ImageManager), Array, Object(Livewire/Mechanisms/HandleComponents/ComponentContext))
#24 C:/Users/EMANUELCLEMENTEMARTI/Downloads/sistema hotel/vendor/livewire/livewire/src/LivewireManager.php(102): Livewire/Mechanisms/HandleComponents/HandleComponents->update(Array, Array, Array)
#25 C:/Users/EMANUELCLEMENTEMARTI/Downloads/sistema hotel/vendor/livewire/livewire/src/Mechanisms/HandleRequests/HandleRequests.php(131): Livewire/LivewireManager->update(Array, Array, Array)
#26 C:/Users/EMANUELCLEMENTEMARTI/Downloads/sistema hotel/vendor/laravel/framework/src/Illuminate/Routing/ControllerDispatcher.php(46): Livewire/Mechanisms/HandleRequests/HandleRequests->handleUpdate()
#27 C:/Users/EMANUELCLEMENTEMARTI/Downloads/sistema hotel/vendor/laravel/framework/src/Illuminate/Routing/Route.php(265): Illuminate/Routing/ControllerDispatcher->dispatch(Object(Illuminate/Routing/Route), Object(Livewire/Mechanisms/HandleRequests/HandleRequests), 'handleUpdate')
#28 C:/Users/EMANUELCLEMENTEMARTI/Downloads/sistema hotel/vendor/laravel/framework/src/Illuminate/Routing/Route.php(211): Illuminate/Routing/Route->runController()
#29 C:/Users/EMANUELCLEMENTEMARTI/Downloads/sistema hotel/vendor/laravel/framework/src/Illuminate/Routing/Router.php(822): Illuminate/Routing/Route->run()
#30 C:/Users/EMANUELCLEMENTEMARTI/Downloads/sistema hotel/vendor/laravel/framework/src/Illuminate/Pipeline/Pipeline.php(180): Illuminate/Routing/Router->{closure:Illuminate/Routing/Router::runRouteWithinStack():821}(Object(Illuminate/Http/Request))
#31 C:/Users/EMANUELCLEMENTEMARTI/Downloads/sistema hotel/vendor/laravel/framework/src/Illuminate/Routing/Middleware/SubstituteBindings.php(50): Illuminate/Pipeline/Pipeline->{closure:Illuminate/Pipeline/Pipeline::prepareDestination():178}(Object(Illuminate/Http/Request))
#32 C:/Users/EMANUELCLEMENTEMARTI/Downloads/sistema hotel/vendor/laravel/framework/src/Illuminate/Pipeline/Pipeline.php(219): Illuminate/Routing/Middleware/SubstituteBindings->handle(Object(Illuminate/Http/Request), Object(Closure))
#33 C:/Users/EMANUELCLEMENTEMARTI/Downloads/sistema hotel/vendor/laravel/framework/src/Illuminate/Foundation/Http/Middleware/VerifyCsrfToken.php(87): Illuminate/Pipeline/Pipeline->{closure:{closure:Illuminate/Pipeline/Pipeline::carry():194}:195}(Object(Illuminate/Http/Request))
#34 C:/Users/EMANUELCLEMENTEMARTI/Downloads/sistema hotel/vendor/laravel/framework/src/Illuminate/Pipeline/Pipeline.php(219): Illuminate/Foundation/Http/Middleware/VerifyCsrfToken->handle(Object(Illuminate/Http/Request), Object(Closure))
#35 C:/Users/EMANUELCLEMENTEMARTI/Downloads/sistema hotel/vendor/laravel/framework/src/Illuminate/View/Middleware/ShareErrorsFromSession.php(48): Illuminate/Pipeline/Pipeline->{closure:{closure:Illuminate/Pipeline/Pipeline::carry():194}:195}(Object(Illuminate/Http/Request))
#36 C:/Users/EMANUELCLEMENTEMARTI/Downloads/sistema hotel/vendor/laravel/framework/src/Illuminate/Pipeline/Pipeline.php(219): Illuminate/View/Middleware/ShareErrorsFromSession->handle(Object(Illuminate/Http/Request), Object(Closure))
#37 C:/Users/EMANUELCLEMENTEMARTI/Downloads/sistema hotel/vendor/laravel/framework/src/Illuminate/Session/Middleware/StartSession.php(120): Illuminate/Pipeline/Pipeline->{closure:{closure:Illuminate/Pipeline/Pipeline::carry():194}:195}(Object(Illuminate/Http/Request))
#38 C:/Users/EMANUELCLEMENTEMARTI/Downloads/sistema hotel/vendor/laravel/framework/src/Illuminate/Session/Middleware/StartSession.php(63): Illuminate/Session/Middleware/StartSession->handleStatefulRequest(Object(Illuminate/Http/Request), Object(Illuminate/Session/Store), Object(Closure))
#39 C:/Users/EMANUELCLEMENTEMARTI/Downloads/sistema hotel/vendor/laravel/framework/src/Illuminate/Pipeline/Pipeline.php(219): Illuminate/Session/Middleware/StartSession->handle(Object(Illuminate/Http/Request), Object(Closure))
#40 C:/Users/EMANUELCLEMENTEMARTI/Downloads/sistema hotel/vendor/laravel/framework/src/Illuminate/Cookie/Middleware/AddQueuedCookiesToResponse.php(36): Illuminate/Pipeline/Pipeline->{closure:{closure:Illuminate/Pipeline/Pipeline::carry():194}:195}(Object(Illuminate/Http/Request))
#41 C:/Users/EMANUELCLEMENTEMARTI/Downloads/sistema hotel/vendor/laravel/framework/src/Illuminate/Pipeline/Pipeline.php(219): Illuminate/Cookie/Middleware/AddQueuedCookiesToResponse->handle(Object(Illuminate/Http/Request), Object(Closure))
#42 C:/Users/EMANUELCLEMENTEMARTI/Downloads/sistema hotel/vendor/laravel/framework/src/Illuminate/Cookie/Middleware/EncryptCookies.php(74): Illuminate/Pipeline/Pipeline->{closure:{closure:Illuminate/Pipeline/Pipeline::carry():194}:195}(Object(Illuminate/Http/Request))
#43 C:/Users/EMANUELCLEMENTEMARTI/Downloads/sistema hotel/vendor/laravel/framework/src/Illuminate/Pipeline/Pipeline.php(219): Illuminate/Cookie/Middleware/EncryptCookies->handle(Object(Illuminate/Http/Request), Object(Closure))
#44 C:/Users/EMANUELCLEMENTEMARTI/Downloads/sistema hotel/vendor/laravel/framework/src/Illuminate/Pipeline/Pipeline.php(137): Illuminate/Pipeline/Pipeline->{closure:{closure:Illuminate/Pipeline/Pipeline::carry():194}:195}(Object(Illuminate/Http/Request))
#45 C:/Users/EMANUELCLEMENTEMARTI/Downloads/sistema hotel/vendor/laravel/framework/src/Illuminate/Routing/Router.php(821): Illuminate/Pipeline/Pipeline->then(Object(Closure))
#46 C:/Users/EMANUELCLEMENTEMARTI/Downloads/sistema hotel/vendor/laravel/framework/src/Illuminate/Routing/Router.php(800): Illuminate/Routing/Router->runRouteWithinStack(Object(Illuminate/Routing/Route), Object(Illuminate/Http/Request))
#47 C:/Users/EMANUELCLEMENTEMARTI/Downloads/sistema hotel/vendor/laravel/framework/src/Illuminate/Routing/Router.php(764): Illuminate/Routing/Router->runRoute(Object(Illuminate/Http/Request), Object(Illuminate/Routing/Route))
#48 C:/Users/EMANUELCLEMENTEMARTI/Downloads/sistema hotel/vendor/laravel/framework/src/Illuminate/Routing/Router.php(753): Illuminate/Routing/Router->dispatchToRoute(Object(Illuminate/Http/Request))
#49 C:/Users/EMANUELCLEMENTEMARTI/Downloads/sistema hotel/vendor/laravel/framework/src/Illuminate/Foundation/Http/Kernel.php(200): Illuminate/Routing/Router->dispatch(Object(Illuminate/Http/Request))
#50 C:/Users/EMANUELCLEMENTEMARTI/Downloads/sistema hotel/vendor/laravel/framework/src/Illuminate/Pipeline/Pipeline.php(180): Illuminate/Foundation/Http/Kernel->{closure:Illuminate/Foundation/Http/Kernel::dispatchToRouter():197}(Object(Illuminate/Http/Request))
#51 C:/Users/EMANUELCLEMENTEMARTI/Downloads/sistema hotel/vendor/livewire/livewire/src/Features/SupportDisablingBackButtonCache/DisableBackButtonCacheMiddleware.php(19): Illuminate/Pipeline/Pipeline->{closure:Illuminate/Pipeline/Pipeline::prepareDestination():178}(Object(Illuminate/Http/Request))
#52 C:/Users/EMANUELCLEMENTEMARTI/Downloads/sistema hotel/vendor/laravel/framework/src/Illuminate/Pipeline/Pipeline.php(219): Livewire/Features/SupportDisablingBackButtonCache/DisableBackButtonCacheMiddleware->handle(Object(Illuminate/Http/Request), Object(Closure))
#53 C:/Users/EMANUELCLEMENTEMARTI/Downloads/sistema hotel/vendor/laravel/framework/src/Illuminate/Foundation/Http/Middleware/ConvertEmptyStringsToNull.php(27): Illuminate/Pipeline/Pipeline->{closure:{closure:Illuminate/Pipeline/Pipeline::carry():194}:195}(Object(Illuminate/Http/Request))
#54 C:/Users/EMANUELCLEMENTEMARTI/Downloads/sistema hotel/vendor/laravel/framework/src/Illuminate/Pipeline/Pipeline.php(219): Illuminate/Foundation/Http/Middleware/ConvertEmptyStringsToNull->handle(Object(Illuminate/Http/Request), Object(Closure))
#55 C:/Users/EMANUELCLEMENTEMARTI/Downloads/sistema hotel/vendor/laravel/framework/src/Illuminate/Foundation/Http/Middleware/TrimStrings.php(47): Illuminate/Pipeline/Pipeline->{closure:{closure:Illuminate/Pipeline/Pipeline::carry():194}:195}(Object(Illuminate/Http/Request))
#56 C:/Users/EMANUELCLEMENTEMARTI/Downloads/sistema hotel/vendor/laravel/framework/src/Illuminate/Pipeline/Pipeline.php(219): Illuminate/Foundation/Http/Middleware/TrimStrings->handle(Object(Illuminate/Http/Request), Object(Closure))
#57 C:/Users/EMANUELCLEMENTEMARTI/Downloads/sistema hotel/vendor/laravel/framework/src/Illuminate/Http/Middleware/ValidatePostSize.php(27): Illuminate/Pipeline/Pipeline->{closure:{closure:Illuminate/Pipeline/Pipeline::carry():194}:195}(Object(Illuminate/Http/Request))
#58 C:/Users/EMANUELCLEMENTEMARTI/Downloads/sistema hotel/vendor/laravel/framework/src/Illuminate/Pipeline/Pipeline.php(219): Illuminate/Http/Middleware/ValidatePostSize->handle(Object(Illuminate/Http/Request), Object(Closure))
#59 C:/Users/EMANUELCLEMENTEMARTI/Downloads/sistema hotel/vendor/laravel/framework/src/Illuminate/Foundation/Http/Middleware/PreventRequestsDuringMaintenance.php(109): Illuminate/Pipeline/Pipeline->{closure:{closure:Illuminate/Pipeline/Pipeline::carry():194}:195}(Object(Illuminate/Http/Request))
#60 C:/Users/EMANUELCLEMENTEMARTI/Downloads/sistema hotel/vendor/laravel/framework/src/Illuminate/Pipeline/Pipeline.php(219): Illuminate/Foundation/Http/Middleware/PreventRequestsDuringMaintenance->handle(Object(Illuminate/Http/Request), Object(Closure))
#61 C:/Users/EMANUELCLEMENTEMARTI/Downloads/sistema hotel/vendor/laravel/framework/src/Illuminate/Http/Middleware/HandleCors.php(61): Illuminate/Pipeline/Pipeline->{closure:{closure:Illuminate/Pipeline/Pipeline::carry():194}:195}(Object(Illuminate/Http/Request))
#62 C:/Users/EMANUELCLEMENTEMARTI/Downloads/sistema hotel/vendor/laravel/framework/src/Illuminate/Pipeline/Pipeline.php(219): Illuminate/Http/Middleware/HandleCors->handle(Object(Illuminate/Http/Request), Object(Closure))
#63 C:/Users/EMANUELCLEMENTEMARTI/Downloads/sistema hotel/vendor/laravel/framework/src/Illuminate/Http/Middleware/TrustProxies.php(58): Illuminate/Pipeline/Pipeline->{closure:{closure:Illuminate/Pipeline/Pipeline::carry():194}:195}(Object(Illuminate/Http/Request))
#64 C:/Users/EMANUELCLEMENTEMARTI/Downloads/sistema hotel/vendor/laravel/framework/src/Illuminate/Pipeline/Pipeline.php(219): Illuminate/Http/Middleware/TrustProxies->handle(Object(Illuminate/Http/Request), Object(Closure))
#65 C:/Users/EMANUELCLEMENTEMARTI/Downloads/sistema hotel/vendor/laravel/framework/src/Illuminate/Foundation/Http/Middleware/InvokeDeferredCallbacks.php(22): Illuminate/Pipeline/Pipeline->{closure:{closure:Illuminate/Pipeline/Pipeline::carry():194}:195}(Object(Illuminate/Http/Request))
#66 C:/Users/EMANUELCLEMENTEMARTI/Downloads/sistema hotel/vendor/laravel/framework/src/Illuminate/Pipeline/Pipeline.php(219): Illuminate/Foundation/Http/Middleware/InvokeDeferredCallbacks->handle(Object(Illuminate/Http/Request), Object(Closure))
#67 C:/Users/EMANUELCLEMENTEMARTI/Downloads/sistema hotel/vendor/laravel/framework/src/Illuminate/Http/Middleware/ValidatePathEncoding.php(26): Illuminate/Pipeline/Pipeline->{closure:{closure:Illuminate/Pipeline/Pipeline::carry():194}:195}(Object(Illuminate/Http/Request))
#68 C:/Users/EMANUELCLEMENTEMARTI/Downloads/sistema hotel/vendor/laravel/framework/src/Illuminate/Pipeline/Pipeline.php(219): Illuminate/Http/Middleware/ValidatePathEncoding->handle(Object(Illuminate/Http/Request), Object(Closure))
#69 C:/Users/EMANUELCLEMENTEMARTI/Downloads/sistema hotel/vendor/laravel/framework/src/Illuminate/Pipeline/Pipeline.php(137): Illuminate/Pipeline/Pipeline->{closure:{closure:Illuminate/Pipeline/Pipeline::carry():194}:195}(Object(Illuminate/Http/Request))
#70 C:/Users/EMANUELCLEMENTEMARTI/Downloads/sistema hotel/vendor/laravel/framework/src/Illuminate/Foundation/Http/Kernel.php(175): Illuminate/Pipeline/Pipeline->then(Object(Closure))
#71 C:/Users/EMANUELCLEMENTEMARTI/Downloads/sistema hotel/vendor/laravel/framework/src/Illuminate/Foundation/Http/Kernel.php(144): Illuminate/Foundation/Http/Kernel->sendRequestThroughRouter(Object(Illuminate/Http/Request))
#72 C:/Users/EMANUELCLEMENTEMARTI/Downloads/sistema hotel/vendor/laravel/framework/src/Illuminate/Foundation/Application.php(1220): Illuminate/Foundation/Http/Kernel->handle(Object(Illuminate/Http/Request))
#73 C:/Users/EMANUELCLEMENTEMARTI/Downloads/sistema hotel/public/index.php(17): Illuminate/Foundation/Application->handleRequest(Object(Illuminate/Http/Request))
#74 C:/Users/EMANUELCLEMENTEMARTI/Downloads/sistema hotel/vendor/laravel/framework/src/Illuminate/Foundation/resources/server.php(23): require_once('C://Users//EMANUE...')
#75 {main}
"} 
[2026-03-31 17:50:55] laravel.WARNING: League\Flysystem\AwsS3V3\AwsS3V3Adapter::__construct(): Implicitly marking parameter $visibility as nullable is deprecated, the explicit nullable type must be used instead in C:\Users\EMANUELCLEMENTEMARTI\Downloads\sistema hotel\vendor\league\flysystem-aws-s3-v3\AwsS3V3Adapter.php on line 108  
[2026-03-31 17:50:55] laravel.EMERGENCY: Unable to create configured logger. Using emergency logger. {"exception":"[object] (InvalidArgumentException(code: 0): Driver [null] is not supported. at C:/Users/EMANUELCLEMENTEMARTI/Downloads/sistema hotel/vendor/laravel/framework/src/Illuminate/Log/LogManager.php:235)
[stacktrace]
#0 C:/Users/EMANUELCLEMENTEMARTI/Downloads/sistema hotel/vendor/laravel/framework/src/Illuminate/Log/LogManager.php(138): Illuminate/Log/LogManager->resolve('deprecations', Array)
#1 C:/Users/EMANUELCLEMENTEMARTI/Downloads/sistema hotel/vendor/laravel/framework/src/Illuminate/Log/LogManager.php(125): Illuminate/Log/LogManager->get('deprecations')
#2 C:/Users/EMANUELCLEMENTEMARTI/Downloads/sistema hotel/vendor/laravel/framework/src/Illuminate/Log/LogManager.php(114): Illuminate/Log/LogManager->driver('deprecations')
#3 C:/Users/EMANUELCLEMENTEMARTI/Downloads/sistema hotel/vendor/laravel/framework/src/Illuminate/Foundation/Bootstrap/HandleExceptions.php(105): Illuminate/Log/LogManager->channel('deprecations')
#4 C:/Users/EMANUELCLEMENTEMARTI/Downloads/sistema hotel/vendor/laravel/framework/src/Illuminate/Foundation/Bootstrap/HandleExceptions.php(74): Illuminate/Foundation/Bootstrap/HandleExceptions->handleDeprecationError('League//Flysyste...', 'C://Users//EMANUE...', 0, 8192)
#5 C:/Users/EMANUELCLEMENTEMARTI/Downloads/sistema hotel/vendor/laravel/framework/src/Illuminate/Foundation/Bootstrap/HandleExceptions.php(258): Illuminate/Foundation/Bootstrap/HandleExceptions->handleError(8192, 'League//Flysyste...', 'C://Users//EMANUE...', 0)
#6 C:/Users/EMANUELCLEMENTEMARTI/Downloads/sistema hotel/vendor/composer/ClassLoader.php(576): Illuminate/Foundation/Bootstrap/HandleExceptions->{closure:Illuminate/Foundation/Bootstrap/HandleExceptions::forwardsTo():257}(8192, 'League//Flysyste...', 'C://Users//EMANUE...', 0)
#7 C:/Users/EMANUELCLEMENTEMARTI/Downloads/sistema hotel/vendor/composer/ClassLoader.php(576): include('C://Users//EMANUE...')
#8 C:/Users/EMANUELCLEMENTEMARTI/Downloads/sistema hotel/vendor/composer/ClassLoader.php(427): {closure:Composer/Autoload/ClassLoader::initializeIncludeClosure():575}('C://Users//EMANUE...')
#9 C:/Users/EMANUELCLEMENTEMARTI/Downloads/sistema hotel/vendor/laravel/framework/src/Illuminate/Filesystem/FilesystemManager.php(257): Composer/Autoload/ClassLoader->loadClass('League//Flysyste...')
#10 C:/Users/EMANUELCLEMENTEMARTI/Downloads/sistema hotel/vendor/laravel/framework/src/Illuminate/Filesystem/FilesystemManager.php(153): Illuminate/Filesystem/FilesystemManager->createS3Driver(Array, 'supabase')
#11 C:/Users/EMANUELCLEMENTEMARTI/Downloads/sistema hotel/vendor/laravel/framework/src/Illuminate/Filesystem/FilesystemManager.php(121): Illuminate/Filesystem/FilesystemManager->resolve('supabase')
#12 C:/Users/EMANUELCLEMENTEMARTI/Downloads/sistema hotel/vendor/laravel/framework/src/Illuminate/Filesystem/FilesystemManager.php(84): Illuminate/Filesystem/FilesystemManager->get('supabase')
#13 C:/Users/EMANUELCLEMENTEMARTI/Downloads/sistema hotel/vendor/laravel/framework/src/Illuminate/Support/Facades/Facade.php(363): Illuminate/Filesystem/FilesystemManager->disk('supabase')
#14 C:/Users/EMANUELCLEMENTEMARTI/Downloads/sistema hotel/vendor/livewire/livewire/src/Features/SupportFileUploads/TemporaryUploadedFile.php(20): Illuminate/Support/Facades/Facade::__callStatic('disk', Array)
#15 C:/Users/EMANUELCLEMENTEMARTI/Downloads/sistema hotel/vendor/livewire/livewire/src/Features/SupportFileUploads/TemporaryUploadedFile.php(200): Livewire/Features/SupportFileUploads/TemporaryUploadedFile->__construct('zOVh8nOipugFlf8...', 'supabase')
#16 C:/Users/EMANUELCLEMENTEMARTI/Downloads/sistema hotel/vendor/livewire/livewire/src/Features/SupportFileUploads/WithFileUploads.php(49): Livewire/Features/SupportFileUploads/TemporaryUploadedFile::createFromLivewire('zOVh8nOipugFlf8...')
#17 C:/Users/EMANUELCLEMENTEMARTI/Downloads/sistema hotel/vendor/laravel/framework/src/Illuminate/Container/BoundMethod.php(36): App/Livewire/ImageManager->_finishUpload('imagen', Array, false, false)
#18 C:/Users/EMANUELCLEMENTEMARTI/Downloads/sistema hotel/vendor/laravel/framework/src/Illuminate/Container/Util.php(43): Illuminate/Container/BoundMethod::{closure:Illuminate/Container/BoundMethod::call():35}()
#19 C:/Users/EMANUELCLEMENTEMARTI/Downloads/sistema hotel/vendor/laravel/framework/src/Illuminate/Container/BoundMethod.php(96): Illuminate/Container/Util::unwrapIfClosure(Object(Closure))
#20 C:/Users/EMANUELCLEMENTEMARTI/Downloads/sistema hotel/vendor/laravel/framework/src/Illuminate/Container/BoundMethod.php(35): Illuminate/Container/BoundMethod::callBoundMethod(Object(Illuminate/Foundation/Application), Array, Object(Closure))
#21 C:/Users/EMANUELCLEMENTEMARTI/Downloads/sistema hotel/vendor/livewire/livewire/src/Wrapped.php(23): Illuminate/Container/BoundMethod::call(Object(Illuminate/Foundation/Application), Array, Array)
#22 C:/Users/EMANUELCLEMENTEMARTI/Downloads/sistema hotel/vendor/livewire/livewire/src/Mechanisms/HandleComponents/HandleComponents.php(492): Livewire/Wrapped->__call('_finishUpload', Array)
#23 C:/Users/EMANUELCLEMENTEMARTI/Downloads/sistema hotel/vendor/livewire/livewire/src/Mechanisms/HandleComponents/HandleComponents.php(101): Livewire/Mechanisms/HandleComponents/HandleComponents->callMethods(Object(App/Livewire/ImageManager), Array, Object(Livewire/Mechanisms/HandleComponents/ComponentContext))
#24 C:/Users/EMANUELCLEMENTEMARTI/Downloads/sistema hotel/vendor/livewire/livewire/src/LivewireManager.php(102): Livewire/Mechanisms/HandleComponents/HandleComponents->update(Array, Array, Array)
#25 C:/Users/EMANUELCLEMENTEMARTI/Downloads/sistema hotel/vendor/livewire/livewire/src/Mechanisms/HandleRequests/HandleRequests.php(131): Livewire/LivewireManager->update(Array, Array, Array)
#26 C:/Users/EMANUELCLEMENTEMARTI/Downloads/sistema hotel/vendor/laravel/framework/src/Illuminate/Routing/ControllerDispatcher.php(46): Livewire/Mechanisms/HandleRequests/HandleRequests->handleUpdate()
#27 C:/Users/EMANUELCLEMENTEMARTI/Downloads/sistema hotel/vendor/laravel/framework/src/Illuminate/Routing/Route.php(265): Illuminate/Routing/ControllerDispatcher->dispatch(Object(Illuminate/Routing/Route), Object(Livewire/Mechanisms/HandleRequests/HandleRequests), 'handleUpdate')
#28 C:/Users/EMANUELCLEMENTEMARTI/Downloads/sistema hotel/vendor/laravel/framework/src/Illuminate/Routing/Route.php(211): Illuminate/Routing/Route->runController()
#29 C:/Users/EMANUELCLEMENTEMARTI/Downloads/sistema hotel/vendor/laravel/framework/src/Illuminate/Routing/Router.php(822): Illuminate/Routing/Route->run()
#30 C:/Users/EMANUELCLEMENTEMARTI/Downloads/sistema hotel/vendor/laravel/framework/src/Illuminate/Pipeline/Pipeline.php(180): Illuminate/Routing/Router->{closure:Illuminate/Routing/Router::runRouteWithinStack():821}(Object(Illuminate/Http/Request))
#31 C:/Users/EMANUELCLEMENTEMARTI/Downloads/sistema hotel/vendor/laravel/framework/src/Illuminate/Routing/Middleware/SubstituteBindings.php(50): Illuminate/Pipeline/Pipeline->{closure:Illuminate/Pipeline/Pipeline::prepareDestination():178}(Object(Illuminate/Http/Request))
#32 C:/Users/EMANUELCLEMENTEMARTI/Downloads/sistema hotel/vendor/laravel/framework/src/Illuminate/Pipeline/Pipeline.php(219): Illuminate/Routing/Middleware/SubstituteBindings->handle(Object(Illuminate/Http/Request), Object(Closure))
#33 C:/Users/EMANUELCLEMENTEMARTI/Downloads/sistema hotel/vendor/laravel/framework/src/Illuminate/Foundation/Http/Middleware/VerifyCsrfToken.php(87): Illuminate/Pipeline/Pipeline->{closure:{closure:Illuminate/Pipeline/Pipeline::carry():194}:195}(Object(Illuminate/Http/Request))
#34 C:/Users/EMANUELCLEMENTEMARTI/Downloads/sistema hotel/vendor/laravel/framework/src/Illuminate/Pipeline/Pipeline.php(219): Illuminate/Foundation/Http/Middleware/VerifyCsrfToken->handle(Object(Illuminate/Http/Request), Object(Closure))
#35 C:/Users/EMANUELCLEMENTEMARTI/Downloads/sistema hotel/vendor/laravel/framework/src/Illuminate/View/Middleware/ShareErrorsFromSession.php(48): Illuminate/Pipeline/Pipeline->{closure:{closure:Illuminate/Pipeline/Pipeline::carry():194}:195}(Object(Illuminate/Http/Request))
#36 C:/Users/EMANUELCLEMENTEMARTI/Downloads/sistema hotel/vendor/laravel/framework/src/Illuminate/Pipeline/Pipeline.php(219): Illuminate/View/Middleware/ShareErrorsFromSession->handle(Object(Illuminate/Http/Request), Object(Closure))
#37 C:/Users/EMANUELCLEMENTEMARTI/Downloads/sistema hotel/vendor/laravel/framework/src/Illuminate/Session/Middleware/StartSession.php(120): Illuminate/Pipeline/Pipeline->{closure:{closure:Illuminate/Pipeline/Pipeline::carry():194}:195}(Object(Illuminate/Http/Request))
#38 C:/Users/EMANUELCLEMENTEMARTI/Downloads/sistema hotel/vendor/laravel/framework/src/Illuminate/Session/Middleware/StartSession.php(63): Illuminate/Session/Middleware/StartSession->handleStatefulRequest(Object(Illuminate/Http/Request), Object(Illuminate/Session/Store), Object(Closure))
#39 C:/Users/EMANUELCLEMENTEMARTI/Downloads/sistema hotel/vendor/laravel/framework/src/Illuminate/Pipeline/Pipeline.php(219): Illuminate/Session/Middleware/StartSession->handle(Object(Illuminate/Http/Request), Object(Closure))
#40 C:/Users/EMANUELCLEMENTEMARTI/Downloads/sistema hotel/vendor/laravel/framework/src/Illuminate/Cookie/Middleware/AddQueuedCookiesToResponse.php(36): Illuminate/Pipeline/Pipeline->{closure:{closure:Illuminate/Pipeline/Pipeline::carry():194}:195}(Object(Illuminate/Http/Request))
#41 C:/Users/EMANUELCLEMENTEMARTI/Downloads/sistema hotel/vendor/laravel/framework/src/Illuminate/Pipeline/Pipeline.php(219): Illuminate/Cookie/Middleware/AddQueuedCookiesToResponse->handle(Object(Illuminate/Http/Request), Object(Closure))
#42 C:/Users/EMANUELCLEMENTEMARTI/Downloads/sistema hotel/vendor/laravel/framework/src/Illuminate/Cookie/Middleware/EncryptCookies.php(74): Illuminate/Pipeline/Pipeline->{closure:{closure:Illuminate/Pipeline/Pipeline::carry():194}:195}(Object(Illuminate/Http/Request))
#43 C:/Users/EMANUELCLEMENTEMARTI/Downloads/sistema hotel/vendor/laravel/framework/src/Illuminate/Pipeline/Pipeline.php(219): Illuminate/Cookie/Middleware/EncryptCookies->handle(Object(Illuminate/Http/Request), Object(Closure))
#44 C:/Users/EMANUELCLEMENTEMARTI/Downloads/sistema hotel/vendor/laravel/framework/src/Illuminate/Pipeline/Pipeline.php(137): Illuminate/Pipeline/Pipeline->{closure:{closure:Illuminate/Pipeline/Pipeline::carry():194}:195}(Object(Illuminate/Http/Request))
#45 C:/Users/EMANUELCLEMENTEMARTI/Downloads/sistema hotel/vendor/laravel/framework/src/Illuminate/Routing/Router.php(821): Illuminate/Pipeline/Pipeline->then(Object(Closure))
#46 C:/Users/EMANUELCLEMENTEMARTI/Downloads/sistema hotel/vendor/laravel/framework/src/Illuminate/Routing/Router.php(800): Illuminate/Routing/Router->runRouteWithinStack(Object(Illuminate/Routing/Route), Object(Illuminate/Http/Request))
#47 C:/Users/EMANUELCLEMENTEMARTI/Downloads/sistema hotel/vendor/laravel/framework/src/Illuminate/Routing/Router.php(764): Illuminate/Routing/Router->runRoute(Object(Illuminate/Http/Request), Object(Illuminate/Routing/Route))
#48 C:/Users/EMANUELCLEMENTEMARTI/Downloads/sistema hotel/vendor/laravel/framework/src/Illuminate/Routing/Router.php(753): Illuminate/Routing/Router->dispatchToRoute(Object(Illuminate/Http/Request))
#49 C:/Users/EMANUELCLEMENTEMARTI/Downloads/sistema hotel/vendor/laravel/framework/src/Illuminate/Foundation/Http/Kernel.php(200): Illuminate/Routing/Router->dispatch(Object(Illuminate/Http/Request))
#50 C:/Users/EMANUELCLEMENTEMARTI/Downloads/sistema hotel/vendor/laravel/framework/src/Illuminate/Pipeline/Pipeline.php(180): Illuminate/Foundation/Http/Kernel->{closure:Illuminate/Foundation/Http/Kernel::dispatchToRouter():197}(Object(Illuminate/Http/Request))
#51 C:/Users/EMANUELCLEMENTEMARTI/Downloads/sistema hotel/vendor/livewire/livewire/src/Features/SupportDisablingBackButtonCache/DisableBackButtonCacheMiddleware.php(19): Illuminate/Pipeline/Pipeline->{closure:Illuminate/Pipeline/Pipeline::prepareDestination():178}(Object(Illuminate/Http/Request))
#52 C:/Users/EMANUELCLEMENTEMARTI/Downloads/sistema hotel/vendor/laravel/framework/src/Illuminate/Pipeline/Pipeline.php(219): Livewire/Features/SupportDisablingBackButtonCache/DisableBackButtonCacheMiddleware->handle(Object(Illuminate/Http/Request), Object(Closure))
#53 C:/Users/EMANUELCLEMENTEMARTI/Downloads/sistema hotel/vendor/laravel/framework/src/Illuminate/Foundation/Http/Middleware/ConvertEmptyStringsToNull.php(27): Illuminate/Pipeline/Pipeline->{closure:{closure:Illuminate/Pipeline/Pipeline::carry():194}:195}(Object(Illuminate/Http/Request))
#54 C:/Users/EMANUELCLEMENTEMARTI/Downloads/sistema hotel/vendor/laravel/framework/src/Illuminate/Pipeline/Pipeline.php(219): Illuminate/Foundation/Http/Middleware/ConvertEmptyStringsToNull->handle(Object(Illuminate/Http/Request), Object(Closure))
#55 C:/Users/EMANUELCLEMENTEMARTI/Downloads/sistema hotel/vendor/laravel/framework/src/Illuminate/Foundation/Http/Middleware/TrimStrings.php(47): Illuminate/Pipeline/Pipeline->{closure:{closure:Illuminate/Pipeline/Pipeline::carry():194}:195}(Object(Illuminate/Http/Request))
#56 C:/Users/EMANUELCLEMENTEMARTI/Downloads/sistema hotel/vendor/laravel/framework/src/Illuminate/Pipeline/Pipeline.php(219): Illuminate/Foundation/Http/Middleware/TrimStrings->handle(Object(Illuminate/Http/Request), Object(Closure))
#57 C:/Users/EMANUELCLEMENTEMARTI/Downloads/sistema hotel/vendor/laravel/framework/src/Illuminate/Http/Middleware/ValidatePostSize.php(27): Illuminate/Pipeline/Pipeline->{closure:{closure:Illuminate/Pipeline/Pipeline::carry():194}:195}(Object(Illuminate/Http/Request))
#58 C:/Users/EMANUELCLEMENTEMARTI/Downloads/sistema hotel/vendor/laravel/framework/src/Illuminate/Pipeline/Pipeline.php(219): Illuminate/Http/Middleware/ValidatePostSize->handle(Object(Illuminate/Http/Request), Object(Closure))
#59 C:/Users/EMANUELCLEMENTEMARTI/Downloads/sistema hotel/vendor/laravel/framework/src/Illuminate/Foundation/Http/Middleware/PreventRequestsDuringMaintenance.php(109): Illuminate/Pipeline/Pipeline->{closure:{closure:Illuminate/Pipeline/Pipeline::carry():194}:195}(Object(Illuminate/Http/Request))
#60 C:/Users/EMANUELCLEMENTEMARTI/Downloads/sistema hotel/vendor/laravel/framework/src/Illuminate/Pipeline/Pipeline.php(219): Illuminate/Foundation/Http/Middleware/PreventRequestsDuringMaintenance->handle(Object(Illuminate/Http/Request), Object(Closure))
#61 C:/Users/EMANUELCLEMENTEMARTI/Downloads/sistema hotel/vendor/laravel/framework/src/Illuminate/Http/Middleware/HandleCors.php(61): Illuminate/Pipeline/Pipeline->{closure:{closure:Illuminate/Pipeline/Pipeline::carry():194}:195}(Object(Illuminate/Http/Request))
#62 C:/Users/EMANUELCLEMENTEMARTI/Downloads/sistema hotel/vendor/laravel/framework/src/Illuminate/Pipeline/Pipeline.php(219): Illuminate/Http/Middleware/HandleCors->handle(Object(Illuminate/Http/Request), Object(Closure))
#63 C:/Users/EMANUELCLEMENTEMARTI/Downloads/sistema hotel/vendor/laravel/framework/src/Illuminate/Http/Middleware/TrustProxies.php(58): Illuminate/Pipeline/Pipeline->{closure:{closure:Illuminate/Pipeline/Pipeline::carry():194}:195}(Object(Illuminate/Http/Request))
#64 C:/Users/EMANUELCLEMENTEMARTI/Downloads/sistema hotel/vendor/laravel/framework/src/Illuminate/Pipeline/Pipeline.php(219): Illuminate/Http/Middleware/TrustProxies->handle(Object(Illuminate/Http/Request), Object(Closure))
#65 C:/Users/EMANUELCLEMENTEMARTI/Downloads/sistema hotel/vendor/laravel/framework/src/Illuminate/Foundation/Http/Middleware/InvokeDeferredCallbacks.php(22): Illuminate/Pipeline/Pipeline->{closure:{closure:Illuminate/Pipeline/Pipeline::carry():194}:195}(Object(Illuminate/Http/Request))
#66 C:/Users/EMANUELCLEMENTEMARTI/Downloads/sistema hotel/vendor/laravel/framework/src/Illuminate/Pipeline/Pipeline.php(219): Illuminate/Foundation/Http/Middleware/InvokeDeferredCallbacks->handle(Object(Illuminate/Http/Request), Object(Closure))
#67 C:/Users/EMANUELCLEMENTEMARTI/Downloads/sistema hotel/vendor/laravel/framework/src/Illuminate/Http/Middleware/ValidatePathEncoding.php(26): Illuminate/Pipeline/Pipeline->{closure:{closure:Illuminate/Pipeline/Pipeline::carry():194}:195}(Object(Illuminate/Http/Request))
#68 C:/Users/EMANUELCLEMENTEMARTI/Downloads/sistema hotel/vendor/laravel/framework/src/Illuminate/Pipeline/Pipeline.php(219): Illuminate/Http/Middleware/ValidatePathEncoding->handle(Object(Illuminate/Http/Request), Object(Closure))
#69 C:/Users/EMANUELCLEMENTEMARTI/Downloads/sistema hotel/vendor/laravel/framework/src/Illuminate/Pipeline/Pipeline.php(137): Illuminate/Pipeline/Pipeline->{closure:{closure:Illuminate/Pipeline/Pipeline::carry():194}:195}(Object(Illuminate/Http/Request))
#70 C:/Users/EMANUELCLEMENTEMARTI/Downloads/sistema hotel/vendor/laravel/framework/src/Illuminate/Foundation/Http/Kernel.php(175): Illuminate/Pipeline/Pipeline->then(Object(Closure))
#71 C:/Users/EMANUELCLEMENTEMARTI/Downloads/sistema hotel/vendor/laravel/framework/src/Illuminate/Foundation/Http/Kernel.php(144): Illuminate/Foundation/Http/Kernel->sendRequestThroughRouter(Object(Illuminate/Http/Request))
#72 C:/Users/EMANUELCLEMENTEMARTI/Downloads/sistema hotel/vendor/laravel/framework/src/Illuminate/Foundation/Application.php(1220): Illuminate/Foundation/Http/Kernel->handle(Object(Illuminate/Http/Request))
#73 C:/Users/EMANUELCLEMENTEMARTI/Downloads/sistema hotel/public/index.php(17): Illuminate/Foundation/Application->handleRequest(Object(Illuminate/Http/Request))
#74 C:/Users/EMANUELCLEMENTEMARTI/Downloads/sistema hotel/vendor/laravel/framework/src/Illuminate/Foundation/resources/server.php(23): require_once('C://Users//EMANUE...')
#75 {main}
"} 
[2026-03-31 17:50:55] laravel.WARNING: League\Flysystem\AwsS3V3\AwsS3V3Adapter::__construct(): Implicitly marking parameter $mimeTypeDetector as nullable is deprecated, the explicit nullable type must be used instead in C:\Users\EMANUELCLEMENTEMARTI\Downloads\sistema hotel\vendor\league\flysystem-aws-s3-v3\AwsS3V3Adapter.php on line 0  
[2026-03-31 17:50:55] laravel.EMERGENCY: Unable to create configured logger. Using emergency logger. {"exception":"[object] (InvalidArgumentException(code: 0): Driver [null] is not supported. at C:/Users/EMANUELCLEMENTEMARTI/Downloads/sistema hotel/vendor/laravel/framework/src/Illuminate/Log/LogManager.php:235)
[stacktrace]
#0 C:/Users/EMANUELCLEMENTEMARTI/Downloads/sistema hotel/vendor/laravel/framework/src/Illuminate/Log/LogManager.php(138): Illuminate/Log/LogManager->resolve('deprecations', Array)
#1 C:/Users/EMANUELCLEMENTEMARTI/Downloads/sistema hotel/vendor/laravel/framework/src/Illuminate/Log/LogManager.php(125): Illuminate/Log/LogManager->get('deprecations')
#2 C:/Users/EMANUELCLEMENTEMARTI/Downloads/sistema hotel/vendor/laravel/framework/src/Illuminate/Log/LogManager.php(114): Illuminate/Log/LogManager->driver('deprecations')
#3 C:/Users/EMANUELCLEMENTEMARTI/Downloads/sistema hotel/vendor/laravel/framework/src/Illuminate/Foundation/Bootstrap/HandleExceptions.php(105): Illuminate/Log/LogManager->channel('deprecations')
#4 C:/Users/EMANUELCLEMENTEMARTI/Downloads/sistema hotel/vendor/laravel/framework/src/Illuminate/Foundation/Bootstrap/HandleExceptions.php(74): Illuminate/Foundation/Bootstrap/HandleExceptions->handleDeprecationError('League//Flysyste...', 'C://Users//EMANUE...', 295, 8192)
#5 C:/Users/EMANUELCLEMENTEMARTI/Downloads/sistema hotel/vendor/laravel/framework/src/Illuminate/Foundation/Bootstrap/HandleExceptions.php(258): Illuminate/Foundation/Bootstrap/HandleExceptions->handleError(8192, 'League//Flysyste...', 'C://Users//EMANUE...', 295)
#6 C:/Users/EMANUELCLEMENTEMARTI/Downloads/sistema hotel/vendor/composer/ClassLoader.php(576): Illuminate/Foundation/Bootstrap/HandleExceptions->{closure:Illuminate/Foundation/Bootstrap/HandleExceptions::forwardsTo():257}(8192, 'League//Flysyste...', 'C://Users//EMANUE...', 295)
#7 C:/Users/EMANUELCLEMENTEMARTI/Downloads/sistema hotel/vendor/composer/ClassLoader.php(576): include('C://Users//EMANUE...')
#8 C:/Users/EMANUELCLEMENTEMARTI/Downloads/sistema hotel/vendor/composer/ClassLoader.php(427): {closure:Composer/Autoload/ClassLoader::initializeIncludeClosure():575}('C://Users//EMANUE...')
#9 C:/Users/EMANUELCLEMENTEMARTI/Downloads/sistema hotel/vendor/laravel/framework/src/Illuminate/Filesystem/FilesystemManager.php(257): Composer/Autoload/ClassLoader->loadClass('League//Flysyste...')
#10 C:/Users/EMANUELCLEMENTEMARTI/Downloads/sistema hotel/vendor/laravel/framework/src/Illuminate/Filesystem/FilesystemManager.php(153): Illuminate/Filesystem/FilesystemManager->createS3Driver(Array, 'supabase')
#11 C:/Users/EMANUELCLEMENTEMARTI/Downloads/sistema hotel/vendor/laravel/framework/src/Illuminate/Filesystem/FilesystemManager.php(121): Illuminate/Filesystem/FilesystemManager->resolve('supabase')
#12 C:/Users/EMANUELCLEMENTEMARTI/Downloads/sistema hotel/vendor/laravel/framework/src/Illuminate/Filesystem/FilesystemManager.php(84): Illuminate/Filesystem/FilesystemManager->get('supabase')
#13 C:/Users/EMANUELCLEMENTEMARTI/Downloads/sistema hotel/vendor/laravel/framework/src/Illuminate/Support/Facades/Facade.php(363): Illuminate/Filesystem/FilesystemManager->disk('supabase')
#14 C:/Users/EMANUELCLEMENTEMARTI/Downloads/sistema hotel/vendor/livewire/livewire/src/Features/SupportFileUploads/TemporaryUploadedFile.php(20): Illuminate/Support/Facades/Facade::__callStatic('disk', Array)
#15 C:/Users/EMANUELCLEMENTEMARTI/Downloads/sistema hotel/vendor/livewire/livewire/src/Features/SupportFileUploads/TemporaryUploadedFile.php(200): Livewire/Features/SupportFileUploads/TemporaryUploadedFile->__construct('zOVh8nOipugFlf8...', 'supabase')
#16 C:/Users/EMANUELCLEMENTEMARTI/Downloads/sistema hotel/vendor/livewire/livewire/src/Features/SupportFileUploads/WithFileUploads.php(49): Livewire/Features/SupportFileUploads/TemporaryUploadedFile::createFromLivewire('zOVh8nOipugFlf8...')
#17 C:/Users/EMANUELCLEMENTEMARTI/Downloads/sistema hotel/vendor/laravel/framework/src/Illuminate/Container/BoundMethod.php(36): App/Livewire/ImageManager->_finishUpload('imagen', Array, false, false)
#18 C:/Users/EMANUELCLEMENTEMARTI/Downloads/sistema hotel/vendor/laravel/framework/src/Illuminate/Container/Util.php(43): Illuminate/Container/BoundMethod::{closure:Illuminate/Container/BoundMethod::call():35}()
#19 C:/Users/EMANUELCLEMENTEMARTI/Downloads/sistema hotel/vendor/laravel/framework/src/Illuminate/Container/BoundMethod.php(96): Illuminate/Container/Util::unwrapIfClosure(Object(Closure))
#20 C:/Users/EMANUELCLEMENTEMARTI/Downloads/sistema hotel/vendor/laravel/framework/src/Illuminate/Container/BoundMethod.php(35): Illuminate/Container/BoundMethod::callBoundMethod(Object(Illuminate/Foundation/Application), Array, Object(Closure))
#21 C:/Users/EMANUELCLEMENTEMARTI/Downloads/sistema hotel/vendor/livewire/livewire/src/Wrapped.php(23): Illuminate/Container/BoundMethod::call(Object(Illuminate/Foundation/Application), Array, Array)
#22 C:/Users/EMANUELCLEMENTEMARTI/Downloads/sistema hotel/vendor/livewire/livewire/src/Mechanisms/HandleComponents/HandleComponents.php(492): Livewire/Wrapped->__call('_finishUpload', Array)
#23 C:/Users/EMANUELCLEMENTEMARTI/Downloads/sistema hotel/vendor/livewire/livewire/src/Mechanisms/HandleComponents/HandleComponents.php(101): Livewire/Mechanisms/HandleComponents/HandleComponents->callMethods(Object(App/Livewire/ImageManager), Array, Object(Livewire/Mechanisms/HandleComponents/ComponentContext))
#24 C:/Users/EMANUELCLEMENTEMARTI/Downloads/sistema hotel/vendor/livewire/livewire/src/LivewireManager.php(102): Livewire/Mechanisms/HandleComponents/HandleComponents->update(Array, Array, Array)
#25 C:/Users/EMANUELCLEMENTEMARTI/Downloads/sistema hotel/vendor/livewire/livewire/src/Mechanisms/HandleRequests/HandleRequests.php(131): Livewire/LivewireManager->update(Array, Array, Array)
#26 C:/Users/EMANUELCLEMENTEMARTI/Downloads/sistema hotel/vendor/laravel/framework/src/Illuminate/Routing/ControllerDispatcher.php(46): Livewire/Mechanisms/HandleRequests/HandleRequests->handleUpdate()
#27 C:/Users/EMANUELCLEMENTEMARTI/Downloads/sistema hotel/vendor/laravel/framework/src/Illuminate/Routing/Route.php(265): Illuminate/Routing/ControllerDispatcher->dispatch(Object(Illuminate/Routing/Route), Object(Livewire/Mechanisms/HandleRequests/HandleRequests), 'handleUpdate')
#28 C:/Users/EMANUELCLEMENTEMARTI/Downloads/sistema hotel/vendor/laravel/framework/src/Illuminate/Routing/Route.php(211): Illuminate/Routing/Route->runController()
#29 C:/Users/EMANUELCLEMENTEMARTI/Downloads/sistema hotel/vendor/laravel/framework/src/Illuminate/Routing/Router.php(822): Illuminate/Routing/Route->run()
#30 C:/Users/EMANUELCLEMENTEMARTI/Downloads/sistema hotel/vendor/laravel/framework/src/Illuminate/Pipeline/Pipeline.php(180): Illuminate/Routing/Router->{closure:Illuminate/Routing/Router::runRouteWithinStack():821}(Object(Illuminate/Http/Request))
#31 C:/Users/EMANUELCLEMENTEMARTI/Downloads/sistema hotel/vendor/laravel/framework/src/Illuminate/Routing/Middleware/SubstituteBindings.php(50): Illuminate/Pipeline/Pipeline->{closure:Illuminate/Pipeline/Pipeline::prepareDestination():178}(Object(Illuminate/Http/Request))
#32 C:/Users/EMANUELCLEMENTEMARTI/Downloads/sistema hotel/vendor/laravel/framework/src/Illuminate/Pipeline/Pipeline.php(219): Illuminate/Routing/Middleware/SubstituteBindings->handle(Object(Illuminate/Http/Request), Object(Closure))
#33 C:/Users/EMANUELCLEMENTEMARTI/Downloads/sistema hotel/vendor/laravel/framework/src/Illuminate/Foundation/Http/Middleware/VerifyCsrfToken.php(87): Illuminate/Pipeline/Pipeline->{closure:{closure:Illuminate/Pipeline/Pipeline::carry():194}:195}(Object(Illuminate/Http/Request))
#34 C:/Users/EMANUELCLEMENTEMARTI/Downloads/sistema hotel/vendor/laravel/framework/src/Illuminate/Pipeline/Pipeline.php(219): Illuminate/Foundation/Http/Middleware/VerifyCsrfToken->handle(Object(Illuminate/Http/Request), Object(Closure))
#35 C:/Users/EMANUELCLEMENTEMARTI/Downloads/sistema hotel/vendor/laravel/framework/src/Illuminate/View/Middleware/ShareErrorsFromSession.php(48): Illuminate/Pipeline/Pipeline->{closure:{closure:Illuminate/Pipeline/Pipeline::carry():194}:195}(Object(Illuminate/Http/Request))
#36 C:/Users/EMANUELCLEMENTEMARTI/Downloads/sistema hotel/vendor/laravel/framework/src/Illuminate/Pipeline/Pipeline.php(219): Illuminate/View/Middleware/ShareErrorsFromSession->handle(Object(Illuminate/Http/Request), Object(Closure))
#37 C:/Users/EMANUELCLEMENTEMARTI/Downloads/sistema hotel/vendor/laravel/framework/src/Illuminate/Session/Middleware/StartSession.php(120): Illuminate/Pipeline/Pipeline->{closure:{closure:Illuminate/Pipeline/Pipeline::carry():194}:195}(Object(Illuminate/Http/Request))
#38 C:/Users/EMANUELCLEMENTEMARTI/Downloads/sistema hotel/vendor/laravel/framework/src/Illuminate/Session/Middleware/StartSession.php(63): Illuminate/Session/Middleware/StartSession->handleStatefulRequest(Object(Illuminate/Http/Request), Object(Illuminate/Session/Store), Object(Closure))
#39 C:/Users/EMANUELCLEMENTEMARTI/Downloads/sistema hotel/vendor/laravel/framework/src/Illuminate/Pipeline/Pipeline.php(219): Illuminate/Session/Middleware/StartSession->handle(Object(Illuminate/Http/Request), Object(Closure))
#40 C:/Users/EMANUELCLEMENTEMARTI/Downloads/sistema hotel/vendor/laravel/framework/src/Illuminate/Cookie/Middleware/AddQueuedCookiesToResponse.php(36): Illuminate/Pipeline/Pipeline->{closure:{closure:Illuminate/Pipeline/Pipeline::carry():194}:195}(Object(Illuminate/Http/Request))
#41 C:/Users/EMANUELCLEMENTEMARTI/Downloads/sistema hotel/vendor/laravel/framework/src/Illuminate/Pipeline/Pipeline.php(219): Illuminate/Cookie/Middleware/AddQueuedCookiesToResponse->handle(Object(Illuminate/Http/Request), Object(Closure))
#42 C:/Users/EMANUELCLEMENTEMARTI/Downloads/sistema hotel/vendor/laravel/framework/src/Illuminate/Cookie/Middleware/EncryptCookies.php(74): Illuminate/Pipeline/Pipeline->{closure:{closure:Illuminate/Pipeline/Pipeline::carry():194}:195}(Object(Illuminate/Http/Request))
#43 C:/Users/EMANUELCLEMENTEMARTI/Downloads/sistema hotel/vendor/laravel/framework/src/Illuminate/Pipeline/Pipeline.php(219): Illuminate/Cookie/Middleware/EncryptCookies->handle(Object(Illuminate/Http/Request), Object(Closure))
#44 C:/Users/EMANUELCLEMENTEMARTI/Downloads/sistema hotel/vendor/laravel/framework/src/Illuminate/Pipeline/Pipeline.php(137): Illuminate/Pipeline/Pipeline->{closure:{closure:Illuminate/Pipeline/Pipeline::carry():194}:195}(Object(Illuminate/Http/Request))
#45 C:/Users/EMANUELCLEMENTEMARTI/Downloads/sistema hotel/vendor/laravel/framework/src/Illuminate/Routing/Router.php(821): Illuminate/Pipeline/Pipeline->then(Object(Closure))
#46 C:/Users/EMANUELCLEMENTEMARTI/Downloads/sistema hotel/vendor/laravel/framework/src/Illuminate/Routing/Router.php(800): Illuminate/Routing/Router->runRouteWithinStack(Object(Illuminate/Routing/Route), Object(Illuminate/Http/Request))
#47 C:/Users/EMANUELCLEMENTEMARTI/Downloads/sistema hotel/vendor/laravel/framework/src/Illuminate/Routing/Router.php(764): Illuminate/Routing/Router->runRoute(Object(Illuminate/Http/Request), Object(Illuminate/Routing/Route))
#48 C:/Users/EMANUELCLEMENTEMARTI/Downloads/sistema hotel/vendor/laravel/framework/src/Illuminate/Routing/Router.php(753): Illuminate/Routing/Router->dispatchToRoute(Object(Illuminate/Http/Request))
#49 C:/Users/EMANUELCLEMENTEMARTI/Downloads/sistema hotel/vendor/laravel/framework/src/Illuminate/Foundation/Http/Kernel.php(200): Illuminate/Routing/Router->dispatch(Object(Illuminate/Http/Request))
#50 C:/Users/EMANUELCLEMENTEMARTI/Downloads/sistema hotel/vendor/laravel/framework/src/Illuminate/Pipeline/Pipeline.php(180): Illuminate/Foundation/Http/Kernel->{closure:Illuminate/Foundation/Http/Kernel::dispatchToRouter():197}(Object(Illuminate/Http/Request))
#51 C:/Users/EMANUELCLEMENTEMARTI/Downloads/sistema hotel/vendor/livewire/livewire/src/Features/SupportDisablingBackButtonCache/DisableBackButtonCacheMiddleware.php(19): Illuminate/Pipeline/Pipeline->{closure:Illuminate/Pipeline/Pipeline::prepareDestination():178}(Object(Illuminate/Http/Request))
#52 C:/Users/EMANUELCLEMENTEMARTI/Downloads/sistema hotel/vendor/laravel/framework/src/Illuminate/Pipeline/Pipeline.php(219): Livewire/Features/SupportDisablingBackButtonCache/DisableBackButtonCacheMiddleware->handle(Object(Illuminate/Http/Request), Object(Closure))
#53 C:/Users/EMANUELCLEMENTEMARTI/Downloads/sistema hotel/vendor/laravel/framework/src/Illuminate/Foundation/Http/Middleware/ConvertEmptyStringsToNull.php(27): Illuminate/Pipeline/Pipeline->{closure:{closure:Illuminate/Pipeline/Pipeline::carry():194}:195}(Object(Illuminate/Http/Request))
#54 C:/Users/EMANUELCLEMENTEMARTI/Downloads/sistema hotel/vendor/laravel/framework/src/Illuminate/Pipeline/Pipeline.php(219): Illuminate/Foundation/Http/Middleware/ConvertEmptyStringsToNull->handle(Object(Illuminate/Http/Request), Object(Closure))
#55 C:/Users/EMANUELCLEMENTEMARTI/Downloads/sistema hotel/vendor/laravel/framework/src/Illuminate/Foundation/Http/Middleware/TrimStrings.php(47): Illuminate/Pipeline/Pipeline->{closure:{closure:Illuminate/Pipeline/Pipeline::carry():194}:195}(Object(Illuminate/Http/Request))
#56 C:/Users/EMANUELCLEMENTEMARTI/Downloads/sistema hotel/vendor/laravel/framework/src/Illuminate/Pipeline/Pipeline.php(219): Illuminate/Foundation/Http/Middleware/TrimStrings->handle(Object(Illuminate/Http/Request), Object(Closure))
#57 C:/Users/EMANUELCLEMENTEMARTI/Downloads/sistema hotel/vendor/laravel/framework/src/Illuminate/Http/Middleware/ValidatePostSize.php(27): Illuminate/Pipeline/Pipeline->{closure:{closure:Illuminate/Pipeline/Pipeline::carry():194}:195}(Object(Illuminate/Http/Request))
#58 C:/Users/EMANUELCLEMENTEMARTI/Downloads/sistema hotel/vendor/laravel/framework/src/Illuminate/Pipeline/Pipeline.php(219): Illuminate/Http/Middleware/ValidatePostSize->handle(Object(Illuminate/Http/Request), Object(Closure))
#59 C:/Users/EMANUELCLEMENTEMARTI/Downloads/sistema hotel/vendor/laravel/framework/src/Illuminate/Foundation/Http/Middleware/PreventRequestsDuringMaintenance.php(109): Illuminate/Pipeline/Pipeline->{closure:{closure:Illuminate/Pipeline/Pipeline::carry():194}:195}(Object(Illuminate/Http/Request))
#60 C:/Users/EMANUELCLEMENTEMARTI/Downloads/sistema hotel/vendor/laravel/framework/src/Illuminate/Pipeline/Pipeline.php(219): Illuminate/Foundation/Http/Middleware/PreventRequestsDuringMaintenance->handle(Object(Illuminate/Http/Request), Object(Closure))
#61 C:/Users/EMANUELCLEMENTEMARTI/Downloads/sistema hotel/vendor/laravel/framework/src/Illuminate/Http/Middleware/HandleCors.php(61): Illuminate/Pipeline/Pipeline->{closure:{closure:Illuminate/Pipeline/Pipeline::carry():194}:195}(Object(Illuminate/Http/Request))
#62 C:/Users/EMANUELCLEMENTEMARTI/Downloads/sistema hotel/vendor/laravel/framework/src/Illuminate/Pipeline/Pipeline.php(219): Illuminate/Http/Middleware/HandleCors->handle(Object(Illuminate/Http/Request), Object(Closure))
#63 C:/Users/EMANUELCLEMENTEMARTI/Downloads/sistema hotel/vendor/laravel/framework/src/Illuminate/Http/Middleware/TrustProxies.php(58): Illuminate/Pipeline/Pipeline->{closure:{closure:Illuminate/Pipeline/Pipeline::carry():194}:195}(Object(Illuminate/Http/Request))
#64 C:/Users/EMANUELCLEMENTEMARTI/Downloads/sistema hotel/vendor/laravel/framework/src/Illuminate/Pipeline/Pipeline.php(219): Illuminate/Http/Middleware/TrustProxies->handle(Object(Illuminate/Http/Request), Object(Closure))
#65 C:/Users/EMANUELCLEMENTEMARTI/Downloads/sistema hotel/vendor/laravel/framework/src/Illuminate/Foundation/Http/Middleware/InvokeDeferredCallbacks.php(22): Illuminate/Pipeline/Pipeline->{closure:{closure:Illuminate/Pipeline/Pipeline::carry():194}:195}(Object(Illuminate/Http/Request))
#66 C:/Users/EMANUELCLEMENTEMARTI/Downloads/sistema hotel/vendor/laravel/framework/src/Illuminate/Pipeline/Pipeline.php(219): Illuminate/Foundation/Http/Middleware/InvokeDeferredCallbacks->handle(Object(Illuminate/Http/Request), Object(Closure))
#67 C:/Users/EMANUELCLEMENTEMARTI/Downloads/sistema hotel/vendor/laravel/framework/src/Illuminate/Http/Middleware/ValidatePathEncoding.php(26): Illuminate/Pipeline/Pipeline->{closure:{closure:Illuminate/Pipeline/Pipeline::carry():194}:195}(Object(Illuminate/Http/Request))
#68 C:/Users/EMANUELCLEMENTEMARTI/Downloads/sistema hotel/vendor/laravel/framework/src/Illuminate/Pipeline/Pipeline.php(219): Illuminate/Http/Middleware/ValidatePathEncoding->handle(Object(Illuminate/Http/Request), Object(Closure))
#69 C:/Users/EMANUELCLEMENTEMARTI/Downloads/sistema hotel/vendor/laravel/framework/src/Illuminate/Pipeline/Pipeline.php(137): Illuminate/Pipeline/Pipeline->{closure:{closure:Illuminate/Pipeline/Pipeline::carry():194}:195}(Object(Illuminate/Http/Request))
#70 C:/Users/EMANUELCLEMENTEMARTI/Downloads/sistema hotel/vendor/laravel/framework/src/Illuminate/Foundation/Http/Kernel.php(175): Illuminate/Pipeline/Pipeline->then(Object(Closure))
#71 C:/Users/EMANUELCLEMENTEMARTI/Downloads/sistema hotel/vendor/laravel/framework/src/Illuminate/Foundation/Http/Kernel.php(144): Illuminate/Foundation/Http/Kernel->sendRequestThroughRouter(Object(Illuminate/Http/Request))
#72 C:/Users/EMANUELCLEMENTEMARTI/Downloads/sistema hotel/vendor/laravel/framework/src/Illuminate/Foundation/Application.php(1220): Illuminate/Foundation/Http/Kernel->handle(Object(Illuminate/Http/Request))
#73 C:/Users/EMANUELCLEMENTEMARTI/Downloads/sistema hotel/public/index.php(17): Illuminate/Foundation/Application->handleRequest(Object(Illuminate/Http/Request))
#74 C:/Users/EMANUELCLEMENTEMARTI/Downloads/sistema hotel/vendor/laravel/framework/src/Illuminate/Foundation/resources/server.php(23): require_once('C://Users//EMANUE...')
#75 {main}
"} 
[2026-03-31 17:50:55] laravel.WARNING: League\Flysystem\AwsS3V3\AwsS3V3Adapter::mapS3ObjectMetadata(): Implicitly marking parameter $path as nullable is deprecated, the explicit nullable type must be used instead in C:\Users\EMANUELCLEMENTEMARTI\Downloads\sistema hotel\vendor\league\flysystem-aws-s3-v3\AwsS3V3Adapter.php on line 295  
[2026-03-31 18:03:01] laravel.EMERGENCY: Unable to create configured logger. Using emergency logger. {"exception":"[object] (InvalidArgumentException(code: 0): Driver [null] is not supported. at C:/Users/EMANUELCLEMENTEMARTI/Downloads/sistema hotel/vendor/laravel/framework/src/Illuminate/Log/LogManager.php:235)
[stacktrace]
#0 C:/Users/EMANUELCLEMENTEMARTI/Downloads/sistema hotel/vendor/laravel/framework/src/Illuminate/Log/LogManager.php(138): Illuminate/Log/LogManager->resolve('deprecations', Array)
#1 C:/Users/EMANUELCLEMENTEMARTI/Downloads/sistema hotel/vendor/laravel/framework/src/Illuminate/Log/LogManager.php(125): Illuminate/Log/LogManager->get('deprecations')
#2 C:/Users/EMANUELCLEMENTEMARTI/Downloads/sistema hotel/vendor/laravel/framework/src/Illuminate/Log/LogManager.php(114): Illuminate/Log/LogManager->driver('deprecations')
#3 C:/Users/EMANUELCLEMENTEMARTI/Downloads/sistema hotel/vendor/laravel/framework/src/Illuminate/Foundation/Bootstrap/HandleExceptions.php(105): Illuminate/Log/LogManager->channel('deprecations')
#4 C:/Users/EMANUELCLEMENTEMARTI/Downloads/sistema hotel/vendor/laravel/framework/src/Illuminate/Foundation/Bootstrap/HandleExceptions.php(74): Illuminate/Foundation/Bootstrap/HandleExceptions->handleDeprecationError('League//Flysyste...', 'C://Users//EMANUE...', 108, 8192)
#5 C:/Users/EMANUELCLEMENTEMARTI/Downloads/sistema hotel/vendor/laravel/framework/src/Illuminate/Foundation/Bootstrap/HandleExceptions.php(258): Illuminate/Foundation/Bootstrap/HandleExceptions->handleError(8192, 'League//Flysyste...', 'C://Users//EMANUE...', 108)
#6 C:/Users/EMANUELCLEMENTEMARTI/Downloads/sistema hotel/vendor/composer/ClassLoader.php(576): Illuminate/Foundation/Bootstrap/HandleExceptions->{closure:Illuminate/Foundation/Bootstrap/HandleExceptions::forwardsTo():257}(8192, 'League//Flysyste...', 'C://Users//EMANUE...', 108)
#7 C:/Users/EMANUELCLEMENTEMARTI/Downloads/sistema hotel/vendor/composer/ClassLoader.php(576): include('C://Users//EMANUE...')
#8 C:/Users/EMANUELCLEMENTEMARTI/Downloads/sistema hotel/vendor/composer/ClassLoader.php(427): {closure:Composer/Autoload/ClassLoader::initializeIncludeClosure():575}('C://Users//EMANUE...')
#9 C:/Users/EMANUELCLEMENTEMARTI/Downloads/sistema hotel/vendor/laravel/framework/src/Illuminate/Filesystem/FilesystemManager.php(257): Composer/Autoload/ClassLoader->loadClass('League//Flysyste...')
#10 C:/Users/EMANUELCLEMENTEMARTI/Downloads/sistema hotel/vendor/laravel/framework/src/Illuminate/Filesystem/FilesystemManager.php(153): Illuminate/Filesystem/FilesystemManager->createS3Driver(Array, 'supabase')
#11 C:/Users/EMANUELCLEMENTEMARTI/Downloads/sistema hotel/vendor/laravel/framework/src/Illuminate/Filesystem/FilesystemManager.php(121): Illuminate/Filesystem/FilesystemManager->resolve('supabase')
#12 C:/Users/EMANUELCLEMENTEMARTI/Downloads/sistema hotel/vendor/laravel/framework/src/Illuminate/Filesystem/FilesystemManager.php(84): Illuminate/Filesystem/FilesystemManager->get('supabase')
#13 C:/Users/EMANUELCLEMENTEMARTI/Downloads/sistema hotel/vendor/laravel/framework/src/Illuminate/Support/Facades/Facade.php(363): Illuminate/Filesystem/FilesystemManager->disk('supabase')
#14 C:/Users/EMANUELCLEMENTEMARTI/Downloads/sistema hotel/vendor/livewire/livewire/src/Features/SupportFileUploads/FileUploadConfiguration.php(27): Illuminate/Support/Facades/Facade::__callStatic('disk', Array)
#15 C:/Users/EMANUELCLEMENTEMARTI/Downloads/sistema hotel/vendor/livewire/livewire/src/Features/SupportFileUploads/GenerateSignedUploadUrl.php(20): Livewire/Features/SupportFileUploads/FileUploadConfiguration::storage()
#16 C:/Users/EMANUELCLEMENTEMARTI/Downloads/sistema hotel/vendor/laravel/framework/src/Illuminate/Support/Facades/Facade.php(363): Livewire/Features/SupportFileUploads/GenerateSignedUploadUrl->forS3(Object(Illuminate/Http/Testing/File))
#17 C:/Users/EMANUELCLEMENTEMARTI/Downloads/sistema hotel/vendor/livewire/livewire/src/Features/SupportFileUploads/WithFileUploads.php(20): Illuminate/Support/Facades/Facade::__callStatic('forS3', Array)
#18 C:/Users/EMANUELCLEMENTEMARTI/Downloads/sistema hotel/vendor/laravel/framework/src/Illuminate/Container/BoundMethod.php(36): App/Livewire/ImageManager->_startUpload('imagen', Array, false)
#19 C:/Users/EMANUELCLEMENTEMARTI/Downloads/sistema hotel/vendor/laravel/framework/src/Illuminate/Container/Util.php(43): Illuminate/Container/BoundMethod::{closure:Illuminate/Container/BoundMethod::call():35}()
#20 C:/Users/EMANUELCLEMENTEMARTI/Downloads/sistema hotel/vendor/laravel/framework/src/Illuminate/Container/BoundMethod.php(96): Illuminate/Container/Util::unwrapIfClosure(Object(Closure))
#21 C:/Users/EMANUELCLEMENTEMARTI/Downloads/sistema hotel/vendor/laravel/framework/src/Illuminate/Container/BoundMethod.php(35): Illuminate/Container/BoundMethod::callBoundMethod(Object(Illuminate/Foundation/Application), Array, Object(Closure))
#22 C:/Users/EMANUELCLEMENTEMARTI/Downloads/sistema hotel/vendor/livewire/livewire/src/Wrapped.php(23): Illuminate/Container/BoundMethod::call(Object(Illuminate/Foundation/Application), Array, Array)
#23 C:/Users/EMANUELCLEMENTEMARTI/Downloads/sistema hotel/vendor/livewire/livewire/src/Mechanisms/HandleComponents/HandleComponents.php(492): Livewire/Wrapped->__call('_startUpload', Array)
#24 C:/Users/EMANUELCLEMENTEMARTI/Downloads/sistema hotel/vendor/livewire/livewire/src/Mechanisms/HandleComponents/HandleComponents.php(101): Livewire/Mechanisms/HandleComponents/HandleComponents->callMethods(Object(App/Livewire/ImageManager), Array, Object(Livewire/Mechanisms/HandleComponents/ComponentContext))
#25 C:/Users/EMANUELCLEMENTEMARTI/Downloads/sistema hotel/vendor/livewire/livewire/src/LivewireManager.php(102): Livewire/Mechanisms/HandleComponents/HandleComponents->update(Array, Array, Array)
#26 C:/Users/EMANUELCLEMENTEMARTI/Downloads/sistema hotel/vendor/livewire/livewire/src/Mechanisms/HandleRequests/HandleRequests.php(131): Livewire/LivewireManager->update(Array, Array, Array)
#27 C:/Users/EMANUELCLEMENTEMARTI/Downloads/sistema hotel/vendor/laravel/framework/src/Illuminate/Routing/ControllerDispatcher.php(46): Livewire/Mechanisms/HandleRequests/HandleRequests->handleUpdate()
#28 C:/Users/EMANUELCLEMENTEMARTI/Downloads/sistema hotel/vendor/laravel/framework/src/Illuminate/Routing/Route.php(265): Illuminate/Routing/ControllerDispatcher->dispatch(Object(Illuminate/Routing/Route), Object(Livewire/Mechanisms/HandleRequests/HandleRequests), 'handleUpdate')
#29 C:/Users/EMANUELCLEMENTEMARTI/Downloads/sistema hotel/vendor/laravel/framework/src/Illuminate/Routing/Route.php(211): Illuminate/Routing/Route->runController()
#30 C:/Users/EMANUELCLEMENTEMARTI/Downloads/sistema hotel/vendor/laravel/framework/src/Illuminate/Routing/Router.php(822): Illuminate/Routing/Route->run()
#31 C:/Users/EMANUELCLEMENTEMARTI/Downloads/sistema hotel/vendor/laravel/framework/src/Illuminate/Pipeline/Pipeline.php(180): Illuminate/Routing/Router->{closure:Illuminate/Routing/Router::runRouteWithinStack():821}(Object(Illuminate/Http/Request))
#32 C:/Users/EMANUELCLEMENTEMARTI/Downloads/sistema hotel/vendor/laravel/framework/src/Illuminate/Routing/Middleware/SubstituteBindings.php(50): Illuminate/Pipeline/Pipeline->{closure:Illuminate/Pipeline/Pipeline::prepareDestination():178}(Object(Illuminate/Http/Request))
#33 C:/Users/EMANUELCLEMENTEMARTI/Downloads/sistema hotel/vendor/laravel/framework/src/Illuminate/Pipeline/Pipeline.php(219): Illuminate/Routing/Middleware/SubstituteBindings->handle(Object(Illuminate/Http/Request), Object(Closure))
#34 C:/Users/EMANUELCLEMENTEMARTI/Downloads/sistema hotel/vendor/laravel/framework/src/Illuminate/Foundation/Http/Middleware/VerifyCsrfToken.php(87): Illuminate/Pipeline/Pipeline->{closure:{closure:Illuminate/Pipeline/Pipeline::carry():194}:195}(Object(Illuminate/Http/Request))
#35 C:/Users/EMANUELCLEMENTEMARTI/Downloads/sistema hotel/vendor/laravel/framework/src/Illuminate/Pipeline/Pipeline.php(219): Illuminate/Foundation/Http/Middleware/VerifyCsrfToken->handle(Object(Illuminate/Http/Request), Object(Closure))
#36 C:/Users/EMANUELCLEMENTEMARTI/Downloads/sistema hotel/vendor/laravel/framework/src/Illuminate/View/Middleware/ShareErrorsFromSession.php(48): Illuminate/Pipeline/Pipeline->{closure:{closure:Illuminate/Pipeline/Pipeline::carry():194}:195}(Object(Illuminate/Http/Request))
#37 C:/Users/EMANUELCLEMENTEMARTI/Downloads/sistema hotel/vendor/laravel/framework/src/Illuminate/Pipeline/Pipeline.php(219): Illuminate/View/Middleware/ShareErrorsFromSession->handle(Object(Illuminate/Http/Request), Object(Closure))
#38 C:/Users/EMANUELCLEMENTEMARTI/Downloads/sistema hotel/vendor/laravel/framework/src/Illuminate/Session/Middleware/StartSession.php(120): Illuminate/Pipeline/Pipeline->{closure:{closure:Illuminate/Pipeline/Pipeline::carry():194}:195}(Object(Illuminate/Http/Request))
#39 C:/Users/EMANUELCLEMENTEMARTI/Downloads/sistema hotel/vendor/laravel/framework/src/Illuminate/Session/Middleware/StartSession.php(63): Illuminate/Session/Middleware/StartSession->handleStatefulRequest(Object(Illuminate/Http/Request), Object(Illuminate/Session/Store), Object(Closure))
#40 C:/Users/EMANUELCLEMENTEMARTI/Downloads/sistema hotel/vendor/laravel/framework/src/Illuminate/Pipeline/Pipeline.php(219): Illuminate/Session/Middleware/StartSession->handle(Object(Illuminate/Http/Request), Object(Closure))
#41 C:/Users/EMANUELCLEMENTEMARTI/Downloads/sistema hotel/vendor/laravel/framework/src/Illuminate/Cookie/Middleware/AddQueuedCookiesToResponse.php(36): Illuminate/Pipeline/Pipeline->{closure:{closure:Illuminate/Pipeline/Pipeline::carry():194}:195}(Object(Illuminate/Http/Request))
#42 C:/Users/EMANUELCLEMENTEMARTI/Downloads/sistema hotel/vendor/laravel/framework/src/Illuminate/Pipeline/Pipeline.php(219): Illuminate/Cookie/Middleware/AddQueuedCookiesToResponse->handle(Object(Illuminate/Http/Request), Object(Closure))
#43 C:/Users/EMANUELCLEMENTEMARTI/Downloads/sistema hotel/vendor/laravel/framework/src/Illuminate/Cookie/Middleware/EncryptCookies.php(74): Illuminate/Pipeline/Pipeline->{closure:{closure:Illuminate/Pipeline/Pipeline::carry():194}:195}(Object(Illuminate/Http/Request))
#44 C:/Users/EMANUELCLEMENTEMARTI/Downloads/sistema hotel/vendor/laravel/framework/src/Illuminate/Pipeline/Pipeline.php(219): Illuminate/Cookie/Middleware/EncryptCookies->handle(Object(Illuminate/Http/Request), Object(Closure))
#45 C:/Users/EMANUELCLEMENTEMARTI/Downloads/sistema hotel/vendor/laravel/framework/src/Illuminate/Pipeline/Pipeline.php(137): Illuminate/Pipeline/Pipeline->{closure:{closure:Illuminate/Pipeline/Pipeline::carry():194}:195}(Object(Illuminate/Http/Request))
#46 C:/Users/EMANUELCLEMENTEMARTI/Downloads/sistema hotel/vendor/laravel/framework/src/Illuminate/Routing/Router.php(821): Illuminate/Pipeline/Pipeline->then(Object(Closure))
#47 C:/Users/EMANUELCLEMENTEMARTI/Downloads/sistema hotel/vendor/laravel/framework/src/Illuminate/Routing/Router.php(800): Illuminate/Routing/Router->runRouteWithinStack(Object(Illuminate/Routing/Route), Object(Illuminate/Http/Request))
#48 C:/Users/EMANUELCLEMENTEMARTI/Downloads/sistema hotel/vendor/laravel/framework/src/Illuminate/Routing/Router.php(764): Illuminate/Routing/Router->runRoute(Object(Illuminate/Http/Request), Object(Illuminate/Routing/Route))
#49 C:/Users/EMANUELCLEMENTEMARTI/Downloads/sistema hotel/vendor/laravel/framework/src/Illuminate/Routing/Router.php(753): Illuminate/Routing/Router->dispatchToRoute(Object(Illuminate/Http/Request))
#50 C:/Users/EMANUELCLEMENTEMARTI/Downloads/sistema hotel/vendor/laravel/framework/src/Illuminate/Foundation/Http/Kernel.php(200): Illuminate/Routing/Router->dispatch(Object(Illuminate/Http/Request))
#51 C:/Users/EMANUELCLEMENTEMARTI/Downloads/sistema hotel/vendor/laravel/framework/src/Illuminate/Pipeline/Pipeline.php(180): Illuminate/Foundation/Http/Kernel->{closure:Illuminate/Foundation/Http/Kernel::dispatchToRouter():197}(Object(Illuminate/Http/Request))
#52 C:/Users/EMANUELCLEMENTEMARTI/Downloads/sistema hotel/vendor/livewire/livewire/src/Features/SupportDisablingBackButtonCache/DisableBackButtonCacheMiddleware.php(19): Illuminate/Pipeline/Pipeline->{closure:Illuminate/Pipeline/Pipeline::prepareDestination():178}(Object(Illuminate/Http/Request))
#53 C:/Users/EMANUELCLEMENTEMARTI/Downloads/sistema hotel/vendor/laravel/framework/src/Illuminate/Pipeline/Pipeline.php(219): Livewire/Features/SupportDisablingBackButtonCache/DisableBackButtonCacheMiddleware->handle(Object(Illuminate/Http/Request), Object(Closure))
#54 C:/Users/EMANUELCLEMENTEMARTI/Downloads/sistema hotel/vendor/laravel/framework/src/Illuminate/Foundation/Http/Middleware/ConvertEmptyStringsToNull.php(27): Illuminate/Pipeline/Pipeline->{closure:{closure:Illuminate/Pipeline/Pipeline::carry():194}:195}(Object(Illuminate/Http/Request))
#55 C:/Users/EMANUELCLEMENTEMARTI/Downloads/sistema hotel/vendor/laravel/framework/src/Illuminate/Pipeline/Pipeline.php(219): Illuminate/Foundation/Http/Middleware/ConvertEmptyStringsToNull->handle(Object(Illuminate/Http/Request), Object(Closure))
#56 C:/Users/EMANUELCLEMENTEMARTI/Downloads/sistema hotel/vendor/laravel/framework/src/Illuminate/Foundation/Http/Middleware/TrimStrings.php(47): Illuminate/Pipeline/Pipeline->{closure:{closure:Illuminate/Pipeline/Pipeline::carry():194}:195}(Object(Illuminate/Http/Request))
#57 C:/Users/EMANUELCLEMENTEMARTI/Downloads/sistema hotel/vendor/laravel/framework/src/Illuminate/Pipeline/Pipeline.php(219): Illuminate/Foundation/Http/Middleware/TrimStrings->handle(Object(Illuminate/Http/Request), Object(Closure))
#58 C:/Users/EMANUELCLEMENTEMARTI/Downloads/sistema hotel/vendor/laravel/framework/src/Illuminate/Http/Middleware/ValidatePostSize.php(27): Illuminate/Pipeline/Pipeline->{closure:{closure:Illuminate/Pipeline/Pipeline::carry():194}:195}(Object(Illuminate/Http/Request))
#59 C:/Users/EMANUELCLEMENTEMARTI/Downloads/sistema hotel/vendor/laravel/framework/src/Illuminate/Pipeline/Pipeline.php(219): Illuminate/Http/Middleware/ValidatePostSize->handle(Object(Illuminate/Http/Request), Object(Closure))
#60 C:/Users/EMANUELCLEMENTEMARTI/Downloads/sistema hotel/vendor/laravel/framework/src/Illuminate/Foundation/Http/Middleware/PreventRequestsDuringMaintenance.php(109): Illuminate/Pipeline/Pipeline->{closure:{closure:Illuminate/Pipeline/Pipeline::carry():194}:195}(Object(Illuminate/Http/Request))
#61 C:/Users/EMANUELCLEMENTEMARTI/Downloads/sistema hotel/vendor/laravel/framework/src/Illuminate/Pipeline/Pipeline.php(219): Illuminate/Foundation/Http/Middleware/PreventRequestsDuringMaintenance->handle(Object(Illuminate/Http/Request), Object(Closure))
#62 C:/Users/EMANUELCLEMENTEMARTI/Downloads/sistema hotel/vendor/laravel/framework/src/Illuminate/Http/Middleware/HandleCors.php(61): Illuminate/Pipeline/Pipeline->{closure:{closure:Illuminate/Pipeline/Pipeline::carry():194}:195}(Object(Illuminate/Http/Request))
#63 C:/Users/EMANUELCLEMENTEMARTI/Downloads/sistema hotel/vendor/laravel/framework/src/Illuminate/Pipeline/Pipeline.php(219): Illuminate/Http/Middleware/HandleCors->handle(Object(Illuminate/Http/Request), Object(Closure))
#64 C:/Users/EMANUELCLEMENTEMARTI/Downloads/sistema hotel/vendor/laravel/framework/src/Illuminate/Http/Middleware/TrustProxies.php(58): Illuminate/Pipeline/Pipeline->{closure:{closure:Illuminate/Pipeline/Pipeline::carry():194}:195}(Object(Illuminate/Http/Request))
#65 C:/Users/EMANUELCLEMENTEMARTI/Downloads/sistema hotel/vendor/laravel/framework/src/Illuminate/Pipeline/Pipeline.php(219): Illuminate/Http/Middleware/TrustProxies->handle(Object(Illuminate/Http/Request), Object(Closure))
#66 C:/Users/EMANUELCLEMENTEMARTI/Downloads/sistema hotel/vendor/laravel/framework/src/Illuminate/Foundation/Http/Middleware/InvokeDeferredCallbacks.php(22): Illuminate/Pipeline/Pipeline->{closure:{closure:Illuminate/Pipeline/Pipeline::carry():194}:195}(Object(Illuminate/Http/Request))
#67 C:/Users/EMANUELCLEMENTEMARTI/Downloads/sistema hotel/vendor/laravel/framework/src/Illuminate/Pipeline/Pipeline.php(219): Illuminate/Foundation/Http/Middleware/InvokeDeferredCallbacks->handle(Object(Illuminate/Http/Request), Object(Closure))
#68 C:/Users/EMANUELCLEMENTEMARTI/Downloads/sistema hotel/vendor/laravel/framework/src/Illuminate/Http/Middleware/ValidatePathEncoding.php(26): Illuminate/Pipeline/Pipeline->{closure:{closure:Illuminate/Pipeline/Pipeline::carry():194}:195}(Object(Illuminate/Http/Request))
#69 C:/Users/EMANUELCLEMENTEMARTI/Downloads/sistema hotel/vendor/laravel/framework/src/Illuminate/Pipeline/Pipeline.php(219): Illuminate/Http/Middleware/ValidatePathEncoding->handle(Object(Illuminate/Http/Request), Object(Closure))
#70 C:/Users/EMANUELCLEMENTEMARTI/Downloads/sistema hotel/vendor/laravel/framework/src/Illuminate/Pipeline/Pipeline.php(137): Illuminate/Pipeline/Pipeline->{closure:{closure:Illuminate/Pipeline/Pipeline::carry():194}:195}(Object(Illuminate/Http/Request))
#71 C:/Users/EMANUELCLEMENTEMARTI/Downloads/sistema hotel/vendor/laravel/framework/src/Illuminate/Foundation/Http/Kernel.php(175): Illuminate/Pipeline/Pipeline->then(Object(Closure))
#72 C:/Users/EMANUELCLEMENTEMARTI/Downloads/sistema hotel/vendor/laravel/framework/src/Illuminate/Foundation/Http/Kernel.php(144): Illuminate/Foundation/Http/Kernel->sendRequestThroughRouter(Object(Illuminate/Http/Request))
#73 C:/Users/EMANUELCLEMENTEMARTI/Downloads/sistema hotel/vendor/laravel/framework/src/Illuminate/Foundation/Application.php(1220): Illuminate/Foundation/Http/Kernel->handle(Object(Illuminate/Http/Request))
#74 C:/Users/EMANUELCLEMENTEMARTI/Downloads/sistema hotel/public/index.php(17): Illuminate/Foundation/Application->handleRequest(Object(Illuminate/Http/Request))
#75 C:/Users/EMANUELCLEMENTEMARTI/Downloads/sistema hotel/vendor/laravel/framework/src/Illuminate/Foundation/resources/server.php(23): require_once('C://Users//EMANUE...')
#76 {main}
"} 
[2026-03-31 18:03:01] laravel.WARNING: League\Flysystem\AwsS3V3\AwsS3V3Adapter::__construct(): Implicitly marking parameter $visibility as nullable is deprecated, the explicit nullable type must be used instead in C:\Users\EMANUELCLEMENTEMARTI\Downloads\sistema hotel\vendor\league\flysystem-aws-s3-v3\AwsS3V3Adapter.php on line 108  
[2026-03-31 18:03:01] laravel.EMERGENCY: Unable to create configured logger. Using emergency logger. {"exception":"[object] (InvalidArgumentException(code: 0): Driver [null] is not supported. at C:/Users/EMANUELCLEMENTEMARTI/Downloads/sistema hotel/vendor/laravel/framework/src/Illuminate/Log/LogManager.php:235)
[stacktrace]
#0 C:/Users/EMANUELCLEMENTEMARTI/Downloads/sistema hotel/vendor/laravel/framework/src/Illuminate/Log/LogManager.php(138): Illuminate/Log/LogManager->resolve('deprecations', Array)
#1 C:/Users/EMANUELCLEMENTEMARTI/Downloads/sistema hotel/vendor/laravel/framework/src/Illuminate/Log/LogManager.php(125): Illuminate/Log/LogManager->get('deprecations')
#2 C:/Users/EMANUELCLEMENTEMARTI/Downloads/sistema hotel/vendor/laravel/framework/src/Illuminate/Log/LogManager.php(114): Illuminate/Log/LogManager->driver('deprecations')
#3 C:/Users/EMANUELCLEMENTEMARTI/Downloads/sistema hotel/vendor/laravel/framework/src/Illuminate/Foundation/Bootstrap/HandleExceptions.php(105): Illuminate/Log/LogManager->channel('deprecations')
#4 C:/Users/EMANUELCLEMENTEMARTI/Downloads/sistema hotel/vendor/laravel/framework/src/Illuminate/Foundation/Bootstrap/HandleExceptions.php(74): Illuminate/Foundation/Bootstrap/HandleExceptions->handleDeprecationError('League//Flysyste...', 'C://Users//EMANUE...', 0, 8192)
#5 C:/Users/EMANUELCLEMENTEMARTI/Downloads/sistema hotel/vendor/laravel/framework/src/Illuminate/Foundation/Bootstrap/HandleExceptions.php(258): Illuminate/Foundation/Bootstrap/HandleExceptions->handleError(8192, 'League//Flysyste...', 'C://Users//EMANUE...', 0)
#6 C:/Users/EMANUELCLEMENTEMARTI/Downloads/sistema hotel/vendor/composer/ClassLoader.php(576): Illuminate/Foundation/Bootstrap/HandleExceptions->{closure:Illuminate/Foundation/Bootstrap/HandleExceptions::forwardsTo():257}(8192, 'League//Flysyste...', 'C://Users//EMANUE...', 0)
#7 C:/Users/EMANUELCLEMENTEMARTI/Downloads/sistema hotel/vendor/composer/ClassLoader.php(576): include('C://Users//EMANUE...')
#8 C:/Users/EMANUELCLEMENTEMARTI/Downloads/sistema hotel/vendor/composer/ClassLoader.php(427): {closure:Composer/Autoload/ClassLoader::initializeIncludeClosure():575}('C://Users//EMANUE...')
#9 C:/Users/EMANUELCLEMENTEMARTI/Downloads/sistema hotel/vendor/laravel/framework/src/Illuminate/Filesystem/FilesystemManager.php(257): Composer/Autoload/ClassLoader->loadClass('League//Flysyste...')
#10 C:/Users/EMANUELCLEMENTEMARTI/Downloads/sistema hotel/vendor/laravel/framework/src/Illuminate/Filesystem/FilesystemManager.php(153): Illuminate/Filesystem/FilesystemManager->createS3Driver(Array, 'supabase')
#11 C:/Users/EMANUELCLEMENTEMARTI/Downloads/sistema hotel/vendor/laravel/framework/src/Illuminate/Filesystem/FilesystemManager.php(121): Illuminate/Filesystem/FilesystemManager->resolve('supabase')
#12 C:/Users/EMANUELCLEMENTEMARTI/Downloads/sistema hotel/vendor/laravel/framework/src/Illuminate/Filesystem/FilesystemManager.php(84): Illuminate/Filesystem/FilesystemManager->get('supabase')
#13 C:/Users/EMANUELCLEMENTEMARTI/Downloads/sistema hotel/vendor/laravel/framework/src/Illuminate/Support/Facades/Facade.php(363): Illuminate/Filesystem/FilesystemManager->disk('supabase')
#14 C:/Users/EMANUELCLEMENTEMARTI/Downloads/sistema hotel/vendor/livewire/livewire/src/Features/SupportFileUploads/FileUploadConfiguration.php(27): Illuminate/Support/Facades/Facade::__callStatic('disk', Array)
#15 C:/Users/EMANUELCLEMENTEMARTI/Downloads/sistema hotel/vendor/livewire/livewire/src/Features/SupportFileUploads/GenerateSignedUploadUrl.php(20): Livewire/Features/SupportFileUploads/FileUploadConfiguration::storage()
#16 C:/Users/EMANUELCLEMENTEMARTI/Downloads/sistema hotel/vendor/laravel/framework/src/Illuminate/Support/Facades/Facade.php(363): Livewire/Features/SupportFileUploads/GenerateSignedUploadUrl->forS3(Object(Illuminate/Http/Testing/File))
#17 C:/Users/EMANUELCLEMENTEMARTI/Downloads/sistema hotel/vendor/livewire/livewire/src/Features/SupportFileUploads/WithFileUploads.php(20): Illuminate/Support/Facades/Facade::__callStatic('forS3', Array)
#18 C:/Users/EMANUELCLEMENTEMARTI/Downloads/sistema hotel/vendor/laravel/framework/src/Illuminate/Container/BoundMethod.php(36): App/Livewire/ImageManager->_startUpload('imagen', Array, false)
#19 C:/Users/EMANUELCLEMENTEMARTI/Downloads/sistema hotel/vendor/laravel/framework/src/Illuminate/Container/Util.php(43): Illuminate/Container/BoundMethod::{closure:Illuminate/Container/BoundMethod::call():35}()
#20 C:/Users/EMANUELCLEMENTEMARTI/Downloads/sistema hotel/vendor/laravel/framework/src/Illuminate/Container/BoundMethod.php(96): Illuminate/Container/Util::unwrapIfClosure(Object(Closure))
#21 C:/Users/EMANUELCLEMENTEMARTI/Downloads/sistema hotel/vendor/laravel/framework/src/Illuminate/Container/BoundMethod.php(35): Illuminate/Container/BoundMethod::callBoundMethod(Object(Illuminate/Foundation/Application), Array, Object(Closure))
#22 C:/Users/EMANUELCLEMENTEMARTI/Downloads/sistema hotel/vendor/livewire/livewire/src/Wrapped.php(23): Illuminate/Container/BoundMethod::call(Object(Illuminate/Foundation/Application), Array, Array)
#23 C:/Users/EMANUELCLEMENTEMARTI/Downloads/sistema hotel/vendor/livewire/livewire/src/Mechanisms/HandleComponents/HandleComponents.php(492): Livewire/Wrapped->__call('_startUpload', Array)
#24 C:/Users/EMANUELCLEMENTEMARTI/Downloads/sistema hotel/vendor/livewire/livewire/src/Mechanisms/HandleComponents/HandleComponents.php(101): Livewire/Mechanisms/HandleComponents/HandleComponents->callMethods(Object(App/Livewire/ImageManager), Array, Object(Livewire/Mechanisms/HandleComponents/ComponentContext))
#25 C:/Users/EMANUELCLEMENTEMARTI/Downloads/sistema hotel/vendor/livewire/livewire/src/LivewireManager.php(102): Livewire/Mechanisms/HandleComponents/HandleComponents->update(Array, Array, Array)
#26 C:/Users/EMANUELCLEMENTEMARTI/Downloads/sistema hotel/vendor/livewire/livewire/src/Mechanisms/HandleRequests/HandleRequests.php(131): Livewire/LivewireManager->update(Array, Array, Array)
#27 C:/Users/EMANUELCLEMENTEMARTI/Downloads/sistema hotel/vendor/laravel/framework/src/Illuminate/Routing/ControllerDispatcher.php(46): Livewire/Mechanisms/HandleRequests/HandleRequests->handleUpdate()
#28 C:/Users/EMANUELCLEMENTEMARTI/Downloads/sistema hotel/vendor/laravel/framework/src/Illuminate/Routing/Route.php(265): Illuminate/Routing/ControllerDispatcher->dispatch(Object(Illuminate/Routing/Route), Object(Livewire/Mechanisms/HandleRequests/HandleRequests), 'handleUpdate')
#29 C:/Users/EMANUELCLEMENTEMARTI/Downloads/sistema hotel/vendor/laravel/framework/src/Illuminate/Routing/Route.php(211): Illuminate/Routing/Route->runController()
#30 C:/Users/EMANUELCLEMENTEMARTI/Downloads/sistema hotel/vendor/laravel/framework/src/Illuminate/Routing/Router.php(822): Illuminate/Routing/Route->run()
#31 C:/Users/EMANUELCLEMENTEMARTI/Downloads/sistema hotel/vendor/laravel/framework/src/Illuminate/Pipeline/Pipeline.php(180): Illuminate/Routing/Router->{closure:Illuminate/Routing/Router::runRouteWithinStack():821}(Object(Illuminate/Http/Request))
#32 C:/Users/EMANUELCLEMENTEMARTI/Downloads/sistema hotel/vendor/laravel/framework/src/Illuminate/Routing/Middleware/SubstituteBindings.php(50): Illuminate/Pipeline/Pipeline->{closure:Illuminate/Pipeline/Pipeline::prepareDestination():178}(Object(Illuminate/Http/Request))
#33 C:/Users/EMANUELCLEMENTEMARTI/Downloads/sistema hotel/vendor/laravel/framework/src/Illuminate/Pipeline/Pipeline.php(219): Illuminate/Routing/Middleware/SubstituteBindings->handle(Object(Illuminate/Http/Request), Object(Closure))
#34 C:/Users/EMANUELCLEMENTEMARTI/Downloads/sistema hotel/vendor/laravel/framework/src/Illuminate/Foundation/Http/Middleware/VerifyCsrfToken.php(87): Illuminate/Pipeline/Pipeline->{closure:{closure:Illuminate/Pipeline/Pipeline::carry():194}:195}(Object(Illuminate/Http/Request))
#35 C:/Users/EMANUELCLEMENTEMARTI/Downloads/sistema hotel/vendor/laravel/framework/src/Illuminate/Pipeline/Pipeline.php(219): Illuminate/Foundation/Http/Middleware/VerifyCsrfToken->handle(Object(Illuminate/Http/Request), Object(Closure))
#36 C:/Users/EMANUELCLEMENTEMARTI/Downloads/sistema hotel/vendor/laravel/framework/src/Illuminate/View/Middleware/ShareErrorsFromSession.php(48): Illuminate/Pipeline/Pipeline->{closure:{closure:Illuminate/Pipeline/Pipeline::carry():194}:195}(Object(Illuminate/Http/Request))
#37 C:/Users/EMANUELCLEMENTEMARTI/Downloads/sistema hotel/vendor/laravel/framework/src/Illuminate/Pipeline/Pipeline.php(219): Illuminate/View/Middleware/ShareErrorsFromSession->handle(Object(Illuminate/Http/Request), Object(Closure))
#38 C:/Users/EMANUELCLEMENTEMARTI/Downloads/sistema hotel/vendor/laravel/framework/src/Illuminate/Session/Middleware/StartSession.php(120): Illuminate/Pipeline/Pipeline->{closure:{closure:Illuminate/Pipeline/Pipeline::carry():194}:195}(Object(Illuminate/Http/Request))
#39 C:/Users/EMANUELCLEMENTEMARTI/Downloads/sistema hotel/vendor/laravel/framework/src/Illuminate/Session/Middleware/StartSession.php(63): Illuminate/Session/Middleware/StartSession->handleStatefulRequest(Object(Illuminate/Http/Request), Object(Illuminate/Session/Store), Object(Closure))
#40 C:/Users/EMANUELCLEMENTEMARTI/Downloads/sistema hotel/vendor/laravel/framework/src/Illuminate/Pipeline/Pipeline.php(219): Illuminate/Session/Middleware/StartSession->handle(Object(Illuminate/Http/Request), Object(Closure))
#41 C:/Users/EMANUELCLEMENTEMARTI/Downloads/sistema hotel/vendor/laravel/framework/src/Illuminate/Cookie/Middleware/AddQueuedCookiesToResponse.php(36): Illuminate/Pipeline/Pipeline->{closure:{closure:Illuminate/Pipeline/Pipeline::carry():194}:195}(Object(Illuminate/Http/Request))
#42 C:/Users/EMANUELCLEMENTEMARTI/Downloads/sistema hotel/vendor/laravel/framework/src/Illuminate/Pipeline/Pipeline.php(219): Illuminate/Cookie/Middleware/AddQueuedCookiesToResponse->handle(Object(Illuminate/Http/Request), Object(Closure))
#43 C:/Users/EMANUELCLEMENTEMARTI/Downloads/sistema hotel/vendor/laravel/framework/src/Illuminate/Cookie/Middleware/EncryptCookies.php(74): Illuminate/Pipeline/Pipeline->{closure:{closure:Illuminate/Pipeline/Pipeline::carry():194}:195}(Object(Illuminate/Http/Request))
#44 C:/Users/EMANUELCLEMENTEMARTI/Downloads/sistema hotel/vendor/laravel/framework/src/Illuminate/Pipeline/Pipeline.php(219): Illuminate/Cookie/Middleware/EncryptCookies->handle(Object(Illuminate/Http/Request), Object(Closure))
#45 C:/Users/EMANUELCLEMENTEMARTI/Downloads/sistema hotel/vendor/laravel/framework/src/Illuminate/Pipeline/Pipeline.php(137): Illuminate/Pipeline/Pipeline->{closure:{closure:Illuminate/Pipeline/Pipeline::carry():194}:195}(Object(Illuminate/Http/Request))
#46 C:/Users/EMANUELCLEMENTEMARTI/Downloads/sistema hotel/vendor/laravel/framework/src/Illuminate/Routing/Router.php(821): Illuminate/Pipeline/Pipeline->then(Object(Closure))
#47 C:/Users/EMANUELCLEMENTEMARTI/Downloads/sistema hotel/vendor/laravel/framework/src/Illuminate/Routing/Router.php(800): Illuminate/Routing/Router->runRouteWithinStack(Object(Illuminate/Routing/Route), Object(Illuminate/Http/Request))
#48 C:/Users/EMANUELCLEMENTEMARTI/Downloads/sistema hotel/vendor/laravel/framework/src/Illuminate/Routing/Router.php(764): Illuminate/Routing/Router->runRoute(Object(Illuminate/Http/Request), Object(Illuminate/Routing/Route))
#49 C:/Users/EMANUELCLEMENTEMARTI/Downloads/sistema hotel/vendor/laravel/framework/src/Illuminate/Routing/Router.php(753): Illuminate/Routing/Router->dispatchToRoute(Object(Illuminate/Http/Request))
#50 C:/Users/EMANUELCLEMENTEMARTI/Downloads/sistema hotel/vendor/laravel/framework/src/Illuminate/Foundation/Http/Kernel.php(200): Illuminate/Routing/Router->dispatch(Object(Illuminate/Http/Request))
#51 C:/Users/EMANUELCLEMENTEMARTI/Downloads/sistema hotel/vendor/laravel/framework/src/Illuminate/Pipeline/Pipeline.php(180): Illuminate/Foundation/Http/Kernel->{closure:Illuminate/Foundation/Http/Kernel::dispatchToRouter():197}(Object(Illuminate/Http/Request))
#52 C:/Users/EMANUELCLEMENTEMARTI/Downloads/sistema hotel/vendor/livewire/livewire/src/Features/SupportDisablingBackButtonCache/DisableBackButtonCacheMiddleware.php(19): Illuminate/Pipeline/Pipeline->{closure:Illuminate/Pipeline/Pipeline::prepareDestination():178}(Object(Illuminate/Http/Request))
#53 C:/Users/EMANUELCLEMENTEMARTI/Downloads/sistema hotel/vendor/laravel/framework/src/Illuminate/Pipeline/Pipeline.php(219): Livewire/Features/SupportDisablingBackButtonCache/DisableBackButtonCacheMiddleware->handle(Object(Illuminate/Http/Request), Object(Closure))
#54 C:/Users/EMANUELCLEMENTEMARTI/Downloads/sistema hotel/vendor/laravel/framework/src/Illuminate/Foundation/Http/Middleware/ConvertEmptyStringsToNull.php(27): Illuminate/Pipeline/Pipeline->{closure:{closure:Illuminate/Pipeline/Pipeline::carry():194}:195}(Object(Illuminate/Http/Request))
#55 C:/Users/EMANUELCLEMENTEMARTI/Downloads/sistema hotel/vendor/laravel/framework/src/Illuminate/Pipeline/Pipeline.php(219): Illuminate/Foundation/Http/Middleware/ConvertEmptyStringsToNull->handle(Object(Illuminate/Http/Request), Object(Closure))
#56 C:/Users/EMANUELCLEMENTEMARTI/Downloads/sistema hotel/vendor/laravel/framework/src/Illuminate/Foundation/Http/Middleware/TrimStrings.php(47): Illuminate/Pipeline/Pipeline->{closure:{closure:Illuminate/Pipeline/Pipeline::carry():194}:195}(Object(Illuminate/Http/Request))
#57 C:/Users/EMANUELCLEMENTEMARTI/Downloads/sistema hotel/vendor/laravel/framework/src/Illuminate/Pipeline/Pipeline.php(219): Illuminate/Foundation/Http/Middleware/TrimStrings->handle(Object(Illuminate/Http/Request), Object(Closure))
#58 C:/Users/EMANUELCLEMENTEMARTI/Downloads/sistema hotel/vendor/laravel/framework/src/Illuminate/Http/Middleware/ValidatePostSize.php(27): Illuminate/Pipeline/Pipeline->{closure:{closure:Illuminate/Pipeline/Pipeline::carry():194}:195}(Object(Illuminate/Http/Request))
#59 C:/Users/EMANUELCLEMENTEMARTI/Downloads/sistema hotel/vendor/laravel/framework/src/Illuminate/Pipeline/Pipeline.php(219): Illuminate/Http/Middleware/ValidatePostSize->handle(Object(Illuminate/Http/Request), Object(Closure))
#60 C:/Users/EMANUELCLEMENTEMARTI/Downloads/sistema hotel/vendor/laravel/framework/src/Illuminate/Foundation/Http/Middleware/PreventRequestsDuringMaintenance.php(109): Illuminate/Pipeline/Pipeline->{closure:{closure:Illuminate/Pipeline/Pipeline::carry():194}:195}(Object(Illuminate/Http/Request))
#61 C:/Users/EMANUELCLEMENTEMARTI/Downloads/sistema hotel/vendor/laravel/framework/src/Illuminate/Pipeline/Pipeline.php(219): Illuminate/Foundation/Http/Middleware/PreventRequestsDuringMaintenance->handle(Object(Illuminate/Http/Request), Object(Closure))
#62 C:/Users/EMANUELCLEMENTEMARTI/Downloads/sistema hotel/vendor/laravel/framework/src/Illuminate/Http/Middleware/HandleCors.php(61): Illuminate/Pipeline/Pipeline->{closure:{closure:Illuminate/Pipeline/Pipeline::carry():194}:195}(Object(Illuminate/Http/Request))
#63 C:/Users/EMANUELCLEMENTEMARTI/Downloads/sistema hotel/vendor/laravel/framework/src/Illuminate/Pipeline/Pipeline.php(219): Illuminate/Http/Middleware/HandleCors->handle(Object(Illuminate/Http/Request), Object(Closure))
#64 C:/Users/EMANUELCLEMENTEMARTI/Downloads/sistema hotel/vendor/laravel/framework/src/Illuminate/Http/Middleware/TrustProxies.php(58): Illuminate/Pipeline/Pipeline->{closure:{closure:Illuminate/Pipeline/Pipeline::carry():194}:195}(Object(Illuminate/Http/Request))
#65 C:/Users/EMANUELCLEMENTEMARTI/Downloads/sistema hotel/vendor/laravel/framework/src/Illuminate/Pipeline/Pipeline.php(219): Illuminate/Http/Middleware/TrustProxies->handle(Object(Illuminate/Http/Request), Object(Closure))
#66 C:/Users/EMANUELCLEMENTEMARTI/Downloads/sistema hotel/vendor/laravel/framework/src/Illuminate/Foundation/Http/Middleware/InvokeDeferredCallbacks.php(22): Illuminate/Pipeline/Pipeline->{closure:{closure:Illuminate/Pipeline/Pipeline::carry():194}:195}(Object(Illuminate/Http/Request))
#67 C:/Users/EMANUELCLEMENTEMARTI/Downloads/sistema hotel/vendor/laravel/framework/src/Illuminate/Pipeline/Pipeline.php(219): Illuminate/Foundation/Http/Middleware/InvokeDeferredCallbacks->handle(Object(Illuminate/Http/Request), Object(Closure))
#68 C:/Users/EMANUELCLEMENTEMARTI/Downloads/sistema hotel/vendor/laravel/framework/src/Illuminate/Http/Middleware/ValidatePathEncoding.php(26): Illuminate/Pipeline/Pipeline->{closure:{closure:Illuminate/Pipeline/Pipeline::carry():194}:195}(Object(Illuminate/Http/Request))
#69 C:/Users/EMANUELCLEMENTEMARTI/Downloads/sistema hotel/vendor/laravel/framework/src/Illuminate/Pipeline/Pipeline.php(219): Illuminate/Http/Middleware/ValidatePathEncoding->handle(Object(Illuminate/Http/Request), Object(Closure))
#70 C:/Users/EMANUELCLEMENTEMARTI/Downloads/sistema hotel/vendor/laravel/framework/src/Illuminate/Pipeline/Pipeline.php(137): Illuminate/Pipeline/Pipeline->{closure:{closure:Illuminate/Pipeline/Pipeline::carry():194}:195}(Object(Illuminate/Http/Request))
#71 C:/Users/EMANUELCLEMENTEMARTI/Downloads/sistema hotel/vendor/laravel/framework/src/Illuminate/Foundation/Http/Kernel.php(175): Illuminate/Pipeline/Pipeline->then(Object(Closure))
#72 C:/Users/EMANUELCLEMENTEMARTI/Downloads/sistema hotel/vendor/laravel/framework/src/Illuminate/Foundation/Http/Kernel.php(144): Illuminate/Foundation/Http/Kernel->sendRequestThroughRouter(Object(Illuminate/Http/Request))
#73 C:/Users/EMANUELCLEMENTEMARTI/Downloads/sistema hotel/vendor/laravel/framework/src/Illuminate/Foundation/Application.php(1220): Illuminate/Foundation/Http/Kernel->handle(Object(Illuminate/Http/Request))
#74 C:/Users/EMANUELCLEMENTEMARTI/Downloads/sistema hotel/public/index.php(17): Illuminate/Foundation/Application->handleRequest(Object(Illuminate/Http/Request))
#75 C:/Users/EMANUELCLEMENTEMARTI/Downloads/sistema hotel/vendor/laravel/framework/src/Illuminate/Foundation/resources/server.php(23): require_once('C://Users//EMANUE...')
#76 {main}
"} 
[2026-03-31 18:03:01] laravel.WARNING: League\Flysystem\AwsS3V3\AwsS3V3Adapter::__construct(): Implicitly marking parameter $mimeTypeDetector as nullable is deprecated, the explicit nullable type must be used instead in C:\Users\EMANUELCLEMENTEMARTI\Downloads\sistema hotel\vendor\league\flysystem-aws-s3-v3\AwsS3V3Adapter.php on line 0  
[2026-03-31 18:03:01] laravel.EMERGENCY: Unable to create configured logger. Using emergency logger. {"exception":"[object] (InvalidArgumentException(code: 0): Driver [null] is not supported. at C:/Users/EMANUELCLEMENTEMARTI/Downloads/sistema hotel/vendor/laravel/framework/src/Illuminate/Log/LogManager.php:235)
[stacktrace]
#0 C:/Users/EMANUELCLEMENTEMARTI/Downloads/sistema hotel/vendor/laravel/framework/src/Illuminate/Log/LogManager.php(138): Illuminate/Log/LogManager->resolve('deprecations', Array)
#1 C:/Users/EMANUELCLEMENTEMARTI/Downloads/sistema hotel/vendor/laravel/framework/src/Illuminate/Log/LogManager.php(125): Illuminate/Log/LogManager->get('deprecations')
#2 C:/Users/EMANUELCLEMENTEMARTI/Downloads/sistema hotel/vendor/laravel/framework/src/Illuminate/Log/LogManager.php(114): Illuminate/Log/LogManager->driver('deprecations')
#3 C:/Users/EMANUELCLEMENTEMARTI/Downloads/sistema hotel/vendor/laravel/framework/src/Illuminate/Foundation/Bootstrap/HandleExceptions.php(105): Illuminate/Log/LogManager->channel('deprecations')
#4 C:/Users/EMANUELCLEMENTEMARTI/Downloads/sistema hotel/vendor/laravel/framework/src/Illuminate/Foundation/Bootstrap/HandleExceptions.php(74): Illuminate/Foundation/Bootstrap/HandleExceptions->handleDeprecationError('League//Flysyste...', 'C://Users//EMANUE...', 295, 8192)
#5 C:/Users/EMANUELCLEMENTEMARTI/Downloads/sistema hotel/vendor/laravel/framework/src/Illuminate/Foundation/Bootstrap/HandleExceptions.php(258): Illuminate/Foundation/Bootstrap/HandleExceptions->handleError(8192, 'League//Flysyste...', 'C://Users//EMANUE...', 295)
#6 C:/Users/EMANUELCLEMENTEMARTI/Downloads/sistema hotel/vendor/composer/ClassLoader.php(576): Illuminate/Foundation/Bootstrap/HandleExceptions->{closure:Illuminate/Foundation/Bootstrap/HandleExceptions::forwardsTo():257}(8192, 'League//Flysyste...', 'C://Users//EMANUE...', 295)
#7 C:/Users/EMANUELCLEMENTEMARTI/Downloads/sistema hotel/vendor/composer/ClassLoader.php(576): include('C://Users//EMANUE...')
#8 C:/Users/EMANUELCLEMENTEMARTI/Downloads/sistema hotel/vendor/composer/ClassLoader.php(427): {closure:Composer/Autoload/ClassLoader::initializeIncludeClosure():575}('C://Users//EMANUE...')
#9 C:/Users/EMANUELCLEMENTEMARTI/Downloads/sistema hotel/vendor/laravel/framework/src/Illuminate/Filesystem/FilesystemManager.php(257): Composer/Autoload/ClassLoader->loadClass('League//Flysyste...')
#10 C:/Users/EMANUELCLEMENTEMARTI/Downloads/sistema hotel/vendor/laravel/framework/src/Illuminate/Filesystem/FilesystemManager.php(153): Illuminate/Filesystem/FilesystemManager->createS3Driver(Array, 'supabase')
#11 C:/Users/EMANUELCLEMENTEMARTI/Downloads/sistema hotel/vendor/laravel/framework/src/Illuminate/Filesystem/FilesystemManager.php(121): Illuminate/Filesystem/FilesystemManager->resolve('supabase')
#12 C:/Users/EMANUELCLEMENTEMARTI/Downloads/sistema hotel/vendor/laravel/framework/src/Illuminate/Filesystem/FilesystemManager.php(84): Illuminate/Filesystem/FilesystemManager->get('supabase')
#13 C:/Users/EMANUELCLEMENTEMARTI/Downloads/sistema hotel/vendor/laravel/framework/src/Illuminate/Support/Facades/Facade.php(363): Illuminate/Filesystem/FilesystemManager->disk('supabase')
#14 C:/Users/EMANUELCLEMENTEMARTI/Downloads/sistema hotel/vendor/livewire/livewire/src/Features/SupportFileUploads/FileUploadConfiguration.php(27): Illuminate/Support/Facades/Facade::__callStatic('disk', Array)
#15 C:/Users/EMANUELCLEMENTEMARTI/Downloads/sistema hotel/vendor/livewire/livewire/src/Features/SupportFileUploads/GenerateSignedUploadUrl.php(20): Livewire/Features/SupportFileUploads/FileUploadConfiguration::storage()
#16 C:/Users/EMANUELCLEMENTEMARTI/Downloads/sistema hotel/vendor/laravel/framework/src/Illuminate/Support/Facades/Facade.php(363): Livewire/Features/SupportFileUploads/GenerateSignedUploadUrl->forS3(Object(Illuminate/Http/Testing/File))
#17 C:/Users/EMANUELCLEMENTEMARTI/Downloads/sistema hotel/vendor/livewire/livewire/src/Features/SupportFileUploads/WithFileUploads.php(20): Illuminate/Support/Facades/Facade::__callStatic('forS3', Array)
#18 C:/Users/EMANUELCLEMENTEMARTI/Downloads/sistema hotel/vendor/laravel/framework/src/Illuminate/Container/BoundMethod.php(36): App/Livewire/ImageManager->_startUpload('imagen', Array, false)
#19 C:/Users/EMANUELCLEMENTEMARTI/Downloads/sistema hotel/vendor/laravel/framework/src/Illuminate/Container/Util.php(43): Illuminate/Container/BoundMethod::{closure:Illuminate/Container/BoundMethod::call():35}()
#20 C:/Users/EMANUELCLEMENTEMARTI/Downloads/sistema hotel/vendor/laravel/framework/src/Illuminate/Container/BoundMethod.php(96): Illuminate/Container/Util::unwrapIfClosure(Object(Closure))
#21 C:/Users/EMANUELCLEMENTEMARTI/Downloads/sistema hotel/vendor/laravel/framework/src/Illuminate/Container/BoundMethod.php(35): Illuminate/Container/BoundMethod::callBoundMethod(Object(Illuminate/Foundation/Application), Array, Object(Closure))
#22 C:/Users/EMANUELCLEMENTEMARTI/Downloads/sistema hotel/vendor/livewire/livewire/src/Wrapped.php(23): Illuminate/Container/BoundMethod::call(Object(Illuminate/Foundation/Application), Array, Array)
#23 C:/Users/EMANUELCLEMENTEMARTI/Downloads/sistema hotel/vendor/livewire/livewire/src/Mechanisms/HandleComponents/HandleComponents.php(492): Livewire/Wrapped->__call('_startUpload', Array)
#24 C:/Users/EMANUELCLEMENTEMARTI/Downloads/sistema hotel/vendor/livewire/livewire/src/Mechanisms/HandleComponents/HandleComponents.php(101): Livewire/Mechanisms/HandleComponents/HandleComponents->callMethods(Object(App/Livewire/ImageManager), Array, Object(Livewire/Mechanisms/HandleComponents/ComponentContext))
#25 C:/Users/EMANUELCLEMENTEMARTI/Downloads/sistema hotel/vendor/livewire/livewire/src/LivewireManager.php(102): Livewire/Mechanisms/HandleComponents/HandleComponents->update(Array, Array, Array)
#26 C:/Users/EMANUELCLEMENTEMARTI/Downloads/sistema hotel/vendor/livewire/livewire/src/Mechanisms/HandleRequests/HandleRequests.php(131): Livewire/LivewireManager->update(Array, Array, Array)
#27 C:/Users/EMANUELCLEMENTEMARTI/Downloads/sistema hotel/vendor/laravel/framework/src/Illuminate/Routing/ControllerDispatcher.php(46): Livewire/Mechanisms/HandleRequests/HandleRequests->handleUpdate()
#28 C:/Users/EMANUELCLEMENTEMARTI/Downloads/sistema hotel/vendor/laravel/framework/src/Illuminate/Routing/Route.php(265): Illuminate/Routing/ControllerDispatcher->dispatch(Object(Illuminate/Routing/Route), Object(Livewire/Mechanisms/HandleRequests/HandleRequests), 'handleUpdate')
#29 C:/Users/EMANUELCLEMENTEMARTI/Downloads/sistema hotel/vendor/laravel/framework/src/Illuminate/Routing/Route.php(211): Illuminate/Routing/Route->runController()
#30 C:/Users/EMANUELCLEMENTEMARTI/Downloads/sistema hotel/vendor/laravel/framework/src/Illuminate/Routing/Router.php(822): Illuminate/Routing/Route->run()
#31 C:/Users/EMANUELCLEMENTEMARTI/Downloads/sistema hotel/vendor/laravel/framework/src/Illuminate/Pipeline/Pipeline.php(180): Illuminate/Routing/Router->{closure:Illuminate/Routing/Router::runRouteWithinStack():821}(Object(Illuminate/Http/Request))
#32 C:/Users/EMANUELCLEMENTEMARTI/Downloads/sistema hotel/vendor/laravel/framework/src/Illuminate/Routing/Middleware/SubstituteBindings.php(50): Illuminate/Pipeline/Pipeline->{closure:Illuminate/Pipeline/Pipeline::prepareDestination():178}(Object(Illuminate/Http/Request))
#33 C:/Users/EMANUELCLEMENTEMARTI/Downloads/sistema hotel/vendor/laravel/framework/src/Illuminate/Pipeline/Pipeline.php(219): Illuminate/Routing/Middleware/SubstituteBindings->handle(Object(Illuminate/Http/Request), Object(Closure))
#34 C:/Users/EMANUELCLEMENTEMARTI/Downloads/sistema hotel/vendor/laravel/framework/src/Illuminate/Foundation/Http/Middleware/VerifyCsrfToken.php(87): Illuminate/Pipeline/Pipeline->{closure:{closure:Illuminate/Pipeline/Pipeline::carry():194}:195}(Object(Illuminate/Http/Request))
#35 C:/Users/EMANUELCLEMENTEMARTI/Downloads/sistema hotel/vendor/laravel/framework/src/Illuminate/Pipeline/Pipeline.php(219): Illuminate/Foundation/Http/Middleware/VerifyCsrfToken->handle(Object(Illuminate/Http/Request), Object(Closure))
#36 C:/Users/EMANUELCLEMENTEMARTI/Downloads/sistema hotel/vendor/laravel/framework/src/Illuminate/View/Middleware/ShareErrorsFromSession.php(48): Illuminate/Pipeline/Pipeline->{closure:{closure:Illuminate/Pipeline/Pipeline::carry():194}:195}(Object(Illuminate/Http/Request))
#37 C:/Users/EMANUELCLEMENTEMARTI/Downloads/sistema hotel/vendor/laravel/framework/src/Illuminate/Pipeline/Pipeline.php(219): Illuminate/View/Middleware/ShareErrorsFromSession->handle(Object(Illuminate/Http/Request), Object(Closure))
#38 C:/Users/EMANUELCLEMENTEMARTI/Downloads/sistema hotel/vendor/laravel/framework/src/Illuminate/Session/Middleware/StartSession.php(120): Illuminate/Pipeline/Pipeline->{closure:{closure:Illuminate/Pipeline/Pipeline::carry():194}:195}(Object(Illuminate/Http/Request))
#39 C:/Users/EMANUELCLEMENTEMARTI/Downloads/sistema hotel/vendor/laravel/framework/src/Illuminate/Session/Middleware/StartSession.php(63): Illuminate/Session/Middleware/StartSession->handleStatefulRequest(Object(Illuminate/Http/Request), Object(Illuminate/Session/Store), Object(Closure))
#40 C:/Users/EMANUELCLEMENTEMARTI/Downloads/sistema hotel/vendor/laravel/framework/src/Illuminate/Pipeline/Pipeline.php(219): Illuminate/Session/Middleware/StartSession->handle(Object(Illuminate/Http/Request), Object(Closure))
#41 C:/Users/EMANUELCLEMENTEMARTI/Downloads/sistema hotel/vendor/laravel/framework/src/Illuminate/Cookie/Middleware/AddQueuedCookiesToResponse.php(36): Illuminate/Pipeline/Pipeline->{closure:{closure:Illuminate/Pipeline/Pipeline::carry():194}:195}(Object(Illuminate/Http/Request))
#42 C:/Users/EMANUELCLEMENTEMARTI/Downloads/sistema hotel/vendor/laravel/framework/src/Illuminate/Pipeline/Pipeline.php(219): Illuminate/Cookie/Middleware/AddQueuedCookiesToResponse->handle(Object(Illuminate/Http/Request), Object(Closure))
#43 C:/Users/EMANUELCLEMENTEMARTI/Downloads/sistema hotel/vendor/laravel/framework/src/Illuminate/Cookie/Middleware/EncryptCookies.php(74): Illuminate/Pipeline/Pipeline->{closure:{closure:Illuminate/Pipeline/Pipeline::carry():194}:195}(Object(Illuminate/Http/Request))
#44 C:/Users/EMANUELCLEMENTEMARTI/Downloads/sistema hotel/vendor/laravel/framework/src/Illuminate/Pipeline/Pipeline.php(219): Illuminate/Cookie/Middleware/EncryptCookies->handle(Object(Illuminate/Http/Request), Object(Closure))
#45 C:/Users/EMANUELCLEMENTEMARTI/Downloads/sistema hotel/vendor/laravel/framework/src/Illuminate/Pipeline/Pipeline.php(137): Illuminate/Pipeline/Pipeline->{closure:{closure:Illuminate/Pipeline/Pipeline::carry():194}:195}(Object(Illuminate/Http/Request))
#46 C:/Users/EMANUELCLEMENTEMARTI/Downloads/sistema hotel/vendor/laravel/framework/src/Illuminate/Routing/Router.php(821): Illuminate/Pipeline/Pipeline->then(Object(Closure))
#47 C:/Users/EMANUELCLEMENTEMARTI/Downloads/sistema hotel/vendor/laravel/framework/src/Illuminate/Routing/Router.php(800): Illuminate/Routing/Router->runRouteWithinStack(Object(Illuminate/Routing/Route), Object(Illuminate/Http/Request))
#48 C:/Users/EMANUELCLEMENTEMARTI/Downloads/sistema hotel/vendor/laravel/framework/src/Illuminate/Routing/Router.php(764): Illuminate/Routing/Router->runRoute(Object(Illuminate/Http/Request), Object(Illuminate/Routing/Route))
#49 C:/Users/EMANUELCLEMENTEMARTI/Downloads/sistema hotel/vendor/laravel/framework/src/Illuminate/Routing/Router.php(753): Illuminate/Routing/Router->dispatchToRoute(Object(Illuminate/Http/Request))
#50 C:/Users/EMANUELCLEMENTEMARTI/Downloads/sistema hotel/vendor/laravel/framework/src/Illuminate/Foundation/Http/Kernel.php(200): Illuminate/Routing/Router->dispatch(Object(Illuminate/Http/Request))
#51 C:/Users/EMANUELCLEMENTEMARTI/Downloads/sistema hotel/vendor/laravel/framework/src/Illuminate/Pipeline/Pipeline.php(180): Illuminate/Foundation/Http/Kernel->{closure:Illuminate/Foundation/Http/Kernel::dispatchToRouter():197}(Object(Illuminate/Http/Request))
#52 C:/Users/EMANUELCLEMENTEMARTI/Downloads/sistema hotel/vendor/livewire/livewire/src/Features/SupportDisablingBackButtonCache/DisableBackButtonCacheMiddleware.php(19): Illuminate/Pipeline/Pipeline->{closure:Illuminate/Pipeline/Pipeline::prepareDestination():178}(Object(Illuminate/Http/Request))
#53 C:/Users/EMANUELCLEMENTEMARTI/Downloads/sistema hotel/vendor/laravel/framework/src/Illuminate/Pipeline/Pipeline.php(219): Livewire/Features/SupportDisablingBackButtonCache/DisableBackButtonCacheMiddleware->handle(Object(Illuminate/Http/Request), Object(Closure))
#54 C:/Users/EMANUELCLEMENTEMARTI/Downloads/sistema hotel/vendor/laravel/framework/src/Illuminate/Foundation/Http/Middleware/ConvertEmptyStringsToNull.php(27): Illuminate/Pipeline/Pipeline->{closure:{closure:Illuminate/Pipeline/Pipeline::carry():194}:195}(Object(Illuminate/Http/Request))
#55 C:/Users/EMANUELCLEMENTEMARTI/Downloads/sistema hotel/vendor/laravel/framework/src/Illuminate/Pipeline/Pipeline.php(219): Illuminate/Foundation/Http/Middleware/ConvertEmptyStringsToNull->handle(Object(Illuminate/Http/Request), Object(Closure))
#56 C:/Users/EMANUELCLEMENTEMARTI/Downloads/sistema hotel/vendor/laravel/framework/src/Illuminate/Foundation/Http/Middleware/TrimStrings.php(47): Illuminate/Pipeline/Pipeline->{closure:{closure:Illuminate/Pipeline/Pipeline::carry():194}:195}(Object(Illuminate/Http/Request))
#57 C:/Users/EMANUELCLEMENTEMARTI/Downloads/sistema hotel/vendor/laravel/framework/src/Illuminate/Pipeline/Pipeline.php(219): Illuminate/Foundation/Http/Middleware/TrimStrings->handle(Object(Illuminate/Http/Request), Object(Closure))
#58 C:/Users/EMANUELCLEMENTEMARTI/Downloads/sistema hotel/vendor/laravel/framework/src/Illuminate/Http/Middleware/ValidatePostSize.php(27): Illuminate/Pipeline/Pipeline->{closure:{closure:Illuminate/Pipeline/Pipeline::carry():194}:195}(Object(Illuminate/Http/Request))
#59 C:/Users/EMANUELCLEMENTEMARTI/Downloads/sistema hotel/vendor/laravel/framework/src/Illuminate/Pipeline/Pipeline.php(219): Illuminate/Http/Middleware/ValidatePostSize->handle(Object(Illuminate/Http/Request), Object(Closure))
#60 C:/Users/EMANUELCLEMENTEMARTI/Downloads/sistema hotel/vendor/laravel/framework/src/Illuminate/Foundation/Http/Middleware/PreventRequestsDuringMaintenance.php(109): Illuminate/Pipeline/Pipeline->{closure:{closure:Illuminate/Pipeline/Pipeline::carry():194}:195}(Object(Illuminate/Http/Request))
#61 C:/Users/EMANUELCLEMENTEMARTI/Downloads/sistema hotel/vendor/laravel/framework/src/Illuminate/Pipeline/Pipeline.php(219): Illuminate/Foundation/Http/Middleware/PreventRequestsDuringMaintenance->handle(Object(Illuminate/Http/Request), Object(Closure))
#62 C:/Users/EMANUELCLEMENTEMARTI/Downloads/sistema hotel/vendor/laravel/framework/src/Illuminate/Http/Middleware/HandleCors.php(61): Illuminate/Pipeline/Pipeline->{closure:{closure:Illuminate/Pipeline/Pipeline::carry():194}:195}(Object(Illuminate/Http/Request))
#63 C:/Users/EMANUELCLEMENTEMARTI/Downloads/sistema hotel/vendor/laravel/framework/src/Illuminate/Pipeline/Pipeline.php(219): Illuminate/Http/Middleware/HandleCors->handle(Object(Illuminate/Http/Request), Object(Closure))
#64 C:/Users/EMANUELCLEMENTEMARTI/Downloads/sistema hotel/vendor/laravel/framework/src/Illuminate/Http/Middleware/TrustProxies.php(58): Illuminate/Pipeline/Pipeline->{closure:{closure:Illuminate/Pipeline/Pipeline::carry():194}:195}(Object(Illuminate/Http/Request))
#65 C:/Users/EMANUELCLEMENTEMARTI/Downloads/sistema hotel/vendor/laravel/framework/src/Illuminate/Pipeline/Pipeline.php(219): Illuminate/Http/Middleware/TrustProxies->handle(Object(Illuminate/Http/Request), Object(Closure))
#66 C:/Users/EMANUELCLEMENTEMARTI/Downloads/sistema hotel/vendor/laravel/framework/src/Illuminate/Foundation/Http/Middleware/InvokeDeferredCallbacks.php(22): Illuminate/Pipeline/Pipeline->{closure:{closure:Illuminate/Pipeline/Pipeline::carry():194}:195}(Object(Illuminate/Http/Request))
#67 C:/Users/EMANUELCLEMENTEMARTI/Downloads/sistema hotel/vendor/laravel/framework/src/Illuminate/Pipeline/Pipeline.php(219): Illuminate/Foundation/Http/Middleware/InvokeDeferredCallbacks->handle(Object(Illuminate/Http/Request), Object(Closure))
#68 C:/Users/EMANUELCLEMENTEMARTI/Downloads/sistema hotel/vendor/laravel/framework/src/Illuminate/Http/Middleware/ValidatePathEncoding.php(26): Illuminate/Pipeline/Pipeline->{closure:{closure:Illuminate/Pipeline/Pipeline::carry():194}:195}(Object(Illuminate/Http/Request))
#69 C:/Users/EMANUELCLEMENTEMARTI/Downloads/sistema hotel/vendor/laravel/framework/src/Illuminate/Pipeline/Pipeline.php(219): Illuminate/Http/Middleware/ValidatePathEncoding->handle(Object(Illuminate/Http/Request), Object(Closure))
#70 C:/Users/EMANUELCLEMENTEMARTI/Downloads/sistema hotel/vendor/laravel/framework/src/Illuminate/Pipeline/Pipeline.php(137): Illuminate/Pipeline/Pipeline->{closure:{closure:Illuminate/Pipeline/Pipeline::carry():194}:195}(Object(Illuminate/Http/Request))
#71 C:/Users/EMANUELCLEMENTEMARTI/Downloads/sistema hotel/vendor/laravel/framework/src/Illuminate/Foundation/Http/Kernel.php(175): Illuminate/Pipeline/Pipeline->then(Object(Closure))
#72 C:/Users/EMANUELCLEMENTEMARTI/Downloads/sistema hotel/vendor/laravel/framework/src/Illuminate/Foundation/Http/Kernel.php(144): Illuminate/Foundation/Http/Kernel->sendRequestThroughRouter(Object(Illuminate/Http/Request))
#73 C:/Users/EMANUELCLEMENTEMARTI/Downloads/sistema hotel/vendor/laravel/framework/src/Illuminate/Foundation/Application.php(1220): Illuminate/Foundation/Http/Kernel->handle(Object(Illuminate/Http/Request))
#74 C:/Users/EMANUELCLEMENTEMARTI/Downloads/sistema hotel/public/index.php(17): Illuminate/Foundation/Application->handleRequest(Object(Illuminate/Http/Request))
#75 C:/Users/EMANUELCLEMENTEMARTI/Downloads/sistema hotel/vendor/laravel/framework/src/Illuminate/Foundation/resources/server.php(23): require_once('C://Users//EMANUE...')
#76 {main}
"} 
[2026-03-31 18:03:01] laravel.WARNING: League\Flysystem\AwsS3V3\AwsS3V3Adapter::mapS3ObjectMetadata(): Implicitly marking parameter $path as nullable is deprecated, the explicit nullable type must be used instead in C:\Users\EMANUELCLEMENTEMARTI\Downloads\sistema hotel\vendor\league\flysystem-aws-s3-v3\AwsS3V3Adapter.php on line 295  
[2026-03-31 18:03:08] laravel.EMERGENCY: Unable to create configured logger. Using emergency logger. {"exception":"[object] (InvalidArgumentException(code: 0): Driver [null] is not supported. at C:/Users/EMANUELCLEMENTEMARTI/Downloads/sistema hotel/vendor/laravel/framework/src/Illuminate/Log/LogManager.php:235)
[stacktrace]
#0 C:/Users/EMANUELCLEMENTEMARTI/Downloads/sistema hotel/vendor/laravel/framework/src/Illuminate/Log/LogManager.php(138): Illuminate/Log/LogManager->resolve('deprecations', Array)
#1 C:/Users/EMANUELCLEMENTEMARTI/Downloads/sistema hotel/vendor/laravel/framework/src/Illuminate/Log/LogManager.php(125): Illuminate/Log/LogManager->get('deprecations')
#2 C:/Users/EMANUELCLEMENTEMARTI/Downloads/sistema hotel/vendor/laravel/framework/src/Illuminate/Log/LogManager.php(114): Illuminate/Log/LogManager->driver('deprecations')
#3 C:/Users/EMANUELCLEMENTEMARTI/Downloads/sistema hotel/vendor/laravel/framework/src/Illuminate/Foundation/Bootstrap/HandleExceptions.php(105): Illuminate/Log/LogManager->channel('deprecations')
#4 C:/Users/EMANUELCLEMENTEMARTI/Downloads/sistema hotel/vendor/laravel/framework/src/Illuminate/Foundation/Bootstrap/HandleExceptions.php(74): Illuminate/Foundation/Bootstrap/HandleExceptions->handleDeprecationError('League//Flysyste...', 'C://Users//EMANUE...', 108, 8192)
#5 C:/Users/EMANUELCLEMENTEMARTI/Downloads/sistema hotel/vendor/laravel/framework/src/Illuminate/Foundation/Bootstrap/HandleExceptions.php(258): Illuminate/Foundation/Bootstrap/HandleExceptions->handleError(8192, 'League//Flysyste...', 'C://Users//EMANUE...', 108)
#6 C:/Users/EMANUELCLEMENTEMARTI/Downloads/sistema hotel/vendor/composer/ClassLoader.php(576): Illuminate/Foundation/Bootstrap/HandleExceptions->{closure:Illuminate/Foundation/Bootstrap/HandleExceptions::forwardsTo():257}(8192, 'League//Flysyste...', 'C://Users//EMANUE...', 108)
#7 C:/Users/EMANUELCLEMENTEMARTI/Downloads/sistema hotel/vendor/composer/ClassLoader.php(576): include('C://Users//EMANUE...')
#8 C:/Users/EMANUELCLEMENTEMARTI/Downloads/sistema hotel/vendor/composer/ClassLoader.php(427): {closure:Composer/Autoload/ClassLoader::initializeIncludeClosure():575}('C://Users//EMANUE...')
#9 C:/Users/EMANUELCLEMENTEMARTI/Downloads/sistema hotel/vendor/laravel/framework/src/Illuminate/Filesystem/FilesystemManager.php(257): Composer/Autoload/ClassLoader->loadClass('League//Flysyste...')
#10 C:/Users/EMANUELCLEMENTEMARTI/Downloads/sistema hotel/vendor/laravel/framework/src/Illuminate/Filesystem/FilesystemManager.php(153): Illuminate/Filesystem/FilesystemManager->createS3Driver(Array, 'supabase')
#11 C:/Users/EMANUELCLEMENTEMARTI/Downloads/sistema hotel/vendor/laravel/framework/src/Illuminate/Filesystem/FilesystemManager.php(121): Illuminate/Filesystem/FilesystemManager->resolve('supabase')
#12 C:/Users/EMANUELCLEMENTEMARTI/Downloads/sistema hotel/vendor/laravel/framework/src/Illuminate/Filesystem/FilesystemManager.php(84): Illuminate/Filesystem/FilesystemManager->get('supabase')
#13 C:/Users/EMANUELCLEMENTEMARTI/Downloads/sistema hotel/vendor/laravel/framework/src/Illuminate/Support/Facades/Facade.php(363): Illuminate/Filesystem/FilesystemManager->disk('supabase')
#14 C:/Users/EMANUELCLEMENTEMARTI/Downloads/sistema hotel/vendor/livewire/livewire/src/Features/SupportFileUploads/TemporaryUploadedFile.php(20): Illuminate/Support/Facades/Facade::__callStatic('disk', Array)
#15 C:/Users/EMANUELCLEMENTEMARTI/Downloads/sistema hotel/vendor/livewire/livewire/src/Features/SupportFileUploads/TemporaryUploadedFile.php(200): Livewire/Features/SupportFileUploads/TemporaryUploadedFile->__construct('PdSPOLl7Ul5BmT5...', 'supabase')
#16 C:/Users/EMANUELCLEMENTEMARTI/Downloads/sistema hotel/vendor/livewire/livewire/src/Features/SupportFileUploads/WithFileUploads.php(49): Livewire/Features/SupportFileUploads/TemporaryUploadedFile::createFromLivewire('PdSPOLl7Ul5BmT5...')
#17 C:/Users/EMANUELCLEMENTEMARTI/Downloads/sistema hotel/vendor/laravel/framework/src/Illuminate/Container/BoundMethod.php(36): App/Livewire/ImageManager->_finishUpload('imagen', Array, false, false)
#18 C:/Users/EMANUELCLEMENTEMARTI/Downloads/sistema hotel/vendor/laravel/framework/src/Illuminate/Container/Util.php(43): Illuminate/Container/BoundMethod::{closure:Illuminate/Container/BoundMethod::call():35}()
#19 C:/Users/EMANUELCLEMENTEMARTI/Downloads/sistema hotel/vendor/laravel/framework/src/Illuminate/Container/BoundMethod.php(96): Illuminate/Container/Util::unwrapIfClosure(Object(Closure))
#20 C:/Users/EMANUELCLEMENTEMARTI/Downloads/sistema hotel/vendor/laravel/framework/src/Illuminate/Container/BoundMethod.php(35): Illuminate/Container/BoundMethod::callBoundMethod(Object(Illuminate/Foundation/Application), Array, Object(Closure))
#21 C:/Users/EMANUELCLEMENTEMARTI/Downloads/sistema hotel/vendor/livewire/livewire/src/Wrapped.php(23): Illuminate/Container/BoundMethod::call(Object(Illuminate/Foundation/Application), Array, Array)
#22 C:/Users/EMANUELCLEMENTEMARTI/Downloads/sistema hotel/vendor/livewire/livewire/src/Mechanisms/HandleComponents/HandleComponents.php(492): Livewire/Wrapped->__call('_finishUpload', Array)
#23 C:/Users/EMANUELCLEMENTEMARTI/Downloads/sistema hotel/vendor/livewire/livewire/src/Mechanisms/HandleComponents/HandleComponents.php(101): Livewire/Mechanisms/HandleComponents/HandleComponents->callMethods(Object(App/Livewire/ImageManager), Array, Object(Livewire/Mechanisms/HandleComponents/ComponentContext))
#24 C:/Users/EMANUELCLEMENTEMARTI/Downloads/sistema hotel/vendor/livewire/livewire/src/LivewireManager.php(102): Livewire/Mechanisms/HandleComponents/HandleComponents->update(Array, Array, Array)
#25 C:/Users/EMANUELCLEMENTEMARTI/Downloads/sistema hotel/vendor/livewire/livewire/src/Mechanisms/HandleRequests/HandleRequests.php(131): Livewire/LivewireManager->update(Array, Array, Array)
#26 C:/Users/EMANUELCLEMENTEMARTI/Downloads/sistema hotel/vendor/laravel/framework/src/Illuminate/Routing/ControllerDispatcher.php(46): Livewire/Mechanisms/HandleRequests/HandleRequests->handleUpdate()
#27 C:/Users/EMANUELCLEMENTEMARTI/Downloads/sistema hotel/vendor/laravel/framework/src/Illuminate/Routing/Route.php(265): Illuminate/Routing/ControllerDispatcher->dispatch(Object(Illuminate/Routing/Route), Object(Livewire/Mechanisms/HandleRequests/HandleRequests), 'handleUpdate')
#28 C:/Users/EMANUELCLEMENTEMARTI/Downloads/sistema hotel/vendor/laravel/framework/src/Illuminate/Routing/Route.php(211): Illuminate/Routing/Route->runController()
#29 C:/Users/EMANUELCLEMENTEMARTI/Downloads/sistema hotel/vendor/laravel/framework/src/Illuminate/Routing/Router.php(822): Illuminate/Routing/Route->run()
#30 C:/Users/EMANUELCLEMENTEMARTI/Downloads/sistema hotel/vendor/laravel/framework/src/Illuminate/Pipeline/Pipeline.php(180): Illuminate/Routing/Router->{closure:Illuminate/Routing/Router::runRouteWithinStack():821}(Object(Illuminate/Http/Request))
#31 C:/Users/EMANUELCLEMENTEMARTI/Downloads/sistema hotel/vendor/laravel/framework/src/Illuminate/Routing/Middleware/SubstituteBindings.php(50): Illuminate/Pipeline/Pipeline->{closure:Illuminate/Pipeline/Pipeline::prepareDestination():178}(Object(Illuminate/Http/Request))
#32 C:/Users/EMANUELCLEMENTEMARTI/Downloads/sistema hotel/vendor/laravel/framework/src/Illuminate/Pipeline/Pipeline.php(219): Illuminate/Routing/Middleware/SubstituteBindings->handle(Object(Illuminate/Http/Request), Object(Closure))
#33 C:/Users/EMANUELCLEMENTEMARTI/Downloads/sistema hotel/vendor/laravel/framework/src/Illuminate/Foundation/Http/Middleware/VerifyCsrfToken.php(87): Illuminate/Pipeline/Pipeline->{closure:{closure:Illuminate/Pipeline/Pipeline::carry():194}:195}(Object(Illuminate/Http/Request))
#34 C:/Users/EMANUELCLEMENTEMARTI/Downloads/sistema hotel/vendor/laravel/framework/src/Illuminate/Pipeline/Pipeline.php(219): Illuminate/Foundation/Http/Middleware/VerifyCsrfToken->handle(Object(Illuminate/Http/Request), Object(Closure))
#35 C:/Users/EMANUELCLEMENTEMARTI/Downloads/sistema hotel/vendor/laravel/framework/src/Illuminate/View/Middleware/ShareErrorsFromSession.php(48): Illuminate/Pipeline/Pipeline->{closure:{closure:Illuminate/Pipeline/Pipeline::carry():194}:195}(Object(Illuminate/Http/Request))
#36 C:/Users/EMANUELCLEMENTEMARTI/Downloads/sistema hotel/vendor/laravel/framework/src/Illuminate/Pipeline/Pipeline.php(219): Illuminate/View/Middleware/ShareErrorsFromSession->handle(Object(Illuminate/Http/Request), Object(Closure))
#37 C:/Users/EMANUELCLEMENTEMARTI/Downloads/sistema hotel/vendor/laravel/framework/src/Illuminate/Session/Middleware/StartSession.php(120): Illuminate/Pipeline/Pipeline->{closure:{closure:Illuminate/Pipeline/Pipeline::carry():194}:195}(Object(Illuminate/Http/Request))
#38 C:/Users/EMANUELCLEMENTEMARTI/Downloads/sistema hotel/vendor/laravel/framework/src/Illuminate/Session/Middleware/StartSession.php(63): Illuminate/Session/Middleware/StartSession->handleStatefulRequest(Object(Illuminate/Http/Request), Object(Illuminate/Session/Store), Object(Closure))
#39 C:/Users/EMANUELCLEMENTEMARTI/Downloads/sistema hotel/vendor/laravel/framework/src/Illuminate/Pipeline/Pipeline.php(219): Illuminate/Session/Middleware/StartSession->handle(Object(Illuminate/Http/Request), Object(Closure))
#40 C:/Users/EMANUELCLEMENTEMARTI/Downloads/sistema hotel/vendor/laravel/framework/src/Illuminate/Cookie/Middleware/AddQueuedCookiesToResponse.php(36): Illuminate/Pipeline/Pipeline->{closure:{closure:Illuminate/Pipeline/Pipeline::carry():194}:195}(Object(Illuminate/Http/Request))
#41 C:/Users/EMANUELCLEMENTEMARTI/Downloads/sistema hotel/vendor/laravel/framework/src/Illuminate/Pipeline/Pipeline.php(219): Illuminate/Cookie/Middleware/AddQueuedCookiesToResponse->handle(Object(Illuminate/Http/Request), Object(Closure))
#42 C:/Users/EMANUELCLEMENTEMARTI/Downloads/sistema hotel/vendor/laravel/framework/src/Illuminate/Cookie/Middleware/EncryptCookies.php(74): Illuminate/Pipeline/Pipeline->{closure:{closure:Illuminate/Pipeline/Pipeline::carry():194}:195}(Object(Illuminate/Http/Request))
#43 C:/Users/EMANUELCLEMENTEMARTI/Downloads/sistema hotel/vendor/laravel/framework/src/Illuminate/Pipeline/Pipeline.php(219): Illuminate/Cookie/Middleware/EncryptCookies->handle(Object(Illuminate/Http/Request), Object(Closure))
#44 C:/Users/EMANUELCLEMENTEMARTI/Downloads/sistema hotel/vendor/laravel/framework/src/Illuminate/Pipeline/Pipeline.php(137): Illuminate/Pipeline/Pipeline->{closure:{closure:Illuminate/Pipeline/Pipeline::carry():194}:195}(Object(Illuminate/Http/Request))
#45 C:/Users/EMANUELCLEMENTEMARTI/Downloads/sistema hotel/vendor/laravel/framework/src/Illuminate/Routing/Router.php(821): Illuminate/Pipeline/Pipeline->then(Object(Closure))
#46 C:/Users/EMANUELCLEMENTEMARTI/Downloads/sistema hotel/vendor/laravel/framework/src/Illuminate/Routing/Router.php(800): Illuminate/Routing/Router->runRouteWithinStack(Object(Illuminate/Routing/Route), Object(Illuminate/Http/Request))
#47 C:/Users/EMANUELCLEMENTEMARTI/Downloads/sistema hotel/vendor/laravel/framework/src/Illuminate/Routing/Router.php(764): Illuminate/Routing/Router->runRoute(Object(Illuminate/Http/Request), Object(Illuminate/Routing/Route))
#48 C:/Users/EMANUELCLEMENTEMARTI/Downloads/sistema hotel/vendor/laravel/framework/src/Illuminate/Routing/Router.php(753): Illuminate/Routing/Router->dispatchToRoute(Object(Illuminate/Http/Request))
#49 C:/Users/EMANUELCLEMENTEMARTI/Downloads/sistema hotel/vendor/laravel/framework/src/Illuminate/Foundation/Http/Kernel.php(200): Illuminate/Routing/Router->dispatch(Object(Illuminate/Http/Request))
#50 C:/Users/EMANUELCLEMENTEMARTI/Downloads/sistema hotel/vendor/laravel/framework/src/Illuminate/Pipeline/Pipeline.php(180): Illuminate/Foundation/Http/Kernel->{closure:Illuminate/Foundation/Http/Kernel::dispatchToRouter():197}(Object(Illuminate/Http/Request))
#51 C:/Users/EMANUELCLEMENTEMARTI/Downloads/sistema hotel/vendor/livewire/livewire/src/Features/SupportDisablingBackButtonCache/DisableBackButtonCacheMiddleware.php(19): Illuminate/Pipeline/Pipeline->{closure:Illuminate/Pipeline/Pipeline::prepareDestination():178}(Object(Illuminate/Http/Request))
#52 C:/Users/EMANUELCLEMENTEMARTI/Downloads/sistema hotel/vendor/laravel/framework/src/Illuminate/Pipeline/Pipeline.php(219): Livewire/Features/SupportDisablingBackButtonCache/DisableBackButtonCacheMiddleware->handle(Object(Illuminate/Http/Request), Object(Closure))
#53 C:/Users/EMANUELCLEMENTEMARTI/Downloads/sistema hotel/vendor/laravel/framework/src/Illuminate/Foundation/Http/Middleware/ConvertEmptyStringsToNull.php(27): Illuminate/Pipeline/Pipeline->{closure:{closure:Illuminate/Pipeline/Pipeline::carry():194}:195}(Object(Illuminate/Http/Request))
#54 C:/Users/EMANUELCLEMENTEMARTI/Downloads/sistema hotel/vendor/laravel/framework/src/Illuminate/Pipeline/Pipeline.php(219): Illuminate/Foundation/Http/Middleware/ConvertEmptyStringsToNull->handle(Object(Illuminate/Http/Request), Object(Closure))
#55 C:/Users/EMANUELCLEMENTEMARTI/Downloads/sistema hotel/vendor/laravel/framework/src/Illuminate/Foundation/Http/Middleware/TrimStrings.php(47): Illuminate/Pipeline/Pipeline->{closure:{closure:Illuminate/Pipeline/Pipeline::carry():194}:195}(Object(Illuminate/Http/Request))
#56 C:/Users/EMANUELCLEMENTEMARTI/Downloads/sistema hotel/vendor/laravel/framework/src/Illuminate/Pipeline/Pipeline.php(219): Illuminate/Foundation/Http/Middleware/TrimStrings->handle(Object(Illuminate/Http/Request), Object(Closure))
#57 C:/Users/EMANUELCLEMENTEMARTI/Downloads/sistema hotel/vendor/laravel/framework/src/Illuminate/Http/Middleware/ValidatePostSize.php(27): Illuminate/Pipeline/Pipeline->{closure:{closure:Illuminate/Pipeline/Pipeline::carry():194}:195}(Object(Illuminate/Http/Request))
#58 C:/Users/EMANUELCLEMENTEMARTI/Downloads/sistema hotel/vendor/laravel/framework/src/Illuminate/Pipeline/Pipeline.php(219): Illuminate/Http/Middleware/ValidatePostSize->handle(Object(Illuminate/Http/Request), Object(Closure))
#59 C:/Users/EMANUELCLEMENTEMARTI/Downloads/sistema hotel/vendor/laravel/framework/src/Illuminate/Foundation/Http/Middleware/PreventRequestsDuringMaintenance.php(109): Illuminate/Pipeline/Pipeline->{closure:{closure:Illuminate/Pipeline/Pipeline::carry():194}:195}(Object(Illuminate/Http/Request))
#60 C:/Users/EMANUELCLEMENTEMARTI/Downloads/sistema hotel/vendor/laravel/framework/src/Illuminate/Pipeline/Pipeline.php(219): Illuminate/Foundation/Http/Middleware/PreventRequestsDuringMaintenance->handle(Object(Illuminate/Http/Request), Object(Closure))
#61 C:/Users/EMANUELCLEMENTEMARTI/Downloads/sistema hotel/vendor/laravel/framework/src/Illuminate/Http/Middleware/HandleCors.php(61): Illuminate/Pipeline/Pipeline->{closure:{closure:Illuminate/Pipeline/Pipeline::carry():194}:195}(Object(Illuminate/Http/Request))
#62 C:/Users/EMANUELCLEMENTEMARTI/Downloads/sistema hotel/vendor/laravel/framework/src/Illuminate/Pipeline/Pipeline.php(219): Illuminate/Http/Middleware/HandleCors->handle(Object(Illuminate/Http/Request), Object(Closure))
#63 C:/Users/EMANUELCLEMENTEMARTI/Downloads/sistema hotel/vendor/laravel/framework/src/Illuminate/Http/Middleware/TrustProxies.php(58): Illuminate/Pipeline/Pipeline->{closure:{closure:Illuminate/Pipeline/Pipeline::carry():194}:195}(Object(Illuminate/Http/Request))
#64 C:/Users/EMANUELCLEMENTEMARTI/Downloads/sistema hotel/vendor/laravel/framework/src/Illuminate/Pipeline/Pipeline.php(219): Illuminate/Http/Middleware/TrustProxies->handle(Object(Illuminate/Http/Request), Object(Closure))
#65 C:/Users/EMANUELCLEMENTEMARTI/Downloads/sistema hotel/vendor/laravel/framework/src/Illuminate/Foundation/Http/Middleware/InvokeDeferredCallbacks.php(22): Illuminate/Pipeline/Pipeline->{closure:{closure:Illuminate/Pipeline/Pipeline::carry():194}:195}(Object(Illuminate/Http/Request))
#66 C:/Users/EMANUELCLEMENTEMARTI/Downloads/sistema hotel/vendor/laravel/framework/src/Illuminate/Pipeline/Pipeline.php(219): Illuminate/Foundation/Http/Middleware/InvokeDeferredCallbacks->handle(Object(Illuminate/Http/Request), Object(Closure))
#67 C:/Users/EMANUELCLEMENTEMARTI/Downloads/sistema hotel/vendor/laravel/framework/src/Illuminate/Http/Middleware/ValidatePathEncoding.php(26): Illuminate/Pipeline/Pipeline->{closure:{closure:Illuminate/Pipeline/Pipeline::carry():194}:195}(Object(Illuminate/Http/Request))
#68 C:/Users/EMANUELCLEMENTEMARTI/Downloads/sistema hotel/vendor/laravel/framework/src/Illuminate/Pipeline/Pipeline.php(219): Illuminate/Http/Middleware/ValidatePathEncoding->handle(Object(Illuminate/Http/Request), Object(Closure))
#69 C:/Users/EMANUELCLEMENTEMARTI/Downloads/sistema hotel/vendor/laravel/framework/src/Illuminate/Pipeline/Pipeline.php(137): Illuminate/Pipeline/Pipeline->{closure:{closure:Illuminate/Pipeline/Pipeline::carry():194}:195}(Object(Illuminate/Http/Request))
#70 C:/Users/EMANUELCLEMENTEMARTI/Downloads/sistema hotel/vendor/laravel/framework/src/Illuminate/Foundation/Http/Kernel.php(175): Illuminate/Pipeline/Pipeline->then(Object(Closure))
#71 C:/Users/EMANUELCLEMENTEMARTI/Downloads/sistema hotel/vendor/laravel/framework/src/Illuminate/Foundation/Http/Kernel.php(144): Illuminate/Foundation/Http/Kernel->sendRequestThroughRouter(Object(Illuminate/Http/Request))
#72 C:/Users/EMANUELCLEMENTEMARTI/Downloads/sistema hotel/vendor/laravel/framework/src/Illuminate/Foundation/Application.php(1220): Illuminate/Foundation/Http/Kernel->handle(Object(Illuminate/Http/Request))
#73 C:/Users/EMANUELCLEMENTEMARTI/Downloads/sistema hotel/public/index.php(17): Illuminate/Foundation/Application->handleRequest(Object(Illuminate/Http/Request))
#74 C:/Users/EMANUELCLEMENTEMARTI/Downloads/sistema hotel/vendor/laravel/framework/src/Illuminate/Foundation/resources/server.php(23): require_once('C://Users//EMANUE...')
#75 {main}
"} 
[2026-03-31 18:03:08] laravel.WARNING: League\Flysystem\AwsS3V3\AwsS3V3Adapter::__construct(): Implicitly marking parameter $visibility as nullable is deprecated, the explicit nullable type must be used instead in C:\Users\EMANUELCLEMENTEMARTI\Downloads\sistema hotel\vendor\league\flysystem-aws-s3-v3\AwsS3V3Adapter.php on line 108  
[2026-03-31 18:03:08] laravel.EMERGENCY: Unable to create configured logger. Using emergency logger. {"exception":"[object] (InvalidArgumentException(code: 0): Driver [null] is not supported. at C:/Users/EMANUELCLEMENTEMARTI/Downloads/sistema hotel/vendor/laravel/framework/src/Illuminate/Log/LogManager.php:235)
[stacktrace]
#0 C:/Users/EMANUELCLEMENTEMARTI/Downloads/sistema hotel/vendor/laravel/framework/src/Illuminate/Log/LogManager.php(138): Illuminate/Log/LogManager->resolve('deprecations', Array)
#1 C:/Users/EMANUELCLEMENTEMARTI/Downloads/sistema hotel/vendor/laravel/framework/src/Illuminate/Log/LogManager.php(125): Illuminate/Log/LogManager->get('deprecations')
#2 C:/Users/EMANUELCLEMENTEMARTI/Downloads/sistema hotel/vendor/laravel/framework/src/Illuminate/Log/LogManager.php(114): Illuminate/Log/LogManager->driver('deprecations')
#3 C:/Users/EMANUELCLEMENTEMARTI/Downloads/sistema hotel/vendor/laravel/framework/src/Illuminate/Foundation/Bootstrap/HandleExceptions.php(105): Illuminate/Log/LogManager->channel('deprecations')
#4 C:/Users/EMANUELCLEMENTEMARTI/Downloads/sistema hotel/vendor/laravel/framework/src/Illuminate/Foundation/Bootstrap/HandleExceptions.php(74): Illuminate/Foundation/Bootstrap/HandleExceptions->handleDeprecationError('League//Flysyste...', 'C://Users//EMANUE...', 0, 8192)
#5 C:/Users/EMANUELCLEMENTEMARTI/Downloads/sistema hotel/vendor/laravel/framework/src/Illuminate/Foundation/Bootstrap/HandleExceptions.php(258): Illuminate/Foundation/Bootstrap/HandleExceptions->handleError(8192, 'League//Flysyste...', 'C://Users//EMANUE...', 0)
#6 C:/Users/EMANUELCLEMENTEMARTI/Downloads/sistema hotel/vendor/composer/ClassLoader.php(576): Illuminate/Foundation/Bootstrap/HandleExceptions->{closure:Illuminate/Foundation/Bootstrap/HandleExceptions::forwardsTo():257}(8192, 'League//Flysyste...', 'C://Users//EMANUE...', 0)
#7 C:/Users/EMANUELCLEMENTEMARTI/Downloads/sistema hotel/vendor/composer/ClassLoader.php(576): include('C://Users//EMANUE...')
#8 C:/Users/EMANUELCLEMENTEMARTI/Downloads/sistema hotel/vendor/composer/ClassLoader.php(427): {closure:Composer/Autoload/ClassLoader::initializeIncludeClosure():575}('C://Users//EMANUE...')
#9 C:/Users/EMANUELCLEMENTEMARTI/Downloads/sistema hotel/vendor/laravel/framework/src/Illuminate/Filesystem/FilesystemManager.php(257): Composer/Autoload/ClassLoader->loadClass('League//Flysyste...')
#10 C:/Users/EMANUELCLEMENTEMARTI/Downloads/sistema hotel/vendor/laravel/framework/src/Illuminate/Filesystem/FilesystemManager.php(153): Illuminate/Filesystem/FilesystemManager->createS3Driver(Array, 'supabase')
#11 C:/Users/EMANUELCLEMENTEMARTI/Downloads/sistema hotel/vendor/laravel/framework/src/Illuminate/Filesystem/FilesystemManager.php(121): Illuminate/Filesystem/FilesystemManager->resolve('supabase')
#12 C:/Users/EMANUELCLEMENTEMARTI/Downloads/sistema hotel/vendor/laravel/framework/src/Illuminate/Filesystem/FilesystemManager.php(84): Illuminate/Filesystem/FilesystemManager->get('supabase')
#13 C:/Users/EMANUELCLEMENTEMARTI/Downloads/sistema hotel/vendor/laravel/framework/src/Illuminate/Support/Facades/Facade.php(363): Illuminate/Filesystem/FilesystemManager->disk('supabase')
#14 C:/Users/EMANUELCLEMENTEMARTI/Downloads/sistema hotel/vendor/livewire/livewire/src/Features/SupportFileUploads/TemporaryUploadedFile.php(20): Illuminate/Support/Facades/Facade::__callStatic('disk', Array)
#15 C:/Users/EMANUELCLEMENTEMARTI/Downloads/sistema hotel/vendor/livewire/livewire/src/Features/SupportFileUploads/TemporaryUploadedFile.php(200): Livewire/Features/SupportFileUploads/TemporaryUploadedFile->__construct('PdSPOLl7Ul5BmT5...', 'supabase')
#16 C:/Users/EMANUELCLEMENTEMARTI/Downloads/sistema hotel/vendor/livewire/livewire/src/Features/SupportFileUploads/WithFileUploads.php(49): Livewire/Features/SupportFileUploads/TemporaryUploadedFile::createFromLivewire('PdSPOLl7Ul5BmT5...')
#17 C:/Users/EMANUELCLEMENTEMARTI/Downloads/sistema hotel/vendor/laravel/framework/src/Illuminate/Container/BoundMethod.php(36): App/Livewire/ImageManager->_finishUpload('imagen', Array, false, false)
#18 C:/Users/EMANUELCLEMENTEMARTI/Downloads/sistema hotel/vendor/laravel/framework/src/Illuminate/Container/Util.php(43): Illuminate/Container/BoundMethod::{closure:Illuminate/Container/BoundMethod::call():35}()
#19 C:/Users/EMANUELCLEMENTEMARTI/Downloads/sistema hotel/vendor/laravel/framework/src/Illuminate/Container/BoundMethod.php(96): Illuminate/Container/Util::unwrapIfClosure(Object(Closure))
#20 C:/Users/EMANUELCLEMENTEMARTI/Downloads/sistema hotel/vendor/laravel/framework/src/Illuminate/Container/BoundMethod.php(35): Illuminate/Container/BoundMethod::callBoundMethod(Object(Illuminate/Foundation/Application), Array, Object(Closure))
#21 C:/Users/EMANUELCLEMENTEMARTI/Downloads/sistema hotel/vendor/livewire/livewire/src/Wrapped.php(23): Illuminate/Container/BoundMethod::call(Object(Illuminate/Foundation/Application), Array, Array)
#22 C:/Users/EMANUELCLEMENTEMARTI/Downloads/sistema hotel/vendor/livewire/livewire/src/Mechanisms/HandleComponents/HandleComponents.php(492): Livewire/Wrapped->__call('_finishUpload', Array)
#23 C:/Users/EMANUELCLEMENTEMARTI/Downloads/sistema hotel/vendor/livewire/livewire/src/Mechanisms/HandleComponents/HandleComponents.php(101): Livewire/Mechanisms/HandleComponents/HandleComponents->callMethods(Object(App/Livewire/ImageManager), Array, Object(Livewire/Mechanisms/HandleComponents/ComponentContext))
#24 C:/Users/EMANUELCLEMENTEMARTI/Downloads/sistema hotel/vendor/livewire/livewire/src/LivewireManager.php(102): Livewire/Mechanisms/HandleComponents/HandleComponents->update(Array, Array, Array)
#25 C:/Users/EMANUELCLEMENTEMARTI/Downloads/sistema hotel/vendor/livewire/livewire/src/Mechanisms/HandleRequests/HandleRequests.php(131): Livewire/LivewireManager->update(Array, Array, Array)
#26 C:/Users/EMANUELCLEMENTEMARTI/Downloads/sistema hotel/vendor/laravel/framework/src/Illuminate/Routing/ControllerDispatcher.php(46): Livewire/Mechanisms/HandleRequests/HandleRequests->handleUpdate()
#27 C:/Users/EMANUELCLEMENTEMARTI/Downloads/sistema hotel/vendor/laravel/framework/src/Illuminate/Routing/Route.php(265): Illuminate/Routing/ControllerDispatcher->dispatch(Object(Illuminate/Routing/Route), Object(Livewire/Mechanisms/HandleRequests/HandleRequests), 'handleUpdate')
#28 C:/Users/EMANUELCLEMENTEMARTI/Downloads/sistema hotel/vendor/laravel/framework/src/Illuminate/Routing/Route.php(211): Illuminate/Routing/Route->runController()
#29 C:/Users/EMANUELCLEMENTEMARTI/Downloads/sistema hotel/vendor/laravel/framework/src/Illuminate/Routing/Router.php(822): Illuminate/Routing/Route->run()
#30 C:/Users/EMANUELCLEMENTEMARTI/Downloads/sistema hotel/vendor/laravel/framework/src/Illuminate/Pipeline/Pipeline.php(180): Illuminate/Routing/Router->{closure:Illuminate/Routing/Router::runRouteWithinStack():821}(Object(Illuminate/Http/Request))
#31 C:/Users/EMANUELCLEMENTEMARTI/Downloads/sistema hotel/vendor/laravel/framework/src/Illuminate/Routing/Middleware/SubstituteBindings.php(50): Illuminate/Pipeline/Pipeline->{closure:Illuminate/Pipeline/Pipeline::prepareDestination():178}(Object(Illuminate/Http/Request))
#32 C:/Users/EMANUELCLEMENTEMARTI/Downloads/sistema hotel/vendor/laravel/framework/src/Illuminate/Pipeline/Pipeline.php(219): Illuminate/Routing/Middleware/SubstituteBindings->handle(Object(Illuminate/Http/Request), Object(Closure))
#33 C:/Users/EMANUELCLEMENTEMARTI/Downloads/sistema hotel/vendor/laravel/framework/src/Illuminate/Foundation/Http/Middleware/VerifyCsrfToken.php(87): Illuminate/Pipeline/Pipeline->{closure:{closure:Illuminate/Pipeline/Pipeline::carry():194}:195}(Object(Illuminate/Http/Request))
#34 C:/Users/EMANUELCLEMENTEMARTI/Downloads/sistema hotel/vendor/laravel/framework/src/Illuminate/Pipeline/Pipeline.php(219): Illuminate/Foundation/Http/Middleware/VerifyCsrfToken->handle(Object(Illuminate/Http/Request), Object(Closure))
#35 C:/Users/EMANUELCLEMENTEMARTI/Downloads/sistema hotel/vendor/laravel/framework/src/Illuminate/View/Middleware/ShareErrorsFromSession.php(48): Illuminate/Pipeline/Pipeline->{closure:{closure:Illuminate/Pipeline/Pipeline::carry():194}:195}(Object(Illuminate/Http/Request))
#36 C:/Users/EMANUELCLEMENTEMARTI/Downloads/sistema hotel/vendor/laravel/framework/src/Illuminate/Pipeline/Pipeline.php(219): Illuminate/View/Middleware/ShareErrorsFromSession->handle(Object(Illuminate/Http/Request), Object(Closure))
#37 C:/Users/EMANUELCLEMENTEMARTI/Downloads/sistema hotel/vendor/laravel/framework/src/Illuminate/Session/Middleware/StartSession.php(120): Illuminate/Pipeline/Pipeline->{closure:{closure:Illuminate/Pipeline/Pipeline::carry():194}:195}(Object(Illuminate/Http/Request))
#38 C:/Users/EMANUELCLEMENTEMARTI/Downloads/sistema hotel/vendor/laravel/framework/src/Illuminate/Session/Middleware/StartSession.php(63): Illuminate/Session/Middleware/StartSession->handleStatefulRequest(Object(Illuminate/Http/Request), Object(Illuminate/Session/Store), Object(Closure))
#39 C:/Users/EMANUELCLEMENTEMARTI/Downloads/sistema hotel/vendor/laravel/framework/src/Illuminate/Pipeline/Pipeline.php(219): Illuminate/Session/Middleware/StartSession->handle(Object(Illuminate/Http/Request), Object(Closure))
#40 C:/Users/EMANUELCLEMENTEMARTI/Downloads/sistema hotel/vendor/laravel/framework/src/Illuminate/Cookie/Middleware/AddQueuedCookiesToResponse.php(36): Illuminate/Pipeline/Pipeline->{closure:{closure:Illuminate/Pipeline/Pipeline::carry():194}:195}(Object(Illuminate/Http/Request))
#41 C:/Users/EMANUELCLEMENTEMARTI/Downloads/sistema hotel/vendor/laravel/framework/src/Illuminate/Pipeline/Pipeline.php(219): Illuminate/Cookie/Middleware/AddQueuedCookiesToResponse->handle(Object(Illuminate/Http/Request), Object(Closure))
#42 C:/Users/EMANUELCLEMENTEMARTI/Downloads/sistema hotel/vendor/laravel/framework/src/Illuminate/Cookie/Middleware/EncryptCookies.php(74): Illuminate/Pipeline/Pipeline->{closure:{closure:Illuminate/Pipeline/Pipeline::carry():194}:195}(Object(Illuminate/Http/Request))
#43 C:/Users/EMANUELCLEMENTEMARTI/Downloads/sistema hotel/vendor/laravel/framework/src/Illuminate/Pipeline/Pipeline.php(219): Illuminate/Cookie/Middleware/EncryptCookies->handle(Object(Illuminate/Http/Request), Object(Closure))
#44 C:/Users/EMANUELCLEMENTEMARTI/Downloads/sistema hotel/vendor/laravel/framework/src/Illuminate/Pipeline/Pipeline.php(137): Illuminate/Pipeline/Pipeline->{closure:{closure:Illuminate/Pipeline/Pipeline::carry():194}:195}(Object(Illuminate/Http/Request))
#45 C:/Users/EMANUELCLEMENTEMARTI/Downloads/sistema hotel/vendor/laravel/framework/src/Illuminate/Routing/Router.php(821): Illuminate/Pipeline/Pipeline->then(Object(Closure))
#46 C:/Users/EMANUELCLEMENTEMARTI/Downloads/sistema hotel/vendor/laravel/framework/src/Illuminate/Routing/Router.php(800): Illuminate/Routing/Router->runRouteWithinStack(Object(Illuminate/Routing/Route), Object(Illuminate/Http/Request))
#47 C:/Users/EMANUELCLEMENTEMARTI/Downloads/sistema hotel/vendor/laravel/framework/src/Illuminate/Routing/Router.php(764): Illuminate/Routing/Router->runRoute(Object(Illuminate/Http/Request), Object(Illuminate/Routing/Route))
#48 C:/Users/EMANUELCLEMENTEMARTI/Downloads/sistema hotel/vendor/laravel/framework/src/Illuminate/Routing/Router.php(753): Illuminate/Routing/Router->dispatchToRoute(Object(Illuminate/Http/Request))
#49 C:/Users/EMANUELCLEMENTEMARTI/Downloads/sistema hotel/vendor/laravel/framework/src/Illuminate/Foundation/Http/Kernel.php(200): Illuminate/Routing/Router->dispatch(Object(Illuminate/Http/Request))
#50 C:/Users/EMANUELCLEMENTEMARTI/Downloads/sistema hotel/vendor/laravel/framework/src/Illuminate/Pipeline/Pipeline.php(180): Illuminate/Foundation/Http/Kernel->{closure:Illuminate/Foundation/Http/Kernel::dispatchToRouter():197}(Object(Illuminate/Http/Request))
#51 C:/Users/EMANUELCLEMENTEMARTI/Downloads/sistema hotel/vendor/livewire/livewire/src/Features/SupportDisablingBackButtonCache/DisableBackButtonCacheMiddleware.php(19): Illuminate/Pipeline/Pipeline->{closure:Illuminate/Pipeline/Pipeline::prepareDestination():178}(Object(Illuminate/Http/Request))
#52 C:/Users/EMANUELCLEMENTEMARTI/Downloads/sistema hotel/vendor/laravel/framework/src/Illuminate/Pipeline/Pipeline.php(219): Livewire/Features/SupportDisablingBackButtonCache/DisableBackButtonCacheMiddleware->handle(Object(Illuminate/Http/Request), Object(Closure))
#53 C:/Users/EMANUELCLEMENTEMARTI/Downloads/sistema hotel/vendor/laravel/framework/src/Illuminate/Foundation/Http/Middleware/ConvertEmptyStringsToNull.php(27): Illuminate/Pipeline/Pipeline->{closure:{closure:Illuminate/Pipeline/Pipeline::carry():194}:195}(Object(Illuminate/Http/Request))
#54 C:/Users/EMANUELCLEMENTEMARTI/Downloads/sistema hotel/vendor/laravel/framework/src/Illuminate/Pipeline/Pipeline.php(219): Illuminate/Foundation/Http/Middleware/ConvertEmptyStringsToNull->handle(Object(Illuminate/Http/Request), Object(Closure))
#55 C:/Users/EMANUELCLEMENTEMARTI/Downloads/sistema hotel/vendor/laravel/framework/src/Illuminate/Foundation/Http/Middleware/TrimStrings.php(47): Illuminate/Pipeline/Pipeline->{closure:{closure:Illuminate/Pipeline/Pipeline::carry():194}:195}(Object(Illuminate/Http/Request))
#56 C:/Users/EMANUELCLEMENTEMARTI/Downloads/sistema hotel/vendor/laravel/framework/src/Illuminate/Pipeline/Pipeline.php(219): Illuminate/Foundation/Http/Middleware/TrimStrings->handle(Object(Illuminate/Http/Request), Object(Closure))
#57 C:/Users/EMANUELCLEMENTEMARTI/Downloads/sistema hotel/vendor/laravel/framework/src/Illuminate/Http/Middleware/ValidatePostSize.php(27): Illuminate/Pipeline/Pipeline->{closure:{closure:Illuminate/Pipeline/Pipeline::carry():194}:195}(Object(Illuminate/Http/Request))
#58 C:/Users/EMANUELCLEMENTEMARTI/Downloads/sistema hotel/vendor/laravel/framework/src/Illuminate/Pipeline/Pipeline.php(219): Illuminate/Http/Middleware/ValidatePostSize->handle(Object(Illuminate/Http/Request), Object(Closure))
#59 C:/Users/EMANUELCLEMENTEMARTI/Downloads/sistema hotel/vendor/laravel/framework/src/Illuminate/Foundation/Http/Middleware/PreventRequestsDuringMaintenance.php(109): Illuminate/Pipeline/Pipeline->{closure:{closure:Illuminate/Pipeline/Pipeline::carry():194}:195}(Object(Illuminate/Http/Request))
#60 C:/Users/EMANUELCLEMENTEMARTI/Downloads/sistema hotel/vendor/laravel/framework/src/Illuminate/Pipeline/Pipeline.php(219): Illuminate/Foundation/Http/Middleware/PreventRequestsDuringMaintenance->handle(Object(Illuminate/Http/Request), Object(Closure))
#61 C:/Users/EMANUELCLEMENTEMARTI/Downloads/sistema hotel/vendor/laravel/framework/src/Illuminate/Http/Middleware/HandleCors.php(61): Illuminate/Pipeline/Pipeline->{closure:{closure:Illuminate/Pipeline/Pipeline::carry():194}:195}(Object(Illuminate/Http/Request))
#62 C:/Users/EMANUELCLEMENTEMARTI/Downloads/sistema hotel/vendor/laravel/framework/src/Illuminate/Pipeline/Pipeline.php(219): Illuminate/Http/Middleware/HandleCors->handle(Object(Illuminate/Http/Request), Object(Closure))
#63 C:/Users/EMANUELCLEMENTEMARTI/Downloads/sistema hotel/vendor/laravel/framework/src/Illuminate/Http/Middleware/TrustProxies.php(58): Illuminate/Pipeline/Pipeline->{closure:{closure:Illuminate/Pipeline/Pipeline::carry():194}:195}(Object(Illuminate/Http/Request))
#64 C:/Users/EMANUELCLEMENTEMARTI/Downloads/sistema hotel/vendor/laravel/framework/src/Illuminate/Pipeline/Pipeline.php(219): Illuminate/Http/Middleware/TrustProxies->handle(Object(Illuminate/Http/Request), Object(Closure))
#65 C:/Users/EMANUELCLEMENTEMARTI/Downloads/sistema hotel/vendor/laravel/framework/src/Illuminate/Foundation/Http/Middleware/InvokeDeferredCallbacks.php(22): Illuminate/Pipeline/Pipeline->{closure:{closure:Illuminate/Pipeline/Pipeline::carry():194}:195}(Object(Illuminate/Http/Request))
#66 C:/Users/EMANUELCLEMENTEMARTI/Downloads/sistema hotel/vendor/laravel/framework/src/Illuminate/Pipeline/Pipeline.php(219): Illuminate/Foundation/Http/Middleware/InvokeDeferredCallbacks->handle(Object(Illuminate/Http/Request), Object(Closure))
#67 C:/Users/EMANUELCLEMENTEMARTI/Downloads/sistema hotel/vendor/laravel/framework/src/Illuminate/Http/Middleware/ValidatePathEncoding.php(26): Illuminate/Pipeline/Pipeline->{closure:{closure:Illuminate/Pipeline/Pipeline::carry():194}:195}(Object(Illuminate/Http/Request))
#68 C:/Users/EMANUELCLEMENTEMARTI/Downloads/sistema hotel/vendor/laravel/framework/src/Illuminate/Pipeline/Pipeline.php(219): Illuminate/Http/Middleware/ValidatePathEncoding->handle(Object(Illuminate/Http/Request), Object(Closure))
#69 C:/Users/EMANUELCLEMENTEMARTI/Downloads/sistema hotel/vendor/laravel/framework/src/Illuminate/Pipeline/Pipeline.php(137): Illuminate/Pipeline/Pipeline->{closure:{closure:Illuminate/Pipeline/Pipeline::carry():194}:195}(Object(Illuminate/Http/Request))
#70 C:/Users/EMANUELCLEMENTEMARTI/Downloads/sistema hotel/vendor/laravel/framework/src/Illuminate/Foundation/Http/Kernel.php(175): Illuminate/Pipeline/Pipeline->then(Object(Closure))
#71 C:/Users/EMANUELCLEMENTEMARTI/Downloads/sistema hotel/vendor/laravel/framework/src/Illuminate/Foundation/Http/Kernel.php(144): Illuminate/Foundation/Http/Kernel->sendRequestThroughRouter(Object(Illuminate/Http/Request))
#72 C:/Users/EMANUELCLEMENTEMARTI/Downloads/sistema hotel/vendor/laravel/framework/src/Illuminate/Foundation/Application.php(1220): Illuminate/Foundation/Http/Kernel->handle(Object(Illuminate/Http/Request))
#73 C:/Users/EMANUELCLEMENTEMARTI/Downloads/sistema hotel/public/index.php(17): Illuminate/Foundation/Application->handleRequest(Object(Illuminate/Http/Request))
#74 C:/Users/EMANUELCLEMENTEMARTI/Downloads/sistema hotel/vendor/laravel/framework/src/Illuminate/Foundation/resources/server.php(23): require_once('C://Users//EMANUE...')
#75 {main}
"} 
[2026-03-31 18:03:08] laravel.WARNING: League\Flysystem\AwsS3V3\AwsS3V3Adapter::__construct(): Implicitly marking parameter $mimeTypeDetector as nullable is deprecated, the explicit nullable type must be used instead in C:\Users\EMANUELCLEMENTEMARTI\Downloads\sistema hotel\vendor\league\flysystem-aws-s3-v3\AwsS3V3Adapter.php on line 0  
[2026-03-31 18:03:08] laravel.EMERGENCY: Unable to create configured logger. Using emergency logger. {"exception":"[object] (InvalidArgumentException(code: 0): Driver [null] is not supported. at C:/Users/EMANUELCLEMENTEMARTI/Downloads/sistema hotel/vendor/laravel/framework/src/Illuminate/Log/LogManager.php:235)
[stacktrace]
#0 C:/Users/EMANUELCLEMENTEMARTI/Downloads/sistema hotel/vendor/laravel/framework/src/Illuminate/Log/LogManager.php(138): Illuminate/Log/LogManager->resolve('deprecations', Array)
#1 C:/Users/EMANUELCLEMENTEMARTI/Downloads/sistema hotel/vendor/laravel/framework/src/Illuminate/Log/LogManager.php(125): Illuminate/Log/LogManager->get('deprecations')
#2 C:/Users/EMANUELCLEMENTEMARTI/Downloads/sistema hotel/vendor/laravel/framework/src/Illuminate/Log/LogManager.php(114): Illuminate/Log/LogManager->driver('deprecations')
#3 C:/Users/EMANUELCLEMENTEMARTI/Downloads/sistema hotel/vendor/laravel/framework/src/Illuminate/Foundation/Bootstrap/HandleExceptions.php(105): Illuminate/Log/LogManager->channel('deprecations')
#4 C:/Users/EMANUELCLEMENTEMARTI/Downloads/sistema hotel/vendor/laravel/framework/src/Illuminate/Foundation/Bootstrap/HandleExceptions.php(74): Illuminate/Foundation/Bootstrap/HandleExceptions->handleDeprecationError('League//Flysyste...', 'C://Users//EMANUE...', 295, 8192)
#5 C:/Users/EMANUELCLEMENTEMARTI/Downloads/sistema hotel/vendor/laravel/framework/src/Illuminate/Foundation/Bootstrap/HandleExceptions.php(258): Illuminate/Foundation/Bootstrap/HandleExceptions->handleError(8192, 'League//Flysyste...', 'C://Users//EMANUE...', 295)
#6 C:/Users/EMANUELCLEMENTEMARTI/Downloads/sistema hotel/vendor/composer/ClassLoader.php(576): Illuminate/Foundation/Bootstrap/HandleExceptions->{closure:Illuminate/Foundation/Bootstrap/HandleExceptions::forwardsTo():257}(8192, 'League//Flysyste...', 'C://Users//EMANUE...', 295)
#7 C:/Users/EMANUELCLEMENTEMARTI/Downloads/sistema hotel/vendor/composer/ClassLoader.php(576): include('C://Users//EMANUE...')
#8 C:/Users/EMANUELCLEMENTEMARTI/Downloads/sistema hotel/vendor/composer/ClassLoader.php(427): {closure:Composer/Autoload/ClassLoader::initializeIncludeClosure():575}('C://Users//EMANUE...')
#9 C:/Users/EMANUELCLEMENTEMARTI/Downloads/sistema hotel/vendor/laravel/framework/src/Illuminate/Filesystem/FilesystemManager.php(257): Composer/Autoload/ClassLoader->loadClass('League//Flysyste...')
#10 C:/Users/EMANUELCLEMENTEMARTI/Downloads/sistema hotel/vendor/laravel/framework/src/Illuminate/Filesystem/FilesystemManager.php(153): Illuminate/Filesystem/FilesystemManager->createS3Driver(Array, 'supabase')
#11 C:/Users/EMANUELCLEMENTEMARTI/Downloads/sistema hotel/vendor/laravel/framework/src/Illuminate/Filesystem/FilesystemManager.php(121): Illuminate/Filesystem/FilesystemManager->resolve('supabase')
#12 C:/Users/EMANUELCLEMENTEMARTI/Downloads/sistema hotel/vendor/laravel/framework/src/Illuminate/Filesystem/FilesystemManager.php(84): Illuminate/Filesystem/FilesystemManager->get('supabase')
#13 C:/Users/EMANUELCLEMENTEMARTI/Downloads/sistema hotel/vendor/laravel/framework/src/Illuminate/Support/Facades/Facade.php(363): Illuminate/Filesystem/FilesystemManager->disk('supabase')
#14 C:/Users/EMANUELCLEMENTEMARTI/Downloads/sistema hotel/vendor/livewire/livewire/src/Features/SupportFileUploads/TemporaryUploadedFile.php(20): Illuminate/Support/Facades/Facade::__callStatic('disk', Array)
#15 C:/Users/EMANUELCLEMENTEMARTI/Downloads/sistema hotel/vendor/livewire/livewire/src/Features/SupportFileUploads/TemporaryUploadedFile.php(200): Livewire/Features/SupportFileUploads/TemporaryUploadedFile->__construct('PdSPOLl7Ul5BmT5...', 'supabase')
#16 C:/Users/EMANUELCLEMENTEMARTI/Downloads/sistema hotel/vendor/livewire/livewire/src/Features/SupportFileUploads/WithFileUploads.php(49): Livewire/Features/SupportFileUploads/TemporaryUploadedFile::createFromLivewire('PdSPOLl7Ul5BmT5...')
#17 C:/Users/EMANUELCLEMENTEMARTI/Downloads/sistema hotel/vendor/laravel/framework/src/Illuminate/Container/BoundMethod.php(36): App/Livewire/ImageManager->_finishUpload('imagen', Array, false, false)
#18 C:/Users/EMANUELCLEMENTEMARTI/Downloads/sistema hotel/vendor/laravel/framework/src/Illuminate/Container/Util.php(43): Illuminate/Container/BoundMethod::{closure:Illuminate/Container/BoundMethod::call():35}()
#19 C:/Users/EMANUELCLEMENTEMARTI/Downloads/sistema hotel/vendor/laravel/framework/src/Illuminate/Container/BoundMethod.php(96): Illuminate/Container/Util::unwrapIfClosure(Object(Closure))
#20 C:/Users/EMANUELCLEMENTEMARTI/Downloads/sistema hotel/vendor/laravel/framework/src/Illuminate/Container/BoundMethod.php(35): Illuminate/Container/BoundMethod::callBoundMethod(Object(Illuminate/Foundation/Application), Array, Object(Closure))
#21 C:/Users/EMANUELCLEMENTEMARTI/Downloads/sistema hotel/vendor/livewire/livewire/src/Wrapped.php(23): Illuminate/Container/BoundMethod::call(Object(Illuminate/Foundation/Application), Array, Array)
#22 C:/Users/EMANUELCLEMENTEMARTI/Downloads/sistema hotel/vendor/livewire/livewire/src/Mechanisms/HandleComponents/HandleComponents.php(492): Livewire/Wrapped->__call('_finishUpload', Array)
#23 C:/Users/EMANUELCLEMENTEMARTI/Downloads/sistema hotel/vendor/livewire/livewire/src/Mechanisms/HandleComponents/HandleComponents.php(101): Livewire/Mechanisms/HandleComponents/HandleComponents->callMethods(Object(App/Livewire/ImageManager), Array, Object(Livewire/Mechanisms/HandleComponents/ComponentContext))
#24 C:/Users/EMANUELCLEMENTEMARTI/Downloads/sistema hotel/vendor/livewire/livewire/src/LivewireManager.php(102): Livewire/Mechanisms/HandleComponents/HandleComponents->update(Array, Array, Array)
#25 C:/Users/EMANUELCLEMENTEMARTI/Downloads/sistema hotel/vendor/livewire/livewire/src/Mechanisms/HandleRequests/HandleRequests.php(131): Livewire/LivewireManager->update(Array, Array, Array)
#26 C:/Users/EMANUELCLEMENTEMARTI/Downloads/sistema hotel/vendor/laravel/framework/src/Illuminate/Routing/ControllerDispatcher.php(46): Livewire/Mechanisms/HandleRequests/HandleRequests->handleUpdate()
#27 C:/Users/EMANUELCLEMENTEMARTI/Downloads/sistema hotel/vendor/laravel/framework/src/Illuminate/Routing/Route.php(265): Illuminate/Routing/ControllerDispatcher->dispatch(Object(Illuminate/Routing/Route), Object(Livewire/Mechanisms/HandleRequests/HandleRequests), 'handleUpdate')
#28 C:/Users/EMANUELCLEMENTEMARTI/Downloads/sistema hotel/vendor/laravel/framework/src/Illuminate/Routing/Route.php(211): Illuminate/Routing/Route->runController()
#29 C:/Users/EMANUELCLEMENTEMARTI/Downloads/sistema hotel/vendor/laravel/framework/src/Illuminate/Routing/Router.php(822): Illuminate/Routing/Route->run()
#30 C:/Users/EMANUELCLEMENTEMARTI/Downloads/sistema hotel/vendor/laravel/framework/src/Illuminate/Pipeline/Pipeline.php(180): Illuminate/Routing/Router->{closure:Illuminate/Routing/Router::runRouteWithinStack():821}(Object(Illuminate/Http/Request))
#31 C:/Users/EMANUELCLEMENTEMARTI/Downloads/sistema hotel/vendor/laravel/framework/src/Illuminate/Routing/Middleware/SubstituteBindings.php(50): Illuminate/Pipeline/Pipeline->{closure:Illuminate/Pipeline/Pipeline::prepareDestination():178}(Object(Illuminate/Http/Request))
#32 C:/Users/EMANUELCLEMENTEMARTI/Downloads/sistema hotel/vendor/laravel/framework/src/Illuminate/Pipeline/Pipeline.php(219): Illuminate/Routing/Middleware/SubstituteBindings->handle(Object(Illuminate/Http/Request), Object(Closure))
#33 C:/Users/EMANUELCLEMENTEMARTI/Downloads/sistema hotel/vendor/laravel/framework/src/Illuminate/Foundation/Http/Middleware/VerifyCsrfToken.php(87): Illuminate/Pipeline/Pipeline->{closure:{closure:Illuminate/Pipeline/Pipeline::carry():194}:195}(Object(Illuminate/Http/Request))
#34 C:/Users/EMANUELCLEMENTEMARTI/Downloads/sistema hotel/vendor/laravel/framework/src/Illuminate/Pipeline/Pipeline.php(219): Illuminate/Foundation/Http/Middleware/VerifyCsrfToken->handle(Object(Illuminate/Http/Request), Object(Closure))
#35 C:/Users/EMANUELCLEMENTEMARTI/Downloads/sistema hotel/vendor/laravel/framework/src/Illuminate/View/Middleware/ShareErrorsFromSession.php(48): Illuminate/Pipeline/Pipeline->{closure:{closure:Illuminate/Pipeline/Pipeline::carry():194}:195}(Object(Illuminate/Http/Request))
#36 C:/Users/EMANUELCLEMENTEMARTI/Downloads/sistema hotel/vendor/laravel/framework/src/Illuminate/Pipeline/Pipeline.php(219): Illuminate/View/Middleware/ShareErrorsFromSession->handle(Object(Illuminate/Http/Request), Object(Closure))
#37 C:/Users/EMANUELCLEMENTEMARTI/Downloads/sistema hotel/vendor/laravel/framework/src/Illuminate/Session/Middleware/StartSession.php(120): Illuminate/Pipeline/Pipeline->{closure:{closure:Illuminate/Pipeline/Pipeline::carry():194}:195}(Object(Illuminate/Http/Request))
#38 C:/Users/EMANUELCLEMENTEMARTI/Downloads/sistema hotel/vendor/laravel/framework/src/Illuminate/Session/Middleware/StartSession.php(63): Illuminate/Session/Middleware/StartSession->handleStatefulRequest(Object(Illuminate/Http/Request), Object(Illuminate/Session/Store), Object(Closure))
#39 C:/Users/EMANUELCLEMENTEMARTI/Downloads/sistema hotel/vendor/laravel/framework/src/Illuminate/Pipeline/Pipeline.php(219): Illuminate/Session/Middleware/StartSession->handle(Object(Illuminate/Http/Request), Object(Closure))
#40 C:/Users/EMANUELCLEMENTEMARTI/Downloads/sistema hotel/vendor/laravel/framework/src/Illuminate/Cookie/Middleware/AddQueuedCookiesToResponse.php(36): Illuminate/Pipeline/Pipeline->{closure:{closure:Illuminate/Pipeline/Pipeline::carry():194}:195}(Object(Illuminate/Http/Request))
#41 C:/Users/EMANUELCLEMENTEMARTI/Downloads/sistema hotel/vendor/laravel/framework/src/Illuminate/Pipeline/Pipeline.php(219): Illuminate/Cookie/Middleware/AddQueuedCookiesToResponse->handle(Object(Illuminate/Http/Request), Object(Closure))
#42 C:/Users/EMANUELCLEMENTEMARTI/Downloads/sistema hotel/vendor/laravel/framework/src/Illuminate/Cookie/Middleware/EncryptCookies.php(74): Illuminate/Pipeline/Pipeline->{closure:{closure:Illuminate/Pipeline/Pipeline::carry():194}:195}(Object(Illuminate/Http/Request))
#43 C:/Users/EMANUELCLEMENTEMARTI/Downloads/sistema hotel/vendor/laravel/framework/src/Illuminate/Pipeline/Pipeline.php(219): Illuminate/Cookie/Middleware/EncryptCookies->handle(Object(Illuminate/Http/Request), Object(Closure))
#44 C:/Users/EMANUELCLEMENTEMARTI/Downloads/sistema hotel/vendor/laravel/framework/src/Illuminate/Pipeline/Pipeline.php(137): Illuminate/Pipeline/Pipeline->{closure:{closure:Illuminate/Pipeline/Pipeline::carry():194}:195}(Object(Illuminate/Http/Request))
#45 C:/Users/EMANUELCLEMENTEMARTI/Downloads/sistema hotel/vendor/laravel/framework/src/Illuminate/Routing/Router.php(821): Illuminate/Pipeline/Pipeline->then(Object(Closure))
#46 C:/Users/EMANUELCLEMENTEMARTI/Downloads/sistema hotel/vendor/laravel/framework/src/Illuminate/Routing/Router.php(800): Illuminate/Routing/Router->runRouteWithinStack(Object(Illuminate/Routing/Route), Object(Illuminate/Http/Request))
#47 C:/Users/EMANUELCLEMENTEMARTI/Downloads/sistema hotel/vendor/laravel/framework/src/Illuminate/Routing/Router.php(764): Illuminate/Routing/Router->runRoute(Object(Illuminate/Http/Request), Object(Illuminate/Routing/Route))
#48 C:/Users/EMANUELCLEMENTEMARTI/Downloads/sistema hotel/vendor/laravel/framework/src/Illuminate/Routing/Router.php(753): Illuminate/Routing/Router->dispatchToRoute(Object(Illuminate/Http/Request))
#49 C:/Users/EMANUELCLEMENTEMARTI/Downloads/sistema hotel/vendor/laravel/framework/src/Illuminate/Foundation/Http/Kernel.php(200): Illuminate/Routing/Router->dispatch(Object(Illuminate/Http/Request))
#50 C:/Users/EMANUELCLEMENTEMARTI/Downloads/sistema hotel/vendor/laravel/framework/src/Illuminate/Pipeline/Pipeline.php(180): Illuminate/Foundation/Http/Kernel->{closure:Illuminate/Foundation/Http/Kernel::dispatchToRouter():197}(Object(Illuminate/Http/Request))
#51 C:/Users/EMANUELCLEMENTEMARTI/Downloads/sistema hotel/vendor/livewire/livewire/src/Features/SupportDisablingBackButtonCache/DisableBackButtonCacheMiddleware.php(19): Illuminate/Pipeline/Pipeline->{closure:Illuminate/Pipeline/Pipeline::prepareDestination():178}(Object(Illuminate/Http/Request))
#52 C:/Users/EMANUELCLEMENTEMARTI/Downloads/sistema hotel/vendor/laravel/framework/src/Illuminate/Pipeline/Pipeline.php(219): Livewire/Features/SupportDisablingBackButtonCache/DisableBackButtonCacheMiddleware->handle(Object(Illuminate/Http/Request), Object(Closure))
#53 C:/Users/EMANUELCLEMENTEMARTI/Downloads/sistema hotel/vendor/laravel/framework/src/Illuminate/Foundation/Http/Middleware/ConvertEmptyStringsToNull.php(27): Illuminate/Pipeline/Pipeline->{closure:{closure:Illuminate/Pipeline/Pipeline::carry():194}:195}(Object(Illuminate/Http/Request))
#54 C:/Users/EMANUELCLEMENTEMARTI/Downloads/sistema hotel/vendor/laravel/framework/src/Illuminate/Pipeline/Pipeline.php(219): Illuminate/Foundation/Http/Middleware/ConvertEmptyStringsToNull->handle(Object(Illuminate/Http/Request), Object(Closure))
#55 C:/Users/EMANUELCLEMENTEMARTI/Downloads/sistema hotel/vendor/laravel/framework/src/Illuminate/Foundation/Http/Middleware/TrimStrings.php(47): Illuminate/Pipeline/Pipeline->{closure:{closure:Illuminate/Pipeline/Pipeline::carry():194}:195}(Object(Illuminate/Http/Request))
#56 C:/Users/EMANUELCLEMENTEMARTI/Downloads/sistema hotel/vendor/laravel/framework/src/Illuminate/Pipeline/Pipeline.php(219): Illuminate/Foundation/Http/Middleware/TrimStrings->handle(Object(Illuminate/Http/Request), Object(Closure))
#57 C:/Users/EMANUELCLEMENTEMARTI/Downloads/sistema hotel/vendor/laravel/framework/src/Illuminate/Http/Middleware/ValidatePostSize.php(27): Illuminate/Pipeline/Pipeline->{closure:{closure:Illuminate/Pipeline/Pipeline::carry():194}:195}(Object(Illuminate/Http/Request))
#58 C:/Users/EMANUELCLEMENTEMARTI/Downloads/sistema hotel/vendor/laravel/framework/src/Illuminate/Pipeline/Pipeline.php(219): Illuminate/Http/Middleware/ValidatePostSize->handle(Object(Illuminate/Http/Request), Object(Closure))
#59 C:/Users/EMANUELCLEMENTEMARTI/Downloads/sistema hotel/vendor/laravel/framework/src/Illuminate/Foundation/Http/Middleware/PreventRequestsDuringMaintenance.php(109): Illuminate/Pipeline/Pipeline->{closure:{closure:Illuminate/Pipeline/Pipeline::carry():194}:195}(Object(Illuminate/Http/Request))
#60 C:/Users/EMANUELCLEMENTEMARTI/Downloads/sistema hotel/vendor/laravel/framework/src/Illuminate/Pipeline/Pipeline.php(219): Illuminate/Foundation/Http/Middleware/PreventRequestsDuringMaintenance->handle(Object(Illuminate/Http/Request), Object(Closure))
#61 C:/Users/EMANUELCLEMENTEMARTI/Downloads/sistema hotel/vendor/laravel/framework/src/Illuminate/Http/Middleware/HandleCors.php(61): Illuminate/Pipeline/Pipeline->{closure:{closure:Illuminate/Pipeline/Pipeline::carry():194}:195}(Object(Illuminate/Http/Request))
#62 C:/Users/EMANUELCLEMENTEMARTI/Downloads/sistema hotel/vendor/laravel/framework/src/Illuminate/Pipeline/Pipeline.php(219): Illuminate/Http/Middleware/HandleCors->handle(Object(Illuminate/Http/Request), Object(Closure))
#63 C:/Users/EMANUELCLEMENTEMARTI/Downloads/sistema hotel/vendor/laravel/framework/src/Illuminate/Http/Middleware/TrustProxies.php(58): Illuminate/Pipeline/Pipeline->{closure:{closure:Illuminate/Pipeline/Pipeline::carry():194}:195}(Object(Illuminate/Http/Request))
#64 C:/Users/EMANUELCLEMENTEMARTI/Downloads/sistema hotel/vendor/laravel/framework/src/Illuminate/Pipeline/Pipeline.php(219): Illuminate/Http/Middleware/TrustProxies->handle(Object(Illuminate/Http/Request), Object(Closure))
#65 C:/Users/EMANUELCLEMENTEMARTI/Downloads/sistema hotel/vendor/laravel/framework/src/Illuminate/Foundation/Http/Middleware/InvokeDeferredCallbacks.php(22): Illuminate/Pipeline/Pipeline->{closure:{closure:Illuminate/Pipeline/Pipeline::carry():194}:195}(Object(Illuminate/Http/Request))
#66 C:/Users/EMANUELCLEMENTEMARTI/Downloads/sistema hotel/vendor/laravel/framework/src/Illuminate/Pipeline/Pipeline.php(219): Illuminate/Foundation/Http/Middleware/InvokeDeferredCallbacks->handle(Object(Illuminate/Http/Request), Object(Closure))
#67 C:/Users/EMANUELCLEMENTEMARTI/Downloads/sistema hotel/vendor/laravel/framework/src/Illuminate/Http/Middleware/ValidatePathEncoding.php(26): Illuminate/Pipeline/Pipeline->{closure:{closure:Illuminate/Pipeline/Pipeline::carry():194}:195}(Object(Illuminate/Http/Request))
#68 C:/Users/EMANUELCLEMENTEMARTI/Downloads/sistema hotel/vendor/laravel/framework/src/Illuminate/Pipeline/Pipeline.php(219): Illuminate/Http/Middleware/ValidatePathEncoding->handle(Object(Illuminate/Http/Request), Object(Closure))
#69 C:/Users/EMANUELCLEMENTEMARTI/Downloads/sistema hotel/vendor/laravel/framework/src/Illuminate/Pipeline/Pipeline.php(137): Illuminate/Pipeline/Pipeline->{closure:{closure:Illuminate/Pipeline/Pipeline::carry():194}:195}(Object(Illuminate/Http/Request))
#70 C:/Users/EMANUELCLEMENTEMARTI/Downloads/sistema hotel/vendor/laravel/framework/src/Illuminate/Foundation/Http/Kernel.php(175): Illuminate/Pipeline/Pipeline->then(Object(Closure))
#71 C:/Users/EMANUELCLEMENTEMARTI/Downloads/sistema hotel/vendor/laravel/framework/src/Illuminate/Foundation/Http/Kernel.php(144): Illuminate/Foundation/Http/Kernel->sendRequestThroughRouter(Object(Illuminate/Http/Request))
#72 C:/Users/EMANUELCLEMENTEMARTI/Downloads/sistema hotel/vendor/laravel/framework/src/Illuminate/Foundation/Application.php(1220): Illuminate/Foundation/Http/Kernel->handle(Object(Illuminate/Http/Request))
#73 C:/Users/EMANUELCLEMENTEMARTI/Downloads/sistema hotel/public/index.php(17): Illuminate/Foundation/Application->handleRequest(Object(Illuminate/Http/Request))
#74 C:/Users/EMANUELCLEMENTEMARTI/Downloads/sistema hotel/vendor/laravel/framework/src/Illuminate/Foundation/resources/server.php(23): require_once('C://Users//EMANUE...')
#75 {main}
"} 
[2026-03-31 18:03:08] laravel.WARNING: League\Flysystem\AwsS3V3\AwsS3V3Adapter::mapS3ObjectMetadata(): Implicitly marking parameter $path as nullable is deprecated, the explicit nullable type must be used instead in C:\Users\EMANUELCLEMENTEMARTI\Downloads\sistema hotel\vendor\league\flysystem-aws-s3-v3\AwsS3V3Adapter.php on line 295  
[2026-03-31 18:04:03] laravel.EMERGENCY: Unable to create configured logger. Using emergency logger. {"exception":"[object] (InvalidArgumentException(code: 0): Driver [null] is not supported. at C:/Users/EMANUELCLEMENTEMARTI/Downloads/sistema hotel/vendor/laravel/framework/src/Illuminate/Log/LogManager.php:235)
[stacktrace]
#0 C:/Users/EMANUELCLEMENTEMARTI/Downloads/sistema hotel/vendor/laravel/framework/src/Illuminate/Log/LogManager.php(138): Illuminate/Log/LogManager->resolve('deprecations', Array)
#1 C:/Users/EMANUELCLEMENTEMARTI/Downloads/sistema hotel/vendor/laravel/framework/src/Illuminate/Log/LogManager.php(125): Illuminate/Log/LogManager->get('deprecations')
#2 C:/Users/EMANUELCLEMENTEMARTI/Downloads/sistema hotel/vendor/laravel/framework/src/Illuminate/Log/LogManager.php(114): Illuminate/Log/LogManager->driver('deprecations')
#3 C:/Users/EMANUELCLEMENTEMARTI/Downloads/sistema hotel/vendor/laravel/framework/src/Illuminate/Foundation/Bootstrap/HandleExceptions.php(105): Illuminate/Log/LogManager->channel('deprecations')
#4 C:/Users/EMANUELCLEMENTEMARTI/Downloads/sistema hotel/vendor/laravel/framework/src/Illuminate/Foundation/Bootstrap/HandleExceptions.php(74): Illuminate/Foundation/Bootstrap/HandleExceptions->handleDeprecationError('League//Flysyste...', 'C://Users//EMANUE...', 108, 8192)
#5 C:/Users/EMANUELCLEMENTEMARTI/Downloads/sistema hotel/vendor/laravel/framework/src/Illuminate/Foundation/Bootstrap/HandleExceptions.php(258): Illuminate/Foundation/Bootstrap/HandleExceptions->handleError(8192, 'League//Flysyste...', 'C://Users//EMANUE...', 108)
#6 C:/Users/EMANUELCLEMENTEMARTI/Downloads/sistema hotel/vendor/composer/ClassLoader.php(576): Illuminate/Foundation/Bootstrap/HandleExceptions->{closure:Illuminate/Foundation/Bootstrap/HandleExceptions::forwardsTo():257}(8192, 'League//Flysyste...', 'C://Users//EMANUE...', 108)
#7 C:/Users/EMANUELCLEMENTEMARTI/Downloads/sistema hotel/vendor/composer/ClassLoader.php(576): include('C://Users//EMANUE...')
#8 C:/Users/EMANUELCLEMENTEMARTI/Downloads/sistema hotel/vendor/composer/ClassLoader.php(427): {closure:Composer/Autoload/ClassLoader::initializeIncludeClosure():575}('C://Users//EMANUE...')
#9 C:/Users/EMANUELCLEMENTEMARTI/Downloads/sistema hotel/vendor/laravel/framework/src/Illuminate/Filesystem/FilesystemManager.php(257): Composer/Autoload/ClassLoader->loadClass('League//Flysyste...')
#10 C:/Users/EMANUELCLEMENTEMARTI/Downloads/sistema hotel/vendor/laravel/framework/src/Illuminate/Filesystem/FilesystemManager.php(153): Illuminate/Filesystem/FilesystemManager->createS3Driver(Array, 'supabase')
#11 C:/Users/EMANUELCLEMENTEMARTI/Downloads/sistema hotel/vendor/laravel/framework/src/Illuminate/Filesystem/FilesystemManager.php(121): Illuminate/Filesystem/FilesystemManager->resolve('supabase')
#12 C:/Users/EMANUELCLEMENTEMARTI/Downloads/sistema hotel/vendor/laravel/framework/src/Illuminate/Filesystem/FilesystemManager.php(84): Illuminate/Filesystem/FilesystemManager->get('supabase')
#13 C:/Users/EMANUELCLEMENTEMARTI/Downloads/sistema hotel/vendor/laravel/framework/src/Illuminate/Support/Facades/Facade.php(363): Illuminate/Filesystem/FilesystemManager->disk('supabase')
#14 C:/Users/EMANUELCLEMENTEMARTI/Downloads/sistema hotel/vendor/livewire/livewire/src/Features/SupportFileUploads/FileUploadConfiguration.php(27): Illuminate/Support/Facades/Facade::__callStatic('disk', Array)
#15 C:/Users/EMANUELCLEMENTEMARTI/Downloads/sistema hotel/vendor/livewire/livewire/src/Features/SupportFileUploads/GenerateSignedUploadUrl.php(20): Livewire/Features/SupportFileUploads/FileUploadConfiguration::storage()
#16 C:/Users/EMANUELCLEMENTEMARTI/Downloads/sistema hotel/vendor/laravel/framework/src/Illuminate/Support/Facades/Facade.php(363): Livewire/Features/SupportFileUploads/GenerateSignedUploadUrl->forS3(Object(Illuminate/Http/Testing/File))
#17 C:/Users/EMANUELCLEMENTEMARTI/Downloads/sistema hotel/vendor/livewire/livewire/src/Features/SupportFileUploads/WithFileUploads.php(20): Illuminate/Support/Facades/Facade::__callStatic('forS3', Array)
#18 C:/Users/EMANUELCLEMENTEMARTI/Downloads/sistema hotel/vendor/laravel/framework/src/Illuminate/Container/BoundMethod.php(36): App/Livewire/ImageManager->_startUpload('imagen', Array, false)
#19 C:/Users/EMANUELCLEMENTEMARTI/Downloads/sistema hotel/vendor/laravel/framework/src/Illuminate/Container/Util.php(43): Illuminate/Container/BoundMethod::{closure:Illuminate/Container/BoundMethod::call():35}()
#20 C:/Users/EMANUELCLEMENTEMARTI/Downloads/sistema hotel/vendor/laravel/framework/src/Illuminate/Container/BoundMethod.php(96): Illuminate/Container/Util::unwrapIfClosure(Object(Closure))
#21 C:/Users/EMANUELCLEMENTEMARTI/Downloads/sistema hotel/vendor/laravel/framework/src/Illuminate/Container/BoundMethod.php(35): Illuminate/Container/BoundMethod::callBoundMethod(Object(Illuminate/Foundation/Application), Array, Object(Closure))
#22 C:/Users/EMANUELCLEMENTEMARTI/Downloads/sistema hotel/vendor/livewire/livewire/src/Wrapped.php(23): Illuminate/Container/BoundMethod::call(Object(Illuminate/Foundation/Application), Array, Array)
#23 C:/Users/EMANUELCLEMENTEMARTI/Downloads/sistema hotel/vendor/livewire/livewire/src/Mechanisms/HandleComponents/HandleComponents.php(492): Livewire/Wrapped->__call('_startUpload', Array)
#24 C:/Users/EMANUELCLEMENTEMARTI/Downloads/sistema hotel/vendor/livewire/livewire/src/Mechanisms/HandleComponents/HandleComponents.php(101): Livewire/Mechanisms/HandleComponents/HandleComponents->callMethods(Object(App/Livewire/ImageManager), Array, Object(Livewire/Mechanisms/HandleComponents/ComponentContext))
#25 C:/Users/EMANUELCLEMENTEMARTI/Downloads/sistema hotel/vendor/livewire/livewire/src/LivewireManager.php(102): Livewire/Mechanisms/HandleComponents/HandleComponents->update(Array, Array, Array)
#26 C:/Users/EMANUELCLEMENTEMARTI/Downloads/sistema hotel/vendor/livewire/livewire/src/Mechanisms/HandleRequests/HandleRequests.php(131): Livewire/LivewireManager->update(Array, Array, Array)
#27 C:/Users/EMANUELCLEMENTEMARTI/Downloads/sistema hotel/vendor/laravel/framework/src/Illuminate/Routing/ControllerDispatcher.php(46): Livewire/Mechanisms/HandleRequests/HandleRequests->handleUpdate()
#28 C:/Users/EMANUELCLEMENTEMARTI/Downloads/sistema hotel/vendor/laravel/framework/src/Illuminate/Routing/Route.php(265): Illuminate/Routing/ControllerDispatcher->dispatch(Object(Illuminate/Routing/Route), Object(Livewire/Mechanisms/HandleRequests/HandleRequests), 'handleUpdate')
#29 C:/Users/EMANUELCLEMENTEMARTI/Downloads/sistema hotel/vendor/laravel/framework/src/Illuminate/Routing/Route.php(211): Illuminate/Routing/Route->runController()
#30 C:/Users/EMANUELCLEMENTEMARTI/Downloads/sistema hotel/vendor/laravel/framework/src/Illuminate/Routing/Router.php(822): Illuminate/Routing/Route->run()
#31 C:/Users/EMANUELCLEMENTEMARTI/Downloads/sistema hotel/vendor/laravel/framework/src/Illuminate/Pipeline/Pipeline.php(180): Illuminate/Routing/Router->{closure:Illuminate/Routing/Router::runRouteWithinStack():821}(Object(Illuminate/Http/Request))
#32 C:/Users/EMANUELCLEMENTEMARTI/Downloads/sistema hotel/vendor/laravel/framework/src/Illuminate/Routing/Middleware/SubstituteBindings.php(50): Illuminate/Pipeline/Pipeline->{closure:Illuminate/Pipeline/Pipeline::prepareDestination():178}(Object(Illuminate/Http/Request))
#33 C:/Users/EMANUELCLEMENTEMARTI/Downloads/sistema hotel/vendor/laravel/framework/src/Illuminate/Pipeline/Pipeline.php(219): Illuminate/Routing/Middleware/SubstituteBindings->handle(Object(Illuminate/Http/Request), Object(Closure))
#34 C:/Users/EMANUELCLEMENTEMARTI/Downloads/sistema hotel/vendor/laravel/framework/src/Illuminate/Foundation/Http/Middleware/VerifyCsrfToken.php(87): Illuminate/Pipeline/Pipeline->{closure:{closure:Illuminate/Pipeline/Pipeline::carry():194}:195}(Object(Illuminate/Http/Request))
#35 C:/Users/EMANUELCLEMENTEMARTI/Downloads/sistema hotel/vendor/laravel/framework/src/Illuminate/Pipeline/Pipeline.php(219): Illuminate/Foundation/Http/Middleware/VerifyCsrfToken->handle(Object(Illuminate/Http/Request), Object(Closure))
#36 C:/Users/EMANUELCLEMENTEMARTI/Downloads/sistema hotel/vendor/laravel/framework/src/Illuminate/View/Middleware/ShareErrorsFromSession.php(48): Illuminate/Pipeline/Pipeline->{closure:{closure:Illuminate/Pipeline/Pipeline::carry():194}:195}(Object(Illuminate/Http/Request))
#37 C:/Users/EMANUELCLEMENTEMARTI/Downloads/sistema hotel/vendor/laravel/framework/src/Illuminate/Pipeline/Pipeline.php(219): Illuminate/View/Middleware/ShareErrorsFromSession->handle(Object(Illuminate/Http/Request), Object(Closure))
#38 C:/Users/EMANUELCLEMENTEMARTI/Downloads/sistema hotel/vendor/laravel/framework/src/Illuminate/Session/Middleware/StartSession.php(120): Illuminate/Pipeline/Pipeline->{closure:{closure:Illuminate/Pipeline/Pipeline::carry():194}:195}(Object(Illuminate/Http/Request))
#39 C:/Users/EMANUELCLEMENTEMARTI/Downloads/sistema hotel/vendor/laravel/framework/src/Illuminate/Session/Middleware/StartSession.php(63): Illuminate/Session/Middleware/StartSession->handleStatefulRequest(Object(Illuminate/Http/Request), Object(Illuminate/Session/Store), Object(Closure))
#40 C:/Users/EMANUELCLEMENTEMARTI/Downloads/sistema hotel/vendor/laravel/framework/src/Illuminate/Pipeline/Pipeline.php(219): Illuminate/Session/Middleware/StartSession->handle(Object(Illuminate/Http/Request), Object(Closure))
#41 C:/Users/EMANUELCLEMENTEMARTI/Downloads/sistema hotel/vendor/laravel/framework/src/Illuminate/Cookie/Middleware/AddQueuedCookiesToResponse.php(36): Illuminate/Pipeline/Pipeline->{closure:{closure:Illuminate/Pipeline/Pipeline::carry():194}:195}(Object(Illuminate/Http/Request))
#42 C:/Users/EMANUELCLEMENTEMARTI/Downloads/sistema hotel/vendor/laravel/framework/src/Illuminate/Pipeline/Pipeline.php(219): Illuminate/Cookie/Middleware/AddQueuedCookiesToResponse->handle(Object(Illuminate/Http/Request), Object(Closure))
#43 C:/Users/EMANUELCLEMENTEMARTI/Downloads/sistema hotel/vendor/laravel/framework/src/Illuminate/Cookie/Middleware/EncryptCookies.php(74): Illuminate/Pipeline/Pipeline->{closure:{closure:Illuminate/Pipeline/Pipeline::carry():194}:195}(Object(Illuminate/Http/Request))
#44 C:/Users/EMANUELCLEMENTEMARTI/Downloads/sistema hotel/vendor/laravel/framework/src/Illuminate/Pipeline/Pipeline.php(219): Illuminate/Cookie/Middleware/EncryptCookies->handle(Object(Illuminate/Http/Request), Object(Closure))
#45 C:/Users/EMANUELCLEMENTEMARTI/Downloads/sistema hotel/vendor/laravel/framework/src/Illuminate/Pipeline/Pipeline.php(137): Illuminate/Pipeline/Pipeline->{closure:{closure:Illuminate/Pipeline/Pipeline::carry():194}:195}(Object(Illuminate/Http/Request))
#46 C:/Users/EMANUELCLEMENTEMARTI/Downloads/sistema hotel/vendor/laravel/framework/src/Illuminate/Routing/Router.php(821): Illuminate/Pipeline/Pipeline->then(Object(Closure))
#47 C:/Users/EMANUELCLEMENTEMARTI/Downloads/sistema hotel/vendor/laravel/framework/src/Illuminate/Routing/Router.php(800): Illuminate/Routing/Router->runRouteWithinStack(Object(Illuminate/Routing/Route), Object(Illuminate/Http/Request))
#48 C:/Users/EMANUELCLEMENTEMARTI/Downloads/sistema hotel/vendor/laravel/framework/src/Illuminate/Routing/Router.php(764): Illuminate/Routing/Router->runRoute(Object(Illuminate/Http/Request), Object(Illuminate/Routing/Route))
#49 C:/Users/EMANUELCLEMENTEMARTI/Downloads/sistema hotel/vendor/laravel/framework/src/Illuminate/Routing/Router.php(753): Illuminate/Routing/Router->dispatchToRoute(Object(Illuminate/Http/Request))
#50 C:/Users/EMANUELCLEMENTEMARTI/Downloads/sistema hotel/vendor/laravel/framework/src/Illuminate/Foundation/Http/Kernel.php(200): Illuminate/Routing/Router->dispatch(Object(Illuminate/Http/Request))
#51 C:/Users/EMANUELCLEMENTEMARTI/Downloads/sistema hotel/vendor/laravel/framework/src/Illuminate/Pipeline/Pipeline.php(180): Illuminate/Foundation/Http/Kernel->{closure:Illuminate/Foundation/Http/Kernel::dispatchToRouter():197}(Object(Illuminate/Http/Request))
#52 C:/Users/EMANUELCLEMENTEMARTI/Downloads/sistema hotel/vendor/livewire/livewire/src/Features/SupportDisablingBackButtonCache/DisableBackButtonCacheMiddleware.php(19): Illuminate/Pipeline/Pipeline->{closure:Illuminate/Pipeline/Pipeline::prepareDestination():178}(Object(Illuminate/Http/Request))
#53 C:/Users/EMANUELCLEMENTEMARTI/Downloads/sistema hotel/vendor/laravel/framework/src/Illuminate/Pipeline/Pipeline.php(219): Livewire/Features/SupportDisablingBackButtonCache/DisableBackButtonCacheMiddleware->handle(Object(Illuminate/Http/Request), Object(Closure))
#54 C:/Users/EMANUELCLEMENTEMARTI/Downloads/sistema hotel/vendor/laravel/framework/src/Illuminate/Foundation/Http/Middleware/ConvertEmptyStringsToNull.php(27): Illuminate/Pipeline/Pipeline->{closure:{closure:Illuminate/Pipeline/Pipeline::carry():194}:195}(Object(Illuminate/Http/Request))
#55 C:/Users/EMANUELCLEMENTEMARTI/Downloads/sistema hotel/vendor/laravel/framework/src/Illuminate/Pipeline/Pipeline.php(219): Illuminate/Foundation/Http/Middleware/ConvertEmptyStringsToNull->handle(Object(Illuminate/Http/Request), Object(Closure))
#56 C:/Users/EMANUELCLEMENTEMARTI/Downloads/sistema hotel/vendor/laravel/framework/src/Illuminate/Foundation/Http/Middleware/TrimStrings.php(47): Illuminate/Pipeline/Pipeline->{closure:{closure:Illuminate/Pipeline/Pipeline::carry():194}:195}(Object(Illuminate/Http/Request))
#57 C:/Users/EMANUELCLEMENTEMARTI/Downloads/sistema hotel/vendor/laravel/framework/src/Illuminate/Pipeline/Pipeline.php(219): Illuminate/Foundation/Http/Middleware/TrimStrings->handle(Object(Illuminate/Http/Request), Object(Closure))
#58 C:/Users/EMANUELCLEMENTEMARTI/Downloads/sistema hotel/vendor/laravel/framework/src/Illuminate/Http/Middleware/ValidatePostSize.php(27): Illuminate/Pipeline/Pipeline->{closure:{closure:Illuminate/Pipeline/Pipeline::carry():194}:195}(Object(Illuminate/Http/Request))
#59 C:/Users/EMANUELCLEMENTEMARTI/Downloads/sistema hotel/vendor/laravel/framework/src/Illuminate/Pipeline/Pipeline.php(219): Illuminate/Http/Middleware/ValidatePostSize->handle(Object(Illuminate/Http/Request), Object(Closure))
#60 C:/Users/EMANUELCLEMENTEMARTI/Downloads/sistema hotel/vendor/laravel/framework/src/Illuminate/Foundation/Http/Middleware/PreventRequestsDuringMaintenance.php(109): Illuminate/Pipeline/Pipeline->{closure:{closure:Illuminate/Pipeline/Pipeline::carry():194}:195}(Object(Illuminate/Http/Request))
#61 C:/Users/EMANUELCLEMENTEMARTI/Downloads/sistema hotel/vendor/laravel/framework/src/Illuminate/Pipeline/Pipeline.php(219): Illuminate/Foundation/Http/Middleware/PreventRequestsDuringMaintenance->handle(Object(Illuminate/Http/Request), Object(Closure))
#62 C:/Users/EMANUELCLEMENTEMARTI/Downloads/sistema hotel/vendor/laravel/framework/src/Illuminate/Http/Middleware/HandleCors.php(61): Illuminate/Pipeline/Pipeline->{closure:{closure:Illuminate/Pipeline/Pipeline::carry():194}:195}(Object(Illuminate/Http/Request))
#63 C:/Users/EMANUELCLEMENTEMARTI/Downloads/sistema hotel/vendor/laravel/framework/src/Illuminate/Pipeline/Pipeline.php(219): Illuminate/Http/Middleware/HandleCors->handle(Object(Illuminate/Http/Request), Object(Closure))
#64 C:/Users/EMANUELCLEMENTEMARTI/Downloads/sistema hotel/vendor/laravel/framework/src/Illuminate/Http/Middleware/TrustProxies.php(58): Illuminate/Pipeline/Pipeline->{closure:{closure:Illuminate/Pipeline/Pipeline::carry():194}:195}(Object(Illuminate/Http/Request))
#65 C:/Users/EMANUELCLEMENTEMARTI/Downloads/sistema hotel/vendor/laravel/framework/src/Illuminate/Pipeline/Pipeline.php(219): Illuminate/Http/Middleware/TrustProxies->handle(Object(Illuminate/Http/Request), Object(Closure))
#66 C:/Users/EMANUELCLEMENTEMARTI/Downloads/sistema hotel/vendor/laravel/framework/src/Illuminate/Foundation/Http/Middleware/InvokeDeferredCallbacks.php(22): Illuminate/Pipeline/Pipeline->{closure:{closure:Illuminate/Pipeline/Pipeline::carry():194}:195}(Object(Illuminate/Http/Request))
#67 C:/Users/EMANUELCLEMENTEMARTI/Downloads/sistema hotel/vendor/laravel/framework/src/Illuminate/Pipeline/Pipeline.php(219): Illuminate/Foundation/Http/Middleware/InvokeDeferredCallbacks->handle(Object(Illuminate/Http/Request), Object(Closure))
#68 C:/Users/EMANUELCLEMENTEMARTI/Downloads/sistema hotel/vendor/laravel/framework/src/Illuminate/Http/Middleware/ValidatePathEncoding.php(26): Illuminate/Pipeline/Pipeline->{closure:{closure:Illuminate/Pipeline/Pipeline::carry():194}:195}(Object(Illuminate/Http/Request))
#69 C:/Users/EMANUELCLEMENTEMARTI/Downloads/sistema hotel/vendor/laravel/framework/src/Illuminate/Pipeline/Pipeline.php(219): Illuminate/Http/Middleware/ValidatePathEncoding->handle(Object(Illuminate/Http/Request), Object(Closure))
#70 C:/Users/EMANUELCLEMENTEMARTI/Downloads/sistema hotel/vendor/laravel/framework/src/Illuminate/Pipeline/Pipeline.php(137): Illuminate/Pipeline/Pipeline->{closure:{closure:Illuminate/Pipeline/Pipeline::carry():194}:195}(Object(Illuminate/Http/Request))
#71 C:/Users/EMANUELCLEMENTEMARTI/Downloads/sistema hotel/vendor/laravel/framework/src/Illuminate/Foundation/Http/Kernel.php(175): Illuminate/Pipeline/Pipeline->then(Object(Closure))
#72 C:/Users/EMANUELCLEMENTEMARTI/Downloads/sistema hotel/vendor/laravel/framework/src/Illuminate/Foundation/Http/Kernel.php(144): Illuminate/Foundation/Http/Kernel->sendRequestThroughRouter(Object(Illuminate/Http/Request))
#73 C:/Users/EMANUELCLEMENTEMARTI/Downloads/sistema hotel/vendor/laravel/framework/src/Illuminate/Foundation/Application.php(1220): Illuminate/Foundation/Http/Kernel->handle(Object(Illuminate/Http/Request))
#74 C:/Users/EMANUELCLEMENTEMARTI/Downloads/sistema hotel/public/index.php(17): Illuminate/Foundation/Application->handleRequest(Object(Illuminate/Http/Request))
#75 C:/Users/EMANUELCLEMENTEMARTI/Downloads/sistema hotel/vendor/laravel/framework/src/Illuminate/Foundation/resources/server.php(23): require_once('C://Users//EMANUE...')
#76 {main}
"} 
[2026-03-31 18:04:03] laravel.WARNING: League\Flysystem\AwsS3V3\AwsS3V3Adapter::__construct(): Implicitly marking parameter $visibility as nullable is deprecated, the explicit nullable type must be used instead in C:\Users\EMANUELCLEMENTEMARTI\Downloads\sistema hotel\vendor\league\flysystem-aws-s3-v3\AwsS3V3Adapter.php on line 108  
[2026-03-31 18:04:03] laravel.EMERGENCY: Unable to create configured logger. Using emergency logger. {"exception":"[object] (InvalidArgumentException(code: 0): Driver [null] is not supported. at C:/Users/EMANUELCLEMENTEMARTI/Downloads/sistema hotel/vendor/laravel/framework/src/Illuminate/Log/LogManager.php:235)
[stacktrace]
#0 C:/Users/EMANUELCLEMENTEMARTI/Downloads/sistema hotel/vendor/laravel/framework/src/Illuminate/Log/LogManager.php(138): Illuminate/Log/LogManager->resolve('deprecations', Array)
#1 C:/Users/EMANUELCLEMENTEMARTI/Downloads/sistema hotel/vendor/laravel/framework/src/Illuminate/Log/LogManager.php(125): Illuminate/Log/LogManager->get('deprecations')
#2 C:/Users/EMANUELCLEMENTEMARTI/Downloads/sistema hotel/vendor/laravel/framework/src/Illuminate/Log/LogManager.php(114): Illuminate/Log/LogManager->driver('deprecations')
#3 C:/Users/EMANUELCLEMENTEMARTI/Downloads/sistema hotel/vendor/laravel/framework/src/Illuminate/Foundation/Bootstrap/HandleExceptions.php(105): Illuminate/Log/LogManager->channel('deprecations')
#4 C:/Users/EMANUELCLEMENTEMARTI/Downloads/sistema hotel/vendor/laravel/framework/src/Illuminate/Foundation/Bootstrap/HandleExceptions.php(74): Illuminate/Foundation/Bootstrap/HandleExceptions->handleDeprecationError('League//Flysyste...', 'C://Users//EMANUE...', 0, 8192)
#5 C:/Users/EMANUELCLEMENTEMARTI/Downloads/sistema hotel/vendor/laravel/framework/src/Illuminate/Foundation/Bootstrap/HandleExceptions.php(258): Illuminate/Foundation/Bootstrap/HandleExceptions->handleError(8192, 'League//Flysyste...', 'C://Users//EMANUE...', 0)
#6 C:/Users/EMANUELCLEMENTEMARTI/Downloads/sistema hotel/vendor/composer/ClassLoader.php(576): Illuminate/Foundation/Bootstrap/HandleExceptions->{closure:Illuminate/Foundation/Bootstrap/HandleExceptions::forwardsTo():257}(8192, 'League//Flysyste...', 'C://Users//EMANUE...', 0)
#7 C:/Users/EMANUELCLEMENTEMARTI/Downloads/sistema hotel/vendor/composer/ClassLoader.php(576): include('C://Users//EMANUE...')
#8 C:/Users/EMANUELCLEMENTEMARTI/Downloads/sistema hotel/vendor/composer/ClassLoader.php(427): {closure:Composer/Autoload/ClassLoader::initializeIncludeClosure():575}('C://Users//EMANUE...')
#9 C:/Users/EMANUELCLEMENTEMARTI/Downloads/sistema hotel/vendor/laravel/framework/src/Illuminate/Filesystem/FilesystemManager.php(257): Composer/Autoload/ClassLoader->loadClass('League//Flysyste...')
#10 C:/Users/EMANUELCLEMENTEMARTI/Downloads/sistema hotel/vendor/laravel/framework/src/Illuminate/Filesystem/FilesystemManager.php(153): Illuminate/Filesystem/FilesystemManager->createS3Driver(Array, 'supabase')
#11 C:/Users/EMANUELCLEMENTEMARTI/Downloads/sistema hotel/vendor/laravel/framework/src/Illuminate/Filesystem/FilesystemManager.php(121): Illuminate/Filesystem/FilesystemManager->resolve('supabase')
#12 C:/Users/EMANUELCLEMENTEMARTI/Downloads/sistema hotel/vendor/laravel/framework/src/Illuminate/Filesystem/FilesystemManager.php(84): Illuminate/Filesystem/FilesystemManager->get('supabase')
#13 C:/Users/EMANUELCLEMENTEMARTI/Downloads/sistema hotel/vendor/laravel/framework/src/Illuminate/Support/Facades/Facade.php(363): Illuminate/Filesystem/FilesystemManager->disk('supabase')
#14 C:/Users/EMANUELCLEMENTEMARTI/Downloads/sistema hotel/vendor/livewire/livewire/src/Features/SupportFileUploads/FileUploadConfiguration.php(27): Illuminate/Support/Facades/Facade::__callStatic('disk', Array)
#15 C:/Users/EMANUELCLEMENTEMARTI/Downloads/sistema hotel/vendor/livewire/livewire/src/Features/SupportFileUploads/GenerateSignedUploadUrl.php(20): Livewire/Features/SupportFileUploads/FileUploadConfiguration::storage()
#16 C:/Users/EMANUELCLEMENTEMARTI/Downloads/sistema hotel/vendor/laravel/framework/src/Illuminate/Support/Facades/Facade.php(363): Livewire/Features/SupportFileUploads/GenerateSignedUploadUrl->forS3(Object(Illuminate/Http/Testing/File))
#17 C:/Users/EMANUELCLEMENTEMARTI/Downloads/sistema hotel/vendor/livewire/livewire/src/Features/SupportFileUploads/WithFileUploads.php(20): Illuminate/Support/Facades/Facade::__callStatic('forS3', Array)
#18 C:/Users/EMANUELCLEMENTEMARTI/Downloads/sistema hotel/vendor/laravel/framework/src/Illuminate/Container/BoundMethod.php(36): App/Livewire/ImageManager->_startUpload('imagen', Array, false)
#19 C:/Users/EMANUELCLEMENTEMARTI/Downloads/sistema hotel/vendor/laravel/framework/src/Illuminate/Container/Util.php(43): Illuminate/Container/BoundMethod::{closure:Illuminate/Container/BoundMethod::call():35}()
#20 C:/Users/EMANUELCLEMENTEMARTI/Downloads/sistema hotel/vendor/laravel/framework/src/Illuminate/Container/BoundMethod.php(96): Illuminate/Container/Util::unwrapIfClosure(Object(Closure))
#21 C:/Users/EMANUELCLEMENTEMARTI/Downloads/sistema hotel/vendor/laravel/framework/src/Illuminate/Container/BoundMethod.php(35): Illuminate/Container/BoundMethod::callBoundMethod(Object(Illuminate/Foundation/Application), Array, Object(Closure))
#22 C:/Users/EMANUELCLEMENTEMARTI/Downloads/sistema hotel/vendor/livewire/livewire/src/Wrapped.php(23): Illuminate/Container/BoundMethod::call(Object(Illuminate/Foundation/Application), Array, Array)
#23 C:/Users/EMANUELCLEMENTEMARTI/Downloads/sistema hotel/vendor/livewire/livewire/src/Mechanisms/HandleComponents/HandleComponents.php(492): Livewire/Wrapped->__call('_startUpload', Array)
#24 C:/Users/EMANUELCLEMENTEMARTI/Downloads/sistema hotel/vendor/livewire/livewire/src/Mechanisms/HandleComponents/HandleComponents.php(101): Livewire/Mechanisms/HandleComponents/HandleComponents->callMethods(Object(App/Livewire/ImageManager), Array, Object(Livewire/Mechanisms/HandleComponents/ComponentContext))
#25 C:/Users/EMANUELCLEMENTEMARTI/Downloads/sistema hotel/vendor/livewire/livewire/src/LivewireManager.php(102): Livewire/Mechanisms/HandleComponents/HandleComponents->update(Array, Array, Array)
#26 C:/Users/EMANUELCLEMENTEMARTI/Downloads/sistema hotel/vendor/livewire/livewire/src/Mechanisms/HandleRequests/HandleRequests.php(131): Livewire/LivewireManager->update(Array, Array, Array)
#27 C:/Users/EMANUELCLEMENTEMARTI/Downloads/sistema hotel/vendor/laravel/framework/src/Illuminate/Routing/ControllerDispatcher.php(46): Livewire/Mechanisms/HandleRequests/HandleRequests->handleUpdate()
#28 C:/Users/EMANUELCLEMENTEMARTI/Downloads/sistema hotel/vendor/laravel/framework/src/Illuminate/Routing/Route.php(265): Illuminate/Routing/ControllerDispatcher->dispatch(Object(Illuminate/Routing/Route), Object(Livewire/Mechanisms/HandleRequests/HandleRequests), 'handleUpdate')
#29 C:/Users/EMANUELCLEMENTEMARTI/Downloads/sistema hotel/vendor/laravel/framework/src/Illuminate/Routing/Route.php(211): Illuminate/Routing/Route->runController()
#30 C:/Users/EMANUELCLEMENTEMARTI/Downloads/sistema hotel/vendor/laravel/framework/src/Illuminate/Routing/Router.php(822): Illuminate/Routing/Route->run()
#31 C:/Users/EMANUELCLEMENTEMARTI/Downloads/sistema hotel/vendor/laravel/framework/src/Illuminate/Pipeline/Pipeline.php(180): Illuminate/Routing/Router->{closure:Illuminate/Routing/Router::runRouteWithinStack():821}(Object(Illuminate/Http/Request))
#32 C:/Users/EMANUELCLEMENTEMARTI/Downloads/sistema hotel/vendor/laravel/framework/src/Illuminate/Routing/Middleware/SubstituteBindings.php(50): Illuminate/Pipeline/Pipeline->{closure:Illuminate/Pipeline/Pipeline::prepareDestination():178}(Object(Illuminate/Http/Request))
#33 C:/Users/EMANUELCLEMENTEMARTI/Downloads/sistema hotel/vendor/laravel/framework/src/Illuminate/Pipeline/Pipeline.php(219): Illuminate/Routing/Middleware/SubstituteBindings->handle(Object(Illuminate/Http/Request), Object(Closure))
#34 C:/Users/EMANUELCLEMENTEMARTI/Downloads/sistema hotel/vendor/laravel/framework/src/Illuminate/Foundation/Http/Middleware/VerifyCsrfToken.php(87): Illuminate/Pipeline/Pipeline->{closure:{closure:Illuminate/Pipeline/Pipeline::carry():194}:195}(Object(Illuminate/Http/Request))
#35 C:/Users/EMANUELCLEMENTEMARTI/Downloads/sistema hotel/vendor/laravel/framework/src/Illuminate/Pipeline/Pipeline.php(219): Illuminate/Foundation/Http/Middleware/VerifyCsrfToken->handle(Object(Illuminate/Http/Request), Object(Closure))
#36 C:/Users/EMANUELCLEMENTEMARTI/Downloads/sistema hotel/vendor/laravel/framework/src/Illuminate/View/Middleware/ShareErrorsFromSession.php(48): Illuminate/Pipeline/Pipeline->{closure:{closure:Illuminate/Pipeline/Pipeline::carry():194}:195}(Object(Illuminate/Http/Request))
#37 C:/Users/EMANUELCLEMENTEMARTI/Downloads/sistema hotel/vendor/laravel/framework/src/Illuminate/Pipeline/Pipeline.php(219): Illuminate/View/Middleware/ShareErrorsFromSession->handle(Object(Illuminate/Http/Request), Object(Closure))
#38 C:/Users/EMANUELCLEMENTEMARTI/Downloads/sistema hotel/vendor/laravel/framework/src/Illuminate/Session/Middleware/StartSession.php(120): Illuminate/Pipeline/Pipeline->{closure:{closure:Illuminate/Pipeline/Pipeline::carry():194}:195}(Object(Illuminate/Http/Request))
#39 C:/Users/EMANUELCLEMENTEMARTI/Downloads/sistema hotel/vendor/laravel/framework/src/Illuminate/Session/Middleware/StartSession.php(63): Illuminate/Session/Middleware/StartSession->handleStatefulRequest(Object(Illuminate/Http/Request), Object(Illuminate/Session/Store), Object(Closure))
#40 C:/Users/EMANUELCLEMENTEMARTI/Downloads/sistema hotel/vendor/laravel/framework/src/Illuminate/Pipeline/Pipeline.php(219): Illuminate/Session/Middleware/StartSession->handle(Object(Illuminate/Http/Request), Object(Closure))
#41 C:/Users/EMANUELCLEMENTEMARTI/Downloads/sistema hotel/vendor/laravel/framework/src/Illuminate/Cookie/Middleware/AddQueuedCookiesToResponse.php(36): Illuminate/Pipeline/Pipeline->{closure:{closure:Illuminate/Pipeline/Pipeline::carry():194}:195}(Object(Illuminate/Http/Request))
#42 C:/Users/EMANUELCLEMENTEMARTI/Downloads/sistema hotel/vendor/laravel/framework/src/Illuminate/Pipeline/Pipeline.php(219): Illuminate/Cookie/Middleware/AddQueuedCookiesToResponse->handle(Object(Illuminate/Http/Request), Object(Closure))
#43 C:/Users/EMANUELCLEMENTEMARTI/Downloads/sistema hotel/vendor/laravel/framework/src/Illuminate/Cookie/Middleware/EncryptCookies.php(74): Illuminate/Pipeline/Pipeline->{closure:{closure:Illuminate/Pipeline/Pipeline::carry():194}:195}(Object(Illuminate/Http/Request))
#44 C:/Users/EMANUELCLEMENTEMARTI/Downloads/sistema hotel/vendor/laravel/framework/src/Illuminate/Pipeline/Pipeline.php(219): Illuminate/Cookie/Middleware/EncryptCookies->handle(Object(Illuminate/Http/Request), Object(Closure))
#45 C:/Users/EMANUELCLEMENTEMARTI/Downloads/sistema hotel/vendor/laravel/framework/src/Illuminate/Pipeline/Pipeline.php(137): Illuminate/Pipeline/Pipeline->{closure:{closure:Illuminate/Pipeline/Pipeline::carry():194}:195}(Object(Illuminate/Http/Request))
#46 C:/Users/EMANUELCLEMENTEMARTI/Downloads/sistema hotel/vendor/laravel/framework/src/Illuminate/Routing/Router.php(821): Illuminate/Pipeline/Pipeline->then(Object(Closure))
#47 C:/Users/EMANUELCLEMENTEMARTI/Downloads/sistema hotel/vendor/laravel/framework/src/Illuminate/Routing/Router.php(800): Illuminate/Routing/Router->runRouteWithinStack(Object(Illuminate/Routing/Route), Object(Illuminate/Http/Request))
#48 C:/Users/EMANUELCLEMENTEMARTI/Downloads/sistema hotel/vendor/laravel/framework/src/Illuminate/Routing/Router.php(764): Illuminate/Routing/Router->runRoute(Object(Illuminate/Http/Request), Object(Illuminate/Routing/Route))
#49 C:/Users/EMANUELCLEMENTEMARTI/Downloads/sistema hotel/vendor/laravel/framework/src/Illuminate/Routing/Router.php(753): Illuminate/Routing/Router->dispatchToRoute(Object(Illuminate/Http/Request))
#50 C:/Users/EMANUELCLEMENTEMARTI/Downloads/sistema hotel/vendor/laravel/framework/src/Illuminate/Foundation/Http/Kernel.php(200): Illuminate/Routing/Router->dispatch(Object(Illuminate/Http/Request))
#51 C:/Users/EMANUELCLEMENTEMARTI/Downloads/sistema hotel/vendor/laravel/framework/src/Illuminate/Pipeline/Pipeline.php(180): Illuminate/Foundation/Http/Kernel->{closure:Illuminate/Foundation/Http/Kernel::dispatchToRouter():197}(Object(Illuminate/Http/Request))
#52 C:/Users/EMANUELCLEMENTEMARTI/Downloads/sistema hotel/vendor/livewire/livewire/src/Features/SupportDisablingBackButtonCache/DisableBackButtonCacheMiddleware.php(19): Illuminate/Pipeline/Pipeline->{closure:Illuminate/Pipeline/Pipeline::prepareDestination():178}(Object(Illuminate/Http/Request))
#53 C:/Users/EMANUELCLEMENTEMARTI/Downloads/sistema hotel/vendor/laravel/framework/src/Illuminate/Pipeline/Pipeline.php(219): Livewire/Features/SupportDisablingBackButtonCache/DisableBackButtonCacheMiddleware->handle(Object(Illuminate/Http/Request), Object(Closure))
#54 C:/Users/EMANUELCLEMENTEMARTI/Downloads/sistema hotel/vendor/laravel/framework/src/Illuminate/Foundation/Http/Middleware/ConvertEmptyStringsToNull.php(27): Illuminate/Pipeline/Pipeline->{closure:{closure:Illuminate/Pipeline/Pipeline::carry():194}:195}(Object(Illuminate/Http/Request))
#55 C:/Users/EMANUELCLEMENTEMARTI/Downloads/sistema hotel/vendor/laravel/framework/src/Illuminate/Pipeline/Pipeline.php(219): Illuminate/Foundation/Http/Middleware/ConvertEmptyStringsToNull->handle(Object(Illuminate/Http/Request), Object(Closure))
#56 C:/Users/EMANUELCLEMENTEMARTI/Downloads/sistema hotel/vendor/laravel/framework/src/Illuminate/Foundation/Http/Middleware/TrimStrings.php(47): Illuminate/Pipeline/Pipeline->{closure:{closure:Illuminate/Pipeline/Pipeline::carry():194}:195}(Object(Illuminate/Http/Request))
#57 C:/Users/EMANUELCLEMENTEMARTI/Downloads/sistema hotel/vendor/laravel/framework/src/Illuminate/Pipeline/Pipeline.php(219): Illuminate/Foundation/Http/Middleware/TrimStrings->handle(Object(Illuminate/Http/Request), Object(Closure))
#58 C:/Users/EMANUELCLEMENTEMARTI/Downloads/sistema hotel/vendor/laravel/framework/src/Illuminate/Http/Middleware/ValidatePostSize.php(27): Illuminate/Pipeline/Pipeline->{closure:{closure:Illuminate/Pipeline/Pipeline::carry():194}:195}(Object(Illuminate/Http/Request))
#59 C:/Users/EMANUELCLEMENTEMARTI/Downloads/sistema hotel/vendor/laravel/framework/src/Illuminate/Pipeline/Pipeline.php(219): Illuminate/Http/Middleware/ValidatePostSize->handle(Object(Illuminate/Http/Request), Object(Closure))
#60 C:/Users/EMANUELCLEMENTEMARTI/Downloads/sistema hotel/vendor/laravel/framework/src/Illuminate/Foundation/Http/Middleware/PreventRequestsDuringMaintenance.php(109): Illuminate/Pipeline/Pipeline->{closure:{closure:Illuminate/Pipeline/Pipeline::carry():194}:195}(Object(Illuminate/Http/Request))
#61 C:/Users/EMANUELCLEMENTEMARTI/Downloads/sistema hotel/vendor/laravel/framework/src/Illuminate/Pipeline/Pipeline.php(219): Illuminate/Foundation/Http/Middleware/PreventRequestsDuringMaintenance->handle(Object(Illuminate/Http/Request), Object(Closure))
#62 C:/Users/EMANUELCLEMENTEMARTI/Downloads/sistema hotel/vendor/laravel/framework/src/Illuminate/Http/Middleware/HandleCors.php(61): Illuminate/Pipeline/Pipeline->{closure:{closure:Illuminate/Pipeline/Pipeline::carry():194}:195}(Object(Illuminate/Http/Request))
#63 C:/Users/EMANUELCLEMENTEMARTI/Downloads/sistema hotel/vendor/laravel/framework/src/Illuminate/Pipeline/Pipeline.php(219): Illuminate/Http/Middleware/HandleCors->handle(Object(Illuminate/Http/Request), Object(Closure))
#64 C:/Users/EMANUELCLEMENTEMARTI/Downloads/sistema hotel/vendor/laravel/framework/src/Illuminate/Http/Middleware/TrustProxies.php(58): Illuminate/Pipeline/Pipeline->{closure:{closure:Illuminate/Pipeline/Pipeline::carry():194}:195}(Object(Illuminate/Http/Request))
#65 C:/Users/EMANUELCLEMENTEMARTI/Downloads/sistema hotel/vendor/laravel/framework/src/Illuminate/Pipeline/Pipeline.php(219): Illuminate/Http/Middleware/TrustProxies->handle(Object(Illuminate/Http/Request), Object(Closure))
#66 C:/Users/EMANUELCLEMENTEMARTI/Downloads/sistema hotel/vendor/laravel/framework/src/Illuminate/Foundation/Http/Middleware/InvokeDeferredCallbacks.php(22): Illuminate/Pipeline/Pipeline->{closure:{closure:Illuminate/Pipeline/Pipeline::carry():194}:195}(Object(Illuminate/Http/Request))
#67 C:/Users/EMANUELCLEMENTEMARTI/Downloads/sistema hotel/vendor/laravel/framework/src/Illuminate/Pipeline/Pipeline.php(219): Illuminate/Foundation/Http/Middleware/InvokeDeferredCallbacks->handle(Object(Illuminate/Http/Request), Object(Closure))
#68 C:/Users/EMANUELCLEMENTEMARTI/Downloads/sistema hotel/vendor/laravel/framework/src/Illuminate/Http/Middleware/ValidatePathEncoding.php(26): Illuminate/Pipeline/Pipeline->{closure:{closure:Illuminate/Pipeline/Pipeline::carry():194}:195}(Object(Illuminate/Http/Request))
#69 C:/Users/EMANUELCLEMENTEMARTI/Downloads/sistema hotel/vendor/laravel/framework/src/Illuminate/Pipeline/Pipeline.php(219): Illuminate/Http/Middleware/ValidatePathEncoding->handle(Object(Illuminate/Http/Request), Object(Closure))
#70 C:/Users/EMANUELCLEMENTEMARTI/Downloads/sistema hotel/vendor/laravel/framework/src/Illuminate/Pipeline/Pipeline.php(137): Illuminate/Pipeline/Pipeline->{closure:{closure:Illuminate/Pipeline/Pipeline::carry():194}:195}(Object(Illuminate/Http/Request))
#71 C:/Users/EMANUELCLEMENTEMARTI/Downloads/sistema hotel/vendor/laravel/framework/src/Illuminate/Foundation/Http/Kernel.php(175): Illuminate/Pipeline/Pipeline->then(Object(Closure))
#72 C:/Users/EMANUELCLEMENTEMARTI/Downloads/sistema hotel/vendor/laravel/framework/src/Illuminate/Foundation/Http/Kernel.php(144): Illuminate/Foundation/Http/Kernel->sendRequestThroughRouter(Object(Illuminate/Http/Request))
#73 C:/Users/EMANUELCLEMENTEMARTI/Downloads/sistema hotel/vendor/laravel/framework/src/Illuminate/Foundation/Application.php(1220): Illuminate/Foundation/Http/Kernel->handle(Object(Illuminate/Http/Request))
#74 C:/Users/EMANUELCLEMENTEMARTI/Downloads/sistema hotel/public/index.php(17): Illuminate/Foundation/Application->handleRequest(Object(Illuminate/Http/Request))
#75 C:/Users/EMANUELCLEMENTEMARTI/Downloads/sistema hotel/vendor/laravel/framework/src/Illuminate/Foundation/resources/server.php(23): require_once('C://Users//EMANUE...')
#76 {main}
"} 
[2026-03-31 18:04:03] laravel.WARNING: League\Flysystem\AwsS3V3\AwsS3V3Adapter::__construct(): Implicitly marking parameter $mimeTypeDetector as nullable is deprecated, the explicit nullable type must be used instead in C:\Users\EMANUELCLEMENTEMARTI\Downloads\sistema hotel\vendor\league\flysystem-aws-s3-v3\AwsS3V3Adapter.php on line 0  
[2026-03-31 18:04:03] laravel.EMERGENCY: Unable to create configured logger. Using emergency logger. {"exception":"[object] (InvalidArgumentException(code: 0): Driver [null] is not supported. at C:/Users/EMANUELCLEMENTEMARTI/Downloads/sistema hotel/vendor/laravel/framework/src/Illuminate/Log/LogManager.php:235)
[stacktrace]
#0 C:/Users/EMANUELCLEMENTEMARTI/Downloads/sistema hotel/vendor/laravel/framework/src/Illuminate/Log/LogManager.php(138): Illuminate/Log/LogManager->resolve('deprecations', Array)
#1 C:/Users/EMANUELCLEMENTEMARTI/Downloads/sistema hotel/vendor/laravel/framework/src/Illuminate/Log/LogManager.php(125): Illuminate/Log/LogManager->get('deprecations')
#2 C:/Users/EMANUELCLEMENTEMARTI/Downloads/sistema hotel/vendor/laravel/framework/src/Illuminate/Log/LogManager.php(114): Illuminate/Log/LogManager->driver('deprecations')
#3 C:/Users/EMANUELCLEMENTEMARTI/Downloads/sistema hotel/vendor/laravel/framework/src/Illuminate/Foundation/Bootstrap/HandleExceptions.php(105): Illuminate/Log/LogManager->channel('deprecations')
#4 C:/Users/EMANUELCLEMENTEMARTI/Downloads/sistema hotel/vendor/laravel/framework/src/Illuminate/Foundation/Bootstrap/HandleExceptions.php(74): Illuminate/Foundation/Bootstrap/HandleExceptions->handleDeprecationError('League//Flysyste...', 'C://Users//EMANUE...', 295, 8192)
#5 C:/Users/EMANUELCLEMENTEMARTI/Downloads/sistema hotel/vendor/laravel/framework/src/Illuminate/Foundation/Bootstrap/HandleExceptions.php(258): Illuminate/Foundation/Bootstrap/HandleExceptions->handleError(8192, 'League//Flysyste...', 'C://Users//EMANUE...', 295)
#6 C:/Users/EMANUELCLEMENTEMARTI/Downloads/sistema hotel/vendor/composer/ClassLoader.php(576): Illuminate/Foundation/Bootstrap/HandleExceptions->{closure:Illuminate/Foundation/Bootstrap/HandleExceptions::forwardsTo():257}(8192, 'League//Flysyste...', 'C://Users//EMANUE...', 295)
#7 C:/Users/EMANUELCLEMENTEMARTI/Downloads/sistema hotel/vendor/composer/ClassLoader.php(576): include('C://Users//EMANUE...')
#8 C:/Users/EMANUELCLEMENTEMARTI/Downloads/sistema hotel/vendor/composer/ClassLoader.php(427): {closure:Composer/Autoload/ClassLoader::initializeIncludeClosure():575}('C://Users//EMANUE...')
#9 C:/Users/EMANUELCLEMENTEMARTI/Downloads/sistema hotel/vendor/laravel/framework/src/Illuminate/Filesystem/FilesystemManager.php(257): Composer/Autoload/ClassLoader->loadClass('League//Flysyste...')
#10 C:/Users/EMANUELCLEMENTEMARTI/Downloads/sistema hotel/vendor/laravel/framework/src/Illuminate/Filesystem/FilesystemManager.php(153): Illuminate/Filesystem/FilesystemManager->createS3Driver(Array, 'supabase')
#11 C:/Users/EMANUELCLEMENTEMARTI/Downloads/sistema hotel/vendor/laravel/framework/src/Illuminate/Filesystem/FilesystemManager.php(121): Illuminate/Filesystem/FilesystemManager->resolve('supabase')
#12 C:/Users/EMANUELCLEMENTEMARTI/Downloads/sistema hotel/vendor/laravel/framework/src/Illuminate/Filesystem/FilesystemManager.php(84): Illuminate/Filesystem/FilesystemManager->get('supabase')
#13 C:/Users/EMANUELCLEMENTEMARTI/Downloads/sistema hotel/vendor/laravel/framework/src/Illuminate/Support/Facades/Facade.php(363): Illuminate/Filesystem/FilesystemManager->disk('supabase')
#14 C:/Users/EMANUELCLEMENTEMARTI/Downloads/sistema hotel/vendor/livewire/livewire/src/Features/SupportFileUploads/FileUploadConfiguration.php(27): Illuminate/Support/Facades/Facade::__callStatic('disk', Array)
#15 C:/Users/EMANUELCLEMENTEMARTI/Downloads/sistema hotel/vendor/livewire/livewire/src/Features/SupportFileUploads/GenerateSignedUploadUrl.php(20): Livewire/Features/SupportFileUploads/FileUploadConfiguration::storage()
#16 C:/Users/EMANUELCLEMENTEMARTI/Downloads/sistema hotel/vendor/laravel/framework/src/Illuminate/Support/Facades/Facade.php(363): Livewire/Features/SupportFileUploads/GenerateSignedUploadUrl->forS3(Object(Illuminate/Http/Testing/File))
#17 C:/Users/EMANUELCLEMENTEMARTI/Downloads/sistema hotel/vendor/livewire/livewire/src/Features/SupportFileUploads/WithFileUploads.php(20): Illuminate/Support/Facades/Facade::__callStatic('forS3', Array)
#18 C:/Users/EMANUELCLEMENTEMARTI/Downloads/sistema hotel/vendor/laravel/framework/src/Illuminate/Container/BoundMethod.php(36): App/Livewire/ImageManager->_startUpload('imagen', Array, false)
#19 C:/Users/EMANUELCLEMENTEMARTI/Downloads/sistema hotel/vendor/laravel/framework/src/Illuminate/Container/Util.php(43): Illuminate/Container/BoundMethod::{closure:Illuminate/Container/BoundMethod::call():35}()
#20 C:/Users/EMANUELCLEMENTEMARTI/Downloads/sistema hotel/vendor/laravel/framework/src/Illuminate/Container/BoundMethod.php(96): Illuminate/Container/Util::unwrapIfClosure(Object(Closure))
#21 C:/Users/EMANUELCLEMENTEMARTI/Downloads/sistema hotel/vendor/laravel/framework/src/Illuminate/Container/BoundMethod.php(35): Illuminate/Container/BoundMethod::callBoundMethod(Object(Illuminate/Foundation/Application), Array, Object(Closure))
#22 C:/Users/EMANUELCLEMENTEMARTI/Downloads/sistema hotel/vendor/livewire/livewire/src/Wrapped.php(23): Illuminate/Container/BoundMethod::call(Object(Illuminate/Foundation/Application), Array, Array)
#23 C:/Users/EMANUELCLEMENTEMARTI/Downloads/sistema hotel/vendor/livewire/livewire/src/Mechanisms/HandleComponents/HandleComponents.php(492): Livewire/Wrapped->__call('_startUpload', Array)
#24 C:/Users/EMANUELCLEMENTEMARTI/Downloads/sistema hotel/vendor/livewire/livewire/src/Mechanisms/HandleComponents/HandleComponents.php(101): Livewire/Mechanisms/HandleComponents/HandleComponents->callMethods(Object(App/Livewire/ImageManager), Array, Object(Livewire/Mechanisms/HandleComponents/ComponentContext))
#25 C:/Users/EMANUELCLEMENTEMARTI/Downloads/sistema hotel/vendor/livewire/livewire/src/LivewireManager.php(102): Livewire/Mechanisms/HandleComponents/HandleComponents->update(Array, Array, Array)
#26 C:/Users/EMANUELCLEMENTEMARTI/Downloads/sistema hotel/vendor/livewire/livewire/src/Mechanisms/HandleRequests/HandleRequests.php(131): Livewire/LivewireManager->update(Array, Array, Array)
#27 C:/Users/EMANUELCLEMENTEMARTI/Downloads/sistema hotel/vendor/laravel/framework/src/Illuminate/Routing/ControllerDispatcher.php(46): Livewire/Mechanisms/HandleRequests/HandleRequests->handleUpdate()
#28 C:/Users/EMANUELCLEMENTEMARTI/Downloads/sistema hotel/vendor/laravel/framework/src/Illuminate/Routing/Route.php(265): Illuminate/Routing/ControllerDispatcher->dispatch(Object(Illuminate/Routing/Route), Object(Livewire/Mechanisms/HandleRequests/HandleRequests), 'handleUpdate')
#29 C:/Users/EMANUELCLEMENTEMARTI/Downloads/sistema hotel/vendor/laravel/framework/src/Illuminate/Routing/Route.php(211): Illuminate/Routing/Route->runController()
#30 C:/Users/EMANUELCLEMENTEMARTI/Downloads/sistema hotel/vendor/laravel/framework/src/Illuminate/Routing/Router.php(822): Illuminate/Routing/Route->run()
#31 C:/Users/EMANUELCLEMENTEMARTI/Downloads/sistema hotel/vendor/laravel/framework/src/Illuminate/Pipeline/Pipeline.php(180): Illuminate/Routing/Router->{closure:Illuminate/Routing/Router::runRouteWithinStack():821}(Object(Illuminate/Http/Request))
#32 C:/Users/EMANUELCLEMENTEMARTI/Downloads/sistema hotel/vendor/laravel/framework/src/Illuminate/Routing/Middleware/SubstituteBindings.php(50): Illuminate/Pipeline/Pipeline->{closure:Illuminate/Pipeline/Pipeline::prepareDestination():178}(Object(Illuminate/Http/Request))
#33 C:/Users/EMANUELCLEMENTEMARTI/Downloads/sistema hotel/vendor/laravel/framework/src/Illuminate/Pipeline/Pipeline.php(219): Illuminate/Routing/Middleware/SubstituteBindings->handle(Object(Illuminate/Http/Request), Object(Closure))
#34 C:/Users/EMANUELCLEMENTEMARTI/Downloads/sistema hotel/vendor/laravel/framework/src/Illuminate/Foundation/Http/Middleware/VerifyCsrfToken.php(87): Illuminate/Pipeline/Pipeline->{closure:{closure:Illuminate/Pipeline/Pipeline::carry():194}:195}(Object(Illuminate/Http/Request))
#35 C:/Users/EMANUELCLEMENTEMARTI/Downloads/sistema hotel/vendor/laravel/framework/src/Illuminate/Pipeline/Pipeline.php(219): Illuminate/Foundation/Http/Middleware/VerifyCsrfToken->handle(Object(Illuminate/Http/Request), Object(Closure))
#36 C:/Users/EMANUELCLEMENTEMARTI/Downloads/sistema hotel/vendor/laravel/framework/src/Illuminate/View/Middleware/ShareErrorsFromSession.php(48): Illuminate/Pipeline/Pipeline->{closure:{closure:Illuminate/Pipeline/Pipeline::carry():194}:195}(Object(Illuminate/Http/Request))
#37 C:/Users/EMANUELCLEMENTEMARTI/Downloads/sistema hotel/vendor/laravel/framework/src/Illuminate/Pipeline/Pipeline.php(219): Illuminate/View/Middleware/ShareErrorsFromSession->handle(Object(Illuminate/Http/Request), Object(Closure))
#38 C:/Users/EMANUELCLEMENTEMARTI/Downloads/sistema hotel/vendor/laravel/framework/src/Illuminate/Session/Middleware/StartSession.php(120): Illuminate/Pipeline/Pipeline->{closure:{closure:Illuminate/Pipeline/Pipeline::carry():194}:195}(Object(Illuminate/Http/Request))
#39 C:/Users/EMANUELCLEMENTEMARTI/Downloads/sistema hotel/vendor/laravel/framework/src/Illuminate/Session/Middleware/StartSession.php(63): Illuminate/Session/Middleware/StartSession->handleStatefulRequest(Object(Illuminate/Http/Request), Object(Illuminate/Session/Store), Object(Closure))
#40 C:/Users/EMANUELCLEMENTEMARTI/Downloads/sistema hotel/vendor/laravel/framework/src/Illuminate/Pipeline/Pipeline.php(219): Illuminate/Session/Middleware/StartSession->handle(Object(Illuminate/Http/Request), Object(Closure))
#41 C:/Users/EMANUELCLEMENTEMARTI/Downloads/sistema hotel/vendor/laravel/framework/src/Illuminate/Cookie/Middleware/AddQueuedCookiesToResponse.php(36): Illuminate/Pipeline/Pipeline->{closure:{closure:Illuminate/Pipeline/Pipeline::carry():194}:195}(Object(Illuminate/Http/Request))
#42 C:/Users/EMANUELCLEMENTEMARTI/Downloads/sistema hotel/vendor/laravel/framework/src/Illuminate/Pipeline/Pipeline.php(219): Illuminate/Cookie/Middleware/AddQueuedCookiesToResponse->handle(Object(Illuminate/Http/Request), Object(Closure))
#43 C:/Users/EMANUELCLEMENTEMARTI/Downloads/sistema hotel/vendor/laravel/framework/src/Illuminate/Cookie/Middleware/EncryptCookies.php(74): Illuminate/Pipeline/Pipeline->{closure:{closure:Illuminate/Pipeline/Pipeline::carry():194}:195}(Object(Illuminate/Http/Request))
#44 C:/Users/EMANUELCLEMENTEMARTI/Downloads/sistema hotel/vendor/laravel/framework/src/Illuminate/Pipeline/Pipeline.php(219): Illuminate/Cookie/Middleware/EncryptCookies->handle(Object(Illuminate/Http/Request), Object(Closure))
#45 C:/Users/EMANUELCLEMENTEMARTI/Downloads/sistema hotel/vendor/laravel/framework/src/Illuminate/Pipeline/Pipeline.php(137): Illuminate/Pipeline/Pipeline->{closure:{closure:Illuminate/Pipeline/Pipeline::carry():194}:195}(Object(Illuminate/Http/Request))
#46 C:/Users/EMANUELCLEMENTEMARTI/Downloads/sistema hotel/vendor/laravel/framework/src/Illuminate/Routing/Router.php(821): Illuminate/Pipeline/Pipeline->then(Object(Closure))
#47 C:/Users/EMANUELCLEMENTEMARTI/Downloads/sistema hotel/vendor/laravel/framework/src/Illuminate/Routing/Router.php(800): Illuminate/Routing/Router->runRouteWithinStack(Object(Illuminate/Routing/Route), Object(Illuminate/Http/Request))
#48 C:/Users/EMANUELCLEMENTEMARTI/Downloads/sistema hotel/vendor/laravel/framework/src/Illuminate/Routing/Router.php(764): Illuminate/Routing/Router->runRoute(Object(Illuminate/Http/Request), Object(Illuminate/Routing/Route))
#49 C:/Users/EMANUELCLEMENTEMARTI/Downloads/sistema hotel/vendor/laravel/framework/src/Illuminate/Routing/Router.php(753): Illuminate/Routing/Router->dispatchToRoute(Object(Illuminate/Http/Request))
#50 C:/Users/EMANUELCLEMENTEMARTI/Downloads/sistema hotel/vendor/laravel/framework/src/Illuminate/Foundation/Http/Kernel.php(200): Illuminate/Routing/Router->dispatch(Object(Illuminate/Http/Request))
#51 C:/Users/EMANUELCLEMENTEMARTI/Downloads/sistema hotel/vendor/laravel/framework/src/Illuminate/Pipeline/Pipeline.php(180): Illuminate/Foundation/Http/Kernel->{closure:Illuminate/Foundation/Http/Kernel::dispatchToRouter():197}(Object(Illuminate/Http/Request))
#52 C:/Users/EMANUELCLEMENTEMARTI/Downloads/sistema hotel/vendor/livewire/livewire/src/Features/SupportDisablingBackButtonCache/DisableBackButtonCacheMiddleware.php(19): Illuminate/Pipeline/Pipeline->{closure:Illuminate/Pipeline/Pipeline::prepareDestination():178}(Object(Illuminate/Http/Request))
#53 C:/Users/EMANUELCLEMENTEMARTI/Downloads/sistema hotel/vendor/laravel/framework/src/Illuminate/Pipeline/Pipeline.php(219): Livewire/Features/SupportDisablingBackButtonCache/DisableBackButtonCacheMiddleware->handle(Object(Illuminate/Http/Request), Object(Closure))
#54 C:/Users/EMANUELCLEMENTEMARTI/Downloads/sistema hotel/vendor/laravel/framework/src/Illuminate/Foundation/Http/Middleware/ConvertEmptyStringsToNull.php(27): Illuminate/Pipeline/Pipeline->{closure:{closure:Illuminate/Pipeline/Pipeline::carry():194}:195}(Object(Illuminate/Http/Request))
#55 C:/Users/EMANUELCLEMENTEMARTI/Downloads/sistema hotel/vendor/laravel/framework/src/Illuminate/Pipeline/Pipeline.php(219): Illuminate/Foundation/Http/Middleware/ConvertEmptyStringsToNull->handle(Object(Illuminate/Http/Request), Object(Closure))
#56 C:/Users/EMANUELCLEMENTEMARTI/Downloads/sistema hotel/vendor/laravel/framework/src/Illuminate/Foundation/Http/Middleware/TrimStrings.php(47): Illuminate/Pipeline/Pipeline->{closure:{closure:Illuminate/Pipeline/Pipeline::carry():194}:195}(Object(Illuminate/Http/Request))
#57 C:/Users/EMANUELCLEMENTEMARTI/Downloads/sistema hotel/vendor/laravel/framework/src/Illuminate/Pipeline/Pipeline.php(219): Illuminate/Foundation/Http/Middleware/TrimStrings->handle(Object(Illuminate/Http/Request), Object(Closure))
#58 C:/Users/EMANUELCLEMENTEMARTI/Downloads/sistema hotel/vendor/laravel/framework/src/Illuminate/Http/Middleware/ValidatePostSize.php(27): Illuminate/Pipeline/Pipeline->{closure:{closure:Illuminate/Pipeline/Pipeline::carry():194}:195}(Object(Illuminate/Http/Request))
#59 C:/Users/EMANUELCLEMENTEMARTI/Downloads/sistema hotel/vendor/laravel/framework/src/Illuminate/Pipeline/Pipeline.php(219): Illuminate/Http/Middleware/ValidatePostSize->handle(Object(Illuminate/Http/Request), Object(Closure))
#60 C:/Users/EMANUELCLEMENTEMARTI/Downloads/sistema hotel/vendor/laravel/framework/src/Illuminate/Foundation/Http/Middleware/PreventRequestsDuringMaintenance.php(109): Illuminate/Pipeline/Pipeline->{closure:{closure:Illuminate/Pipeline/Pipeline::carry():194}:195}(Object(Illuminate/Http/Request))
#61 C:/Users/EMANUELCLEMENTEMARTI/Downloads/sistema hotel/vendor/laravel/framework/src/Illuminate/Pipeline/Pipeline.php(219): Illuminate/Foundation/Http/Middleware/PreventRequestsDuringMaintenance->handle(Object(Illuminate/Http/Request), Object(Closure))
#62 C:/Users/EMANUELCLEMENTEMARTI/Downloads/sistema hotel/vendor/laravel/framework/src/Illuminate/Http/Middleware/HandleCors.php(61): Illuminate/Pipeline/Pipeline->{closure:{closure:Illuminate/Pipeline/Pipeline::carry():194}:195}(Object(Illuminate/Http/Request))
#63 C:/Users/EMANUELCLEMENTEMARTI/Downloads/sistema hotel/vendor/laravel/framework/src/Illuminate/Pipeline/Pipeline.php(219): Illuminate/Http/Middleware/HandleCors->handle(Object(Illuminate/Http/Request), Object(Closure))
#64 C:/Users/EMANUELCLEMENTEMARTI/Downloads/sistema hotel/vendor/laravel/framework/src/Illuminate/Http/Middleware/TrustProxies.php(58): Illuminate/Pipeline/Pipeline->{closure:{closure:Illuminate/Pipeline/Pipeline::carry():194}:195}(Object(Illuminate/Http/Request))
#65 C:/Users/EMANUELCLEMENTEMARTI/Downloads/sistema hotel/vendor/laravel/framework/src/Illuminate/Pipeline/Pipeline.php(219): Illuminate/Http/Middleware/TrustProxies->handle(Object(Illuminate/Http/Request), Object(Closure))
#66 C:/Users/EMANUELCLEMENTEMARTI/Downloads/sistema hotel/vendor/laravel/framework/src/Illuminate/Foundation/Http/Middleware/InvokeDeferredCallbacks.php(22): Illuminate/Pipeline/Pipeline->{closure:{closure:Illuminate/Pipeline/Pipeline::carry():194}:195}(Object(Illuminate/Http/Request))
#67 C:/Users/EMANUELCLEMENTEMARTI/Downloads/sistema hotel/vendor/laravel/framework/src/Illuminate/Pipeline/Pipeline.php(219): Illuminate/Foundation/Http/Middleware/InvokeDeferredCallbacks->handle(Object(Illuminate/Http/Request), Object(Closure))
#68 C:/Users/EMANUELCLEMENTEMARTI/Downloads/sistema hotel/vendor/laravel/framework/src/Illuminate/Http/Middleware/ValidatePathEncoding.php(26): Illuminate/Pipeline/Pipeline->{closure:{closure:Illuminate/Pipeline/Pipeline::carry():194}:195}(Object(Illuminate/Http/Request))
#69 C:/Users/EMANUELCLEMENTEMARTI/Downloads/sistema hotel/vendor/laravel/framework/src/Illuminate/Pipeline/Pipeline.php(219): Illuminate/Http/Middleware/ValidatePathEncoding->handle(Object(Illuminate/Http/Request), Object(Closure))
#70 C:/Users/EMANUELCLEMENTEMARTI/Downloads/sistema hotel/vendor/laravel/framework/src/Illuminate/Pipeline/Pipeline.php(137): Illuminate/Pipeline/Pipeline->{closure:{closure:Illuminate/Pipeline/Pipeline::carry():194}:195}(Object(Illuminate/Http/Request))
#71 C:/Users/EMANUELCLEMENTEMARTI/Downloads/sistema hotel/vendor/laravel/framework/src/Illuminate/Foundation/Http/Kernel.php(175): Illuminate/Pipeline/Pipeline->then(Object(Closure))
#72 C:/Users/EMANUELCLEMENTEMARTI/Downloads/sistema hotel/vendor/laravel/framework/src/Illuminate/Foundation/Http/Kernel.php(144): Illuminate/Foundation/Http/Kernel->sendRequestThroughRouter(Object(Illuminate/Http/Request))
#73 C:/Users/EMANUELCLEMENTEMARTI/Downloads/sistema hotel/vendor/laravel/framework/src/Illuminate/Foundation/Application.php(1220): Illuminate/Foundation/Http/Kernel->handle(Object(Illuminate/Http/Request))
#74 C:/Users/EMANUELCLEMENTEMARTI/Downloads/sistema hotel/public/index.php(17): Illuminate/Foundation/Application->handleRequest(Object(Illuminate/Http/Request))
#75 C:/Users/EMANUELCLEMENTEMARTI/Downloads/sistema hotel/vendor/laravel/framework/src/Illuminate/Foundation/resources/server.php(23): require_once('C://Users//EMANUE...')
#76 {main}
"} 
[2026-03-31 18:04:03] laravel.WARNING: League\Flysystem\AwsS3V3\AwsS3V3Adapter::mapS3ObjectMetadata(): Implicitly marking parameter $path as nullable is deprecated, the explicit nullable type must be used instead in C:\Users\EMANUELCLEMENTEMARTI\Downloads\sistema hotel\vendor\league\flysystem-aws-s3-v3\AwsS3V3Adapter.php on line 295  
[2026-03-31 18:04:08] laravel.EMERGENCY: Unable to create configured logger. Using emergency logger. {"exception":"[object] (InvalidArgumentException(code: 0): Driver [null] is not supported. at C:/Users/EMANUELCLEMENTEMARTI/Downloads/sistema hotel/vendor/laravel/framework/src/Illuminate/Log/LogManager.php:235)
[stacktrace]
#0 C:/Users/EMANUELCLEMENTEMARTI/Downloads/sistema hotel/vendor/laravel/framework/src/Illuminate/Log/LogManager.php(138): Illuminate/Log/LogManager->resolve('deprecations', Array)
#1 C:/Users/EMANUELCLEMENTEMARTI/Downloads/sistema hotel/vendor/laravel/framework/src/Illuminate/Log/LogManager.php(125): Illuminate/Log/LogManager->get('deprecations')
#2 C:/Users/EMANUELCLEMENTEMARTI/Downloads/sistema hotel/vendor/laravel/framework/src/Illuminate/Log/LogManager.php(114): Illuminate/Log/LogManager->driver('deprecations')
#3 C:/Users/EMANUELCLEMENTEMARTI/Downloads/sistema hotel/vendor/laravel/framework/src/Illuminate/Foundation/Bootstrap/HandleExceptions.php(105): Illuminate/Log/LogManager->channel('deprecations')
#4 C:/Users/EMANUELCLEMENTEMARTI/Downloads/sistema hotel/vendor/laravel/framework/src/Illuminate/Foundation/Bootstrap/HandleExceptions.php(74): Illuminate/Foundation/Bootstrap/HandleExceptions->handleDeprecationError('League//Flysyste...', 'C://Users//EMANUE...', 108, 8192)
#5 C:/Users/EMANUELCLEMENTEMARTI/Downloads/sistema hotel/vendor/laravel/framework/src/Illuminate/Foundation/Bootstrap/HandleExceptions.php(258): Illuminate/Foundation/Bootstrap/HandleExceptions->handleError(8192, 'League//Flysyste...', 'C://Users//EMANUE...', 108)
#6 C:/Users/EMANUELCLEMENTEMARTI/Downloads/sistema hotel/vendor/composer/ClassLoader.php(576): Illuminate/Foundation/Bootstrap/HandleExceptions->{closure:Illuminate/Foundation/Bootstrap/HandleExceptions::forwardsTo():257}(8192, 'League//Flysyste...', 'C://Users//EMANUE...', 108)
#7 C:/Users/EMANUELCLEMENTEMARTI/Downloads/sistema hotel/vendor/composer/ClassLoader.php(576): include('C://Users//EMANUE...')
#8 C:/Users/EMANUELCLEMENTEMARTI/Downloads/sistema hotel/vendor/composer/ClassLoader.php(427): {closure:Composer/Autoload/ClassLoader::initializeIncludeClosure():575}('C://Users//EMANUE...')
#9 C:/Users/EMANUELCLEMENTEMARTI/Downloads/sistema hotel/vendor/laravel/framework/src/Illuminate/Filesystem/FilesystemManager.php(257): Composer/Autoload/ClassLoader->loadClass('League//Flysyste...')
#10 C:/Users/EMANUELCLEMENTEMARTI/Downloads/sistema hotel/vendor/laravel/framework/src/Illuminate/Filesystem/FilesystemManager.php(153): Illuminate/Filesystem/FilesystemManager->createS3Driver(Array, 'supabase')
#11 C:/Users/EMANUELCLEMENTEMARTI/Downloads/sistema hotel/vendor/laravel/framework/src/Illuminate/Filesystem/FilesystemManager.php(121): Illuminate/Filesystem/FilesystemManager->resolve('supabase')
#12 C:/Users/EMANUELCLEMENTEMARTI/Downloads/sistema hotel/vendor/laravel/framework/src/Illuminate/Filesystem/FilesystemManager.php(84): Illuminate/Filesystem/FilesystemManager->get('supabase')
#13 C:/Users/EMANUELCLEMENTEMARTI/Downloads/sistema hotel/vendor/laravel/framework/src/Illuminate/Support/Facades/Facade.php(363): Illuminate/Filesystem/FilesystemManager->disk('supabase')
#14 C:/Users/EMANUELCLEMENTEMARTI/Downloads/sistema hotel/vendor/livewire/livewire/src/Features/SupportFileUploads/TemporaryUploadedFile.php(20): Illuminate/Support/Facades/Facade::__callStatic('disk', Array)
#15 C:/Users/EMANUELCLEMENTEMARTI/Downloads/sistema hotel/vendor/livewire/livewire/src/Features/SupportFileUploads/TemporaryUploadedFile.php(200): Livewire/Features/SupportFileUploads/TemporaryUploadedFile->__construct('ByPwdZ1irUfX1me...', 'supabase')
#16 C:/Users/EMANUELCLEMENTEMARTI/Downloads/sistema hotel/vendor/livewire/livewire/src/Features/SupportFileUploads/WithFileUploads.php(49): Livewire/Features/SupportFileUploads/TemporaryUploadedFile::createFromLivewire('ByPwdZ1irUfX1me...')
#17 C:/Users/EMANUELCLEMENTEMARTI/Downloads/sistema hotel/vendor/laravel/framework/src/Illuminate/Container/BoundMethod.php(36): App/Livewire/ImageManager->_finishUpload('imagen', Array, false, false)
#18 C:/Users/EMANUELCLEMENTEMARTI/Downloads/sistema hotel/vendor/laravel/framework/src/Illuminate/Container/Util.php(43): Illuminate/Container/BoundMethod::{closure:Illuminate/Container/BoundMethod::call():35}()
#19 C:/Users/EMANUELCLEMENTEMARTI/Downloads/sistema hotel/vendor/laravel/framework/src/Illuminate/Container/BoundMethod.php(96): Illuminate/Container/Util::unwrapIfClosure(Object(Closure))
#20 C:/Users/EMANUELCLEMENTEMARTI/Downloads/sistema hotel/vendor/laravel/framework/src/Illuminate/Container/BoundMethod.php(35): Illuminate/Container/BoundMethod::callBoundMethod(Object(Illuminate/Foundation/Application), Array, Object(Closure))
#21 C:/Users/EMANUELCLEMENTEMARTI/Downloads/sistema hotel/vendor/livewire/livewire/src/Wrapped.php(23): Illuminate/Container/BoundMethod::call(Object(Illuminate/Foundation/Application), Array, Array)
#22 C:/Users/EMANUELCLEMENTEMARTI/Downloads/sistema hotel/vendor/livewire/livewire/src/Mechanisms/HandleComponents/HandleComponents.php(492): Livewire/Wrapped->__call('_finishUpload', Array)
#23 C:/Users/EMANUELCLEMENTEMARTI/Downloads/sistema hotel/vendor/livewire/livewire/src/Mechanisms/HandleComponents/HandleComponents.php(101): Livewire/Mechanisms/HandleComponents/HandleComponents->callMethods(Object(App/Livewire/ImageManager), Array, Object(Livewire/Mechanisms/HandleComponents/ComponentContext))
#24 C:/Users/EMANUELCLEMENTEMARTI/Downloads/sistema hotel/vendor/livewire/livewire/src/LivewireManager.php(102): Livewire/Mechanisms/HandleComponents/HandleComponents->update(Array, Array, Array)
#25 C:/Users/EMANUELCLEMENTEMARTI/Downloads/sistema hotel/vendor/livewire/livewire/src/Mechanisms/HandleRequests/HandleRequests.php(131): Livewire/LivewireManager->update(Array, Array, Array)
#26 C:/Users/EMANUELCLEMENTEMARTI/Downloads/sistema hotel/vendor/laravel/framework/src/Illuminate/Routing/ControllerDispatcher.php(46): Livewire/Mechanisms/HandleRequests/HandleRequests->handleUpdate()
#27 C:/Users/EMANUELCLEMENTEMARTI/Downloads/sistema hotel/vendor/laravel/framework/src/Illuminate/Routing/Route.php(265): Illuminate/Routing/ControllerDispatcher->dispatch(Object(Illuminate/Routing/Route), Object(Livewire/Mechanisms/HandleRequests/HandleRequests), 'handleUpdate')
#28 C:/Users/EMANUELCLEMENTEMARTI/Downloads/sistema hotel/vendor/laravel/framework/src/Illuminate/Routing/Route.php(211): Illuminate/Routing/Route->runController()
#29 C:/Users/EMANUELCLEMENTEMARTI/Downloads/sistema hotel/vendor/laravel/framework/src/Illuminate/Routing/Router.php(822): Illuminate/Routing/Route->run()
#30 C:/Users/EMANUELCLEMENTEMARTI/Downloads/sistema hotel/vendor/laravel/framework/src/Illuminate/Pipeline/Pipeline.php(180): Illuminate/Routing/Router->{closure:Illuminate/Routing/Router::runRouteWithinStack():821}(Object(Illuminate/Http/Request))
#31 C:/Users/EMANUELCLEMENTEMARTI/Downloads/sistema hotel/vendor/laravel/framework/src/Illuminate/Routing/Middleware/SubstituteBindings.php(50): Illuminate/Pipeline/Pipeline->{closure:Illuminate/Pipeline/Pipeline::prepareDestination():178}(Object(Illuminate/Http/Request))
#32 C:/Users/EMANUELCLEMENTEMARTI/Downloads/sistema hotel/vendor/laravel/framework/src/Illuminate/Pipeline/Pipeline.php(219): Illuminate/Routing/Middleware/SubstituteBindings->handle(Object(Illuminate/Http/Request), Object(Closure))
#33 C:/Users/EMANUELCLEMENTEMARTI/Downloads/sistema hotel/vendor/laravel/framework/src/Illuminate/Foundation/Http/Middleware/VerifyCsrfToken.php(87): Illuminate/Pipeline/Pipeline->{closure:{closure:Illuminate/Pipeline/Pipeline::carry():194}:195}(Object(Illuminate/Http/Request))
#34 C:/Users/EMANUELCLEMENTEMARTI/Downloads/sistema hotel/vendor/laravel/framework/src/Illuminate/Pipeline/Pipeline.php(219): Illuminate/Foundation/Http/Middleware/VerifyCsrfToken->handle(Object(Illuminate/Http/Request), Object(Closure))
#35 C:/Users/EMANUELCLEMENTEMARTI/Downloads/sistema hotel/vendor/laravel/framework/src/Illuminate/View/Middleware/ShareErrorsFromSession.php(48): Illuminate/Pipeline/Pipeline->{closure:{closure:Illuminate/Pipeline/Pipeline::carry():194}:195}(Object(Illuminate/Http/Request))
#36 C:/Users/EMANUELCLEMENTEMARTI/Downloads/sistema hotel/vendor/laravel/framework/src/Illuminate/Pipeline/Pipeline.php(219): Illuminate/View/Middleware/ShareErrorsFromSession->handle(Object(Illuminate/Http/Request), Object(Closure))
#37 C:/Users/EMANUELCLEMENTEMARTI/Downloads/sistema hotel/vendor/laravel/framework/src/Illuminate/Session/Middleware/StartSession.php(120): Illuminate/Pipeline/Pipeline->{closure:{closure:Illuminate/Pipeline/Pipeline::carry():194}:195}(Object(Illuminate/Http/Request))
#38 C:/Users/EMANUELCLEMENTEMARTI/Downloads/sistema hotel/vendor/laravel/framework/src/Illuminate/Session/Middleware/StartSession.php(63): Illuminate/Session/Middleware/StartSession->handleStatefulRequest(Object(Illuminate/Http/Request), Object(Illuminate/Session/Store), Object(Closure))
#39 C:/Users/EMANUELCLEMENTEMARTI/Downloads/sistema hotel/vendor/laravel/framework/src/Illuminate/Pipeline/Pipeline.php(219): Illuminate/Session/Middleware/StartSession->handle(Object(Illuminate/Http/Request), Object(Closure))
#40 C:/Users/EMANUELCLEMENTEMARTI/Downloads/sistema hotel/vendor/laravel/framework/src/Illuminate/Cookie/Middleware/AddQueuedCookiesToResponse.php(36): Illuminate/Pipeline/Pipeline->{closure:{closure:Illuminate/Pipeline/Pipeline::carry():194}:195}(Object(Illuminate/Http/Request))
#41 C:/Users/EMANUELCLEMENTEMARTI/Downloads/sistema hotel/vendor/laravel/framework/src/Illuminate/Pipeline/Pipeline.php(219): Illuminate/Cookie/Middleware/AddQueuedCookiesToResponse->handle(Object(Illuminate/Http/Request), Object(Closure))
#42 C:/Users/EMANUELCLEMENTEMARTI/Downloads/sistema hotel/vendor/laravel/framework/src/Illuminate/Cookie/Middleware/EncryptCookies.php(74): Illuminate/Pipeline/Pipeline->{closure:{closure:Illuminate/Pipeline/Pipeline::carry():194}:195}(Object(Illuminate/Http/Request))
#43 C:/Users/EMANUELCLEMENTEMARTI/Downloads/sistema hotel/vendor/laravel/framework/src/Illuminate/Pipeline/Pipeline.php(219): Illuminate/Cookie/Middleware/EncryptCookies->handle(Object(Illuminate/Http/Request), Object(Closure))
#44 C:/Users/EMANUELCLEMENTEMARTI/Downloads/sistema hotel/vendor/laravel/framework/src/Illuminate/Pipeline/Pipeline.php(137): Illuminate/Pipeline/Pipeline->{closure:{closure:Illuminate/Pipeline/Pipeline::carry():194}:195}(Object(Illuminate/Http/Request))
#45 C:/Users/EMANUELCLEMENTEMARTI/Downloads/sistema hotel/vendor/laravel/framework/src/Illuminate/Routing/Router.php(821): Illuminate/Pipeline/Pipeline->then(Object(Closure))
#46 C:/Users/EMANUELCLEMENTEMARTI/Downloads/sistema hotel/vendor/laravel/framework/src/Illuminate/Routing/Router.php(800): Illuminate/Routing/Router->runRouteWithinStack(Object(Illuminate/Routing/Route), Object(Illuminate/Http/Request))
#47 C:/Users/EMANUELCLEMENTEMARTI/Downloads/sistema hotel/vendor/laravel/framework/src/Illuminate/Routing/Router.php(764): Illuminate/Routing/Router->runRoute(Object(Illuminate/Http/Request), Object(Illuminate/Routing/Route))
#48 C:/Users/EMANUELCLEMENTEMARTI/Downloads/sistema hotel/vendor/laravel/framework/src/Illuminate/Routing/Router.php(753): Illuminate/Routing/Router->dispatchToRoute(Object(Illuminate/Http/Request))
#49 C:/Users/EMANUELCLEMENTEMARTI/Downloads/sistema hotel/vendor/laravel/framework/src/Illuminate/Foundation/Http/Kernel.php(200): Illuminate/Routing/Router->dispatch(Object(Illuminate/Http/Request))
#50 C:/Users/EMANUELCLEMENTEMARTI/Downloads/sistema hotel/vendor/laravel/framework/src/Illuminate/Pipeline/Pipeline.php(180): Illuminate/Foundation/Http/Kernel->{closure:Illuminate/Foundation/Http/Kernel::dispatchToRouter():197}(Object(Illuminate/Http/Request))
#51 C:/Users/EMANUELCLEMENTEMARTI/Downloads/sistema hotel/vendor/livewire/livewire/src/Features/SupportDisablingBackButtonCache/DisableBackButtonCacheMiddleware.php(19): Illuminate/Pipeline/Pipeline->{closure:Illuminate/Pipeline/Pipeline::prepareDestination():178}(Object(Illuminate/Http/Request))
#52 C:/Users/EMANUELCLEMENTEMARTI/Downloads/sistema hotel/vendor/laravel/framework/src/Illuminate/Pipeline/Pipeline.php(219): Livewire/Features/SupportDisablingBackButtonCache/DisableBackButtonCacheMiddleware->handle(Object(Illuminate/Http/Request), Object(Closure))
#53 C:/Users/EMANUELCLEMENTEMARTI/Downloads/sistema hotel/vendor/laravel/framework/src/Illuminate/Foundation/Http/Middleware/ConvertEmptyStringsToNull.php(27): Illuminate/Pipeline/Pipeline->{closure:{closure:Illuminate/Pipeline/Pipeline::carry():194}:195}(Object(Illuminate/Http/Request))
#54 C:/Users/EMANUELCLEMENTEMARTI/Downloads/sistema hotel/vendor/laravel/framework/src/Illuminate/Pipeline/Pipeline.php(219): Illuminate/Foundation/Http/Middleware/ConvertEmptyStringsToNull->handle(Object(Illuminate/Http/Request), Object(Closure))
#55 C:/Users/EMANUELCLEMENTEMARTI/Downloads/sistema hotel/vendor/laravel/framework/src/Illuminate/Foundation/Http/Middleware/TrimStrings.php(47): Illuminate/Pipeline/Pipeline->{closure:{closure:Illuminate/Pipeline/Pipeline::carry():194}:195}(Object(Illuminate/Http/Request))
#56 C:/Users/EMANUELCLEMENTEMARTI/Downloads/sistema hotel/vendor/laravel/framework/src/Illuminate/Pipeline/Pipeline.php(219): Illuminate/Foundation/Http/Middleware/TrimStrings->handle(Object(Illuminate/Http/Request), Object(Closure))
#57 C:/Users/EMANUELCLEMENTEMARTI/Downloads/sistema hotel/vendor/laravel/framework/src/Illuminate/Http/Middleware/ValidatePostSize.php(27): Illuminate/Pipeline/Pipeline->{closure:{closure:Illuminate/Pipeline/Pipeline::carry():194}:195}(Object(Illuminate/Http/Request))
#58 C:/Users/EMANUELCLEMENTEMARTI/Downloads/sistema hotel/vendor/laravel/framework/src/Illuminate/Pipeline/Pipeline.php(219): Illuminate/Http/Middleware/ValidatePostSize->handle(Object(Illuminate/Http/Request), Object(Closure))
#59 C:/Users/EMANUELCLEMENTEMARTI/Downloads/sistema hotel/vendor/laravel/framework/src/Illuminate/Foundation/Http/Middleware/PreventRequestsDuringMaintenance.php(109): Illuminate/Pipeline/Pipeline->{closure:{closure:Illuminate/Pipeline/Pipeline::carry():194}:195}(Object(Illuminate/Http/Request))
#60 C:/Users/EMANUELCLEMENTEMARTI/Downloads/sistema hotel/vendor/laravel/framework/src/Illuminate/Pipeline/Pipeline.php(219): Illuminate/Foundation/Http/Middleware/PreventRequestsDuringMaintenance->handle(Object(Illuminate/Http/Request), Object(Closure))
#61 C:/Users/EMANUELCLEMENTEMARTI/Downloads/sistema hotel/vendor/laravel/framework/src/Illuminate/Http/Middleware/HandleCors.php(61): Illuminate/Pipeline/Pipeline->{closure:{closure:Illuminate/Pipeline/Pipeline::carry():194}:195}(Object(Illuminate/Http/Request))
#62 C:/Users/EMANUELCLEMENTEMARTI/Downloads/sistema hotel/vendor/laravel/framework/src/Illuminate/Pipeline/Pipeline.php(219): Illuminate/Http/Middleware/HandleCors->handle(Object(Illuminate/Http/Request), Object(Closure))
#63 C:/Users/EMANUELCLEMENTEMARTI/Downloads/sistema hotel/vendor/laravel/framework/src/Illuminate/Http/Middleware/TrustProxies.php(58): Illuminate/Pipeline/Pipeline->{closure:{closure:Illuminate/Pipeline/Pipeline::carry():194}:195}(Object(Illuminate/Http/Request))
#64 C:/Users/EMANUELCLEMENTEMARTI/Downloads/sistema hotel/vendor/laravel/framework/src/Illuminate/Pipeline/Pipeline.php(219): Illuminate/Http/Middleware/TrustProxies->handle(Object(Illuminate/Http/Request), Object(Closure))
#65 C:/Users/EMANUELCLEMENTEMARTI/Downloads/sistema hotel/vendor/laravel/framework/src/Illuminate/Foundation/Http/Middleware/InvokeDeferredCallbacks.php(22): Illuminate/Pipeline/Pipeline->{closure:{closure:Illuminate/Pipeline/Pipeline::carry():194}:195}(Object(Illuminate/Http/Request))
#66 C:/Users/EMANUELCLEMENTEMARTI/Downloads/sistema hotel/vendor/laravel/framework/src/Illuminate/Pipeline/Pipeline.php(219): Illuminate/Foundation/Http/Middleware/InvokeDeferredCallbacks->handle(Object(Illuminate/Http/Request), Object(Closure))
#67 C:/Users/EMANUELCLEMENTEMARTI/Downloads/sistema hotel/vendor/laravel/framework/src/Illuminate/Http/Middleware/ValidatePathEncoding.php(26): Illuminate/Pipeline/Pipeline->{closure:{closure:Illuminate/Pipeline/Pipeline::carry():194}:195}(Object(Illuminate/Http/Request))
#68 C:/Users/EMANUELCLEMENTEMARTI/Downloads/sistema hotel/vendor/laravel/framework/src/Illuminate/Pipeline/Pipeline.php(219): Illuminate/Http/Middleware/ValidatePathEncoding->handle(Object(Illuminate/Http/Request), Object(Closure))
#69 C:/Users/EMANUELCLEMENTEMARTI/Downloads/sistema hotel/vendor/laravel/framework/src/Illuminate/Pipeline/Pipeline.php(137): Illuminate/Pipeline/Pipeline->{closure:{closure:Illuminate/Pipeline/Pipeline::carry():194}:195}(Object(Illuminate/Http/Request))
#70 C:/Users/EMANUELCLEMENTEMARTI/Downloads/sistema hotel/vendor/laravel/framework/src/Illuminate/Foundation/Http/Kernel.php(175): Illuminate/Pipeline/Pipeline->then(Object(Closure))
#71 C:/Users/EMANUELCLEMENTEMARTI/Downloads/sistema hotel/vendor/laravel/framework/src/Illuminate/Foundation/Http/Kernel.php(144): Illuminate/Foundation/Http/Kernel->sendRequestThroughRouter(Object(Illuminate/Http/Request))
#72 C:/Users/EMANUELCLEMENTEMARTI/Downloads/sistema hotel/vendor/laravel/framework/src/Illuminate/Foundation/Application.php(1220): Illuminate/Foundation/Http/Kernel->handle(Object(Illuminate/Http/Request))
#73 C:/Users/EMANUELCLEMENTEMARTI/Downloads/sistema hotel/public/index.php(17): Illuminate/Foundation/Application->handleRequest(Object(Illuminate/Http/Request))
#74 C:/Users/EMANUELCLEMENTEMARTI/Downloads/sistema hotel/vendor/laravel/framework/src/Illuminate/Foundation/resources/server.php(23): require_once('C://Users//EMANUE...')
#75 {main}
"} 
[2026-03-31 18:04:08] laravel.WARNING: League\Flysystem\AwsS3V3\AwsS3V3Adapter::__construct(): Implicitly marking parameter $visibility as nullable is deprecated, the explicit nullable type must be used instead in C:\Users\EMANUELCLEMENTEMARTI\Downloads\sistema hotel\vendor\league\flysystem-aws-s3-v3\AwsS3V3Adapter.php on line 108  
[2026-03-31 18:04:08] laravel.EMERGENCY: Unable to create configured logger. Using emergency logger. {"exception":"[object] (InvalidArgumentException(code: 0): Driver [null] is not supported. at C:/Users/EMANUELCLEMENTEMARTI/Downloads/sistema hotel/vendor/laravel/framework/src/Illuminate/Log/LogManager.php:235)
[stacktrace]
#0 C:/Users/EMANUELCLEMENTEMARTI/Downloads/sistema hotel/vendor/laravel/framework/src/Illuminate/Log/LogManager.php(138): Illuminate/Log/LogManager->resolve('deprecations', Array)
#1 C:/Users/EMANUELCLEMENTEMARTI/Downloads/sistema hotel/vendor/laravel/framework/src/Illuminate/Log/LogManager.php(125): Illuminate/Log/LogManager->get('deprecations')
#2 C:/Users/EMANUELCLEMENTEMARTI/Downloads/sistema hotel/vendor/laravel/framework/src/Illuminate/Log/LogManager.php(114): Illuminate/Log/LogManager->driver('deprecations')
#3 C:/Users/EMANUELCLEMENTEMARTI/Downloads/sistema hotel/vendor/laravel/framework/src/Illuminate/Foundation/Bootstrap/HandleExceptions.php(105): Illuminate/Log/LogManager->channel('deprecations')
#4 C:/Users/EMANUELCLEMENTEMARTI/Downloads/sistema hotel/vendor/laravel/framework/src/Illuminate/Foundation/Bootstrap/HandleExceptions.php(74): Illuminate/Foundation/Bootstrap/HandleExceptions->handleDeprecationError('League//Flysyste...', 'C://Users//EMANUE...', 0, 8192)
#5 C:/Users/EMANUELCLEMENTEMARTI/Downloads/sistema hotel/vendor/laravel/framework/src/Illuminate/Foundation/Bootstrap/HandleExceptions.php(258): Illuminate/Foundation/Bootstrap/HandleExceptions->handleError(8192, 'League//Flysyste...', 'C://Users//EMANUE...', 0)
#6 C:/Users/EMANUELCLEMENTEMARTI/Downloads/sistema hotel/vendor/composer/ClassLoader.php(576): Illuminate/Foundation/Bootstrap/HandleExceptions->{closure:Illuminate/Foundation/Bootstrap/HandleExceptions::forwardsTo():257}(8192, 'League//Flysyste...', 'C://Users//EMANUE...', 0)
#7 C:/Users/EMANUELCLEMENTEMARTI/Downloads/sistema hotel/vendor/composer/ClassLoader.php(576): include('C://Users//EMANUE...')
#8 C:/Users/EMANUELCLEMENTEMARTI/Downloads/sistema hotel/vendor/composer/ClassLoader.php(427): {closure:Composer/Autoload/ClassLoader::initializeIncludeClosure():575}('C://Users//EMANUE...')
#9 C:/Users/EMANUELCLEMENTEMARTI/Downloads/sistema hotel/vendor/laravel/framework/src/Illuminate/Filesystem/FilesystemManager.php(257): Composer/Autoload/ClassLoader->loadClass('League//Flysyste...')
#10 C:/Users/EMANUELCLEMENTEMARTI/Downloads/sistema hotel/vendor/laravel/framework/src/Illuminate/Filesystem/FilesystemManager.php(153): Illuminate/Filesystem/FilesystemManager->createS3Driver(Array, 'supabase')
#11 C:/Users/EMANUELCLEMENTEMARTI/Downloads/sistema hotel/vendor/laravel/framework/src/Illuminate/Filesystem/FilesystemManager.php(121): Illuminate/Filesystem/FilesystemManager->resolve('supabase')
#12 C:/Users/EMANUELCLEMENTEMARTI/Downloads/sistema hotel/vendor/laravel/framework/src/Illuminate/Filesystem/FilesystemManager.php(84): Illuminate/Filesystem/FilesystemManager->get('supabase')
#13 C:/Users/EMANUELCLEMENTEMARTI/Downloads/sistema hotel/vendor/laravel/framework/src/Illuminate/Support/Facades/Facade.php(363): Illuminate/Filesystem/FilesystemManager->disk('supabase')
#14 C:/Users/EMANUELCLEMENTEMARTI/Downloads/sistema hotel/vendor/livewire/livewire/src/Features/SupportFileUploads/TemporaryUploadedFile.php(20): Illuminate/Support/Facades/Facade::__callStatic('disk', Array)
#15 C:/Users/EMANUELCLEMENTEMARTI/Downloads/sistema hotel/vendor/livewire/livewire/src/Features/SupportFileUploads/TemporaryUploadedFile.php(200): Livewire/Features/SupportFileUploads/TemporaryUploadedFile->__construct('ByPwdZ1irUfX1me...', 'supabase')
#16 C:/Users/EMANUELCLEMENTEMARTI/Downloads/sistema hotel/vendor/livewire/livewire/src/Features/SupportFileUploads/WithFileUploads.php(49): Livewire/Features/SupportFileUploads/TemporaryUploadedFile::createFromLivewire('ByPwdZ1irUfX1me...')
#17 C:/Users/EMANUELCLEMENTEMARTI/Downloads/sistema hotel/vendor/laravel/framework/src/Illuminate/Container/BoundMethod.php(36): App/Livewire/ImageManager->_finishUpload('imagen', Array, false, false)
#18 C:/Users/EMANUELCLEMENTEMARTI/Downloads/sistema hotel/vendor/laravel/framework/src/Illuminate/Container/Util.php(43): Illuminate/Container/BoundMethod::{closure:Illuminate/Container/BoundMethod::call():35}()
#19 C:/Users/EMANUELCLEMENTEMARTI/Downloads/sistema hotel/vendor/laravel/framework/src/Illuminate/Container/BoundMethod.php(96): Illuminate/Container/Util::unwrapIfClosure(Object(Closure))
#20 C:/Users/EMANUELCLEMENTEMARTI/Downloads/sistema hotel/vendor/laravel/framework/src/Illuminate/Container/BoundMethod.php(35): Illuminate/Container/BoundMethod::callBoundMethod(Object(Illuminate/Foundation/Application), Array, Object(Closure))
#21 C:/Users/EMANUELCLEMENTEMARTI/Downloads/sistema hotel/vendor/livewire/livewire/src/Wrapped.php(23): Illuminate/Container/BoundMethod::call(Object(Illuminate/Foundation/Application), Array, Array)
#22 C:/Users/EMANUELCLEMENTEMARTI/Downloads/sistema hotel/vendor/livewire/livewire/src/Mechanisms/HandleComponents/HandleComponents.php(492): Livewire/Wrapped->__call('_finishUpload', Array)
#23 C:/Users/EMANUELCLEMENTEMARTI/Downloads/sistema hotel/vendor/livewire/livewire/src/Mechanisms/HandleComponents/HandleComponents.php(101): Livewire/Mechanisms/HandleComponents/HandleComponents->callMethods(Object(App/Livewire/ImageManager), Array, Object(Livewire/Mechanisms/HandleComponents/ComponentContext))
#24 C:/Users/EMANUELCLEMENTEMARTI/Downloads/sistema hotel/vendor/livewire/livewire/src/LivewireManager.php(102): Livewire/Mechanisms/HandleComponents/HandleComponents->update(Array, Array, Array)
#25 C:/Users/EMANUELCLEMENTEMARTI/Downloads/sistema hotel/vendor/livewire/livewire/src/Mechanisms/HandleRequests/HandleRequests.php(131): Livewire/LivewireManager->update(Array, Array, Array)
#26 C:/Users/EMANUELCLEMENTEMARTI/Downloads/sistema hotel/vendor/laravel/framework/src/Illuminate/Routing/ControllerDispatcher.php(46): Livewire/Mechanisms/HandleRequests/HandleRequests->handleUpdate()
#27 C:/Users/EMANUELCLEMENTEMARTI/Downloads/sistema hotel/vendor/laravel/framework/src/Illuminate/Routing/Route.php(265): Illuminate/Routing/ControllerDispatcher->dispatch(Object(Illuminate/Routing/Route), Object(Livewire/Mechanisms/HandleRequests/HandleRequests), 'handleUpdate')
#28 C:/Users/EMANUELCLEMENTEMARTI/Downloads/sistema hotel/vendor/laravel/framework/src/Illuminate/Routing/Route.php(211): Illuminate/Routing/Route->runController()
#29 C:/Users/EMANUELCLEMENTEMARTI/Downloads/sistema hotel/vendor/laravel/framework/src/Illuminate/Routing/Router.php(822): Illuminate/Routing/Route->run()
#30 C:/Users/EMANUELCLEMENTEMARTI/Downloads/sistema hotel/vendor/laravel/framework/src/Illuminate/Pipeline/Pipeline.php(180): Illuminate/Routing/Router->{closure:Illuminate/Routing/Router::runRouteWithinStack():821}(Object(Illuminate/Http/Request))
#31 C:/Users/EMANUELCLEMENTEMARTI/Downloads/sistema hotel/vendor/laravel/framework/src/Illuminate/Routing/Middleware/SubstituteBindings.php(50): Illuminate/Pipeline/Pipeline->{closure:Illuminate/Pipeline/Pipeline::prepareDestination():178}(Object(Illuminate/Http/Request))
#32 C:/Users/EMANUELCLEMENTEMARTI/Downloads/sistema hotel/vendor/laravel/framework/src/Illuminate/Pipeline/Pipeline.php(219): Illuminate/Routing/Middleware/SubstituteBindings->handle(Object(Illuminate/Http/Request), Object(Closure))
#33 C:/Users/EMANUELCLEMENTEMARTI/Downloads/sistema hotel/vendor/laravel/framework/src/Illuminate/Foundation/Http/Middleware/VerifyCsrfToken.php(87): Illuminate/Pipeline/Pipeline->{closure:{closure:Illuminate/Pipeline/Pipeline::carry():194}:195}(Object(Illuminate/Http/Request))
#34 C:/Users/EMANUELCLEMENTEMARTI/Downloads/sistema hotel/vendor/laravel/framework/src/Illuminate/Pipeline/Pipeline.php(219): Illuminate/Foundation/Http/Middleware/VerifyCsrfToken->handle(Object(Illuminate/Http/Request), Object(Closure))
#35 C:/Users/EMANUELCLEMENTEMARTI/Downloads/sistema hotel/vendor/laravel/framework/src/Illuminate/View/Middleware/ShareErrorsFromSession.php(48): Illuminate/Pipeline/Pipeline->{closure:{closure:Illuminate/Pipeline/Pipeline::carry():194}:195}(Object(Illuminate/Http/Request))
#36 C:/Users/EMANUELCLEMENTEMARTI/Downloads/sistema hotel/vendor/laravel/framework/src/Illuminate/Pipeline/Pipeline.php(219): Illuminate/View/Middleware/ShareErrorsFromSession->handle(Object(Illuminate/Http/Request), Object(Closure))
#37 C:/Users/EMANUELCLEMENTEMARTI/Downloads/sistema hotel/vendor/laravel/framework/src/Illuminate/Session/Middleware/StartSession.php(120): Illuminate/Pipeline/Pipeline->{closure:{closure:Illuminate/Pipeline/Pipeline::carry():194}:195}(Object(Illuminate/Http/Request))
#38 C:/Users/EMANUELCLEMENTEMARTI/Downloads/sistema hotel/vendor/laravel/framework/src/Illuminate/Session/Middleware/StartSession.php(63): Illuminate/Session/Middleware/StartSession->handleStatefulRequest(Object(Illuminate/Http/Request), Object(Illuminate/Session/Store), Object(Closure))
#39 C:/Users/EMANUELCLEMENTEMARTI/Downloads/sistema hotel/vendor/laravel/framework/src/Illuminate/Pipeline/Pipeline.php(219): Illuminate/Session/Middleware/StartSession->handle(Object(Illuminate/Http/Request), Object(Closure))
#40 C:/Users/EMANUELCLEMENTEMARTI/Downloads/sistema hotel/vendor/laravel/framework/src/Illuminate/Cookie/Middleware/AddQueuedCookiesToResponse.php(36): Illuminate/Pipeline/Pipeline->{closure:{closure:Illuminate/Pipeline/Pipeline::carry():194}:195}(Object(Illuminate/Http/Request))
#41 C:/Users/EMANUELCLEMENTEMARTI/Downloads/sistema hotel/vendor/laravel/framework/src/Illuminate/Pipeline/Pipeline.php(219): Illuminate/Cookie/Middleware/AddQueuedCookiesToResponse->handle(Object(Illuminate/Http/Request), Object(Closure))
#42 C:/Users/EMANUELCLEMENTEMARTI/Downloads/sistema hotel/vendor/laravel/framework/src/Illuminate/Cookie/Middleware/EncryptCookies.php(74): Illuminate/Pipeline/Pipeline->{closure:{closure:Illuminate/Pipeline/Pipeline::carry():194}:195}(Object(Illuminate/Http/Request))
#43 C:/Users/EMANUELCLEMENTEMARTI/Downloads/sistema hotel/vendor/laravel/framework/src/Illuminate/Pipeline/Pipeline.php(219): Illuminate/Cookie/Middleware/EncryptCookies->handle(Object(Illuminate/Http/Request), Object(Closure))
#44 C:/Users/EMANUELCLEMENTEMARTI/Downloads/sistema hotel/vendor/laravel/framework/src/Illuminate/Pipeline/Pipeline.php(137): Illuminate/Pipeline/Pipeline->{closure:{closure:Illuminate/Pipeline/Pipeline::carry():194}:195}(Object(Illuminate/Http/Request))
#45 C:/Users/EMANUELCLEMENTEMARTI/Downloads/sistema hotel/vendor/laravel/framework/src/Illuminate/Routing/Router.php(821): Illuminate/Pipeline/Pipeline->then(Object(Closure))
#46 C:/Users/EMANUELCLEMENTEMARTI/Downloads/sistema hotel/vendor/laravel/framework/src/Illuminate/Routing/Router.php(800): Illuminate/Routing/Router->runRouteWithinStack(Object(Illuminate/Routing/Route), Object(Illuminate/Http/Request))
#47 C:/Users/EMANUELCLEMENTEMARTI/Downloads/sistema hotel/vendor/laravel/framework/src/Illuminate/Routing/Router.php(764): Illuminate/Routing/Router->runRoute(Object(Illuminate/Http/Request), Object(Illuminate/Routing/Route))
#48 C:/Users/EMANUELCLEMENTEMARTI/Downloads/sistema hotel/vendor/laravel/framework/src/Illuminate/Routing/Router.php(753): Illuminate/Routing/Router->dispatchToRoute(Object(Illuminate/Http/Request))
#49 C:/Users/EMANUELCLEMENTEMARTI/Downloads/sistema hotel/vendor/laravel/framework/src/Illuminate/Foundation/Http/Kernel.php(200): Illuminate/Routing/Router->dispatch(Object(Illuminate/Http/Request))
#50 C:/Users/EMANUELCLEMENTEMARTI/Downloads/sistema hotel/vendor/laravel/framework/src/Illuminate/Pipeline/Pipeline.php(180): Illuminate/Foundation/Http/Kernel->{closure:Illuminate/Foundation/Http/Kernel::dispatchToRouter():197}(Object(Illuminate/Http/Request))
#51 C:/Users/EMANUELCLEMENTEMARTI/Downloads/sistema hotel/vendor/livewire/livewire/src/Features/SupportDisablingBackButtonCache/DisableBackButtonCacheMiddleware.php(19): Illuminate/Pipeline/Pipeline->{closure:Illuminate/Pipeline/Pipeline::prepareDestination():178}(Object(Illuminate/Http/Request))
#52 C:/Users/EMANUELCLEMENTEMARTI/Downloads/sistema hotel/vendor/laravel/framework/src/Illuminate/Pipeline/Pipeline.php(219): Livewire/Features/SupportDisablingBackButtonCache/DisableBackButtonCacheMiddleware->handle(Object(Illuminate/Http/Request), Object(Closure))
#53 C:/Users/EMANUELCLEMENTEMARTI/Downloads/sistema hotel/vendor/laravel/framework/src/Illuminate/Foundation/Http/Middleware/ConvertEmptyStringsToNull.php(27): Illuminate/Pipeline/Pipeline->{closure:{closure:Illuminate/Pipeline/Pipeline::carry():194}:195}(Object(Illuminate/Http/Request))
#54 C:/Users/EMANUELCLEMENTEMARTI/Downloads/sistema hotel/vendor/laravel/framework/src/Illuminate/Pipeline/Pipeline.php(219): Illuminate/Foundation/Http/Middleware/ConvertEmptyStringsToNull->handle(Object(Illuminate/Http/Request), Object(Closure))
#55 C:/Users/EMANUELCLEMENTEMARTI/Downloads/sistema hotel/vendor/laravel/framework/src/Illuminate/Foundation/Http/Middleware/TrimStrings.php(47): Illuminate/Pipeline/Pipeline->{closure:{closure:Illuminate/Pipeline/Pipeline::carry():194}:195}(Object(Illuminate/Http/Request))
#56 C:/Users/EMANUELCLEMENTEMARTI/Downloads/sistema hotel/vendor/laravel/framework/src/Illuminate/Pipeline/Pipeline.php(219): Illuminate/Foundation/Http/Middleware/TrimStrings->handle(Object(Illuminate/Http/Request), Object(Closure))
#57 C:/Users/EMANUELCLEMENTEMARTI/Downloads/sistema hotel/vendor/laravel/framework/src/Illuminate/Http/Middleware/ValidatePostSize.php(27): Illuminate/Pipeline/Pipeline->{closure:{closure:Illuminate/Pipeline/Pipeline::carry():194}:195}(Object(Illuminate/Http/Request))
#58 C:/Users/EMANUELCLEMENTEMARTI/Downloads/sistema hotel/vendor/laravel/framework/src/Illuminate/Pipeline/Pipeline.php(219): Illuminate/Http/Middleware/ValidatePostSize->handle(Object(Illuminate/Http/Request), Object(Closure))
#59 C:/Users/EMANUELCLEMENTEMARTI/Downloads/sistema hotel/vendor/laravel/framework/src/Illuminate/Foundation/Http/Middleware/PreventRequestsDuringMaintenance.php(109): Illuminate/Pipeline/Pipeline->{closure:{closure:Illuminate/Pipeline/Pipeline::carry():194}:195}(Object(Illuminate/Http/Request))
#60 C:/Users/EMANUELCLEMENTEMARTI/Downloads/sistema hotel/vendor/laravel/framework/src/Illuminate/Pipeline/Pipeline.php(219): Illuminate/Foundation/Http/Middleware/PreventRequestsDuringMaintenance->handle(Object(Illuminate/Http/Request), Object(Closure))
#61 C:/Users/EMANUELCLEMENTEMARTI/Downloads/sistema hotel/vendor/laravel/framework/src/Illuminate/Http/Middleware/HandleCors.php(61): Illuminate/Pipeline/Pipeline->{closure:{closure:Illuminate/Pipeline/Pipeline::carry():194}:195}(Object(Illuminate/Http/Request))
#62 C:/Users/EMANUELCLEMENTEMARTI/Downloads/sistema hotel/vendor/laravel/framework/src/Illuminate/Pipeline/Pipeline.php(219): Illuminate/Http/Middleware/HandleCors->handle(Object(Illuminate/Http/Request), Object(Closure))
#63 C:/Users/EMANUELCLEMENTEMARTI/Downloads/sistema hotel/vendor/laravel/framework/src/Illuminate/Http/Middleware/TrustProxies.php(58): Illuminate/Pipeline/Pipeline->{closure:{closure:Illuminate/Pipeline/Pipeline::carry():194}:195}(Object(Illuminate/Http/Request))
#64 C:/Users/EMANUELCLEMENTEMARTI/Downloads/sistema hotel/vendor/laravel/framework/src/Illuminate/Pipeline/Pipeline.php(219): Illuminate/Http/Middleware/TrustProxies->handle(Object(Illuminate/Http/Request), Object(Closure))
#65 C:/Users/EMANUELCLEMENTEMARTI/Downloads/sistema hotel/vendor/laravel/framework/src/Illuminate/Foundation/Http/Middleware/InvokeDeferredCallbacks.php(22): Illuminate/Pipeline/Pipeline->{closure:{closure:Illuminate/Pipeline/Pipeline::carry():194}:195}(Object(Illuminate/Http/Request))
#66 C:/Users/EMANUELCLEMENTEMARTI/Downloads/sistema hotel/vendor/laravel/framework/src/Illuminate/Pipeline/Pipeline.php(219): Illuminate/Foundation/Http/Middleware/InvokeDeferredCallbacks->handle(Object(Illuminate/Http/Request), Object(Closure))
#67 C:/Users/EMANUELCLEMENTEMARTI/Downloads/sistema hotel/vendor/laravel/framework/src/Illuminate/Http/Middleware/ValidatePathEncoding.php(26): Illuminate/Pipeline/Pipeline->{closure:{closure:Illuminate/Pipeline/Pipeline::carry():194}:195}(Object(Illuminate/Http/Request))
#68 C:/Users/EMANUELCLEMENTEMARTI/Downloads/sistema hotel/vendor/laravel/framework/src/Illuminate/Pipeline/Pipeline.php(219): Illuminate/Http/Middleware/ValidatePathEncoding->handle(Object(Illuminate/Http/Request), Object(Closure))
#69 C:/Users/EMANUELCLEMENTEMARTI/Downloads/sistema hotel/vendor/laravel/framework/src/Illuminate/Pipeline/Pipeline.php(137): Illuminate/Pipeline/Pipeline->{closure:{closure:Illuminate/Pipeline/Pipeline::carry():194}:195}(Object(Illuminate/Http/Request))
#70 C:/Users/EMANUELCLEMENTEMARTI/Downloads/sistema hotel/vendor/laravel/framework/src/Illuminate/Foundation/Http/Kernel.php(175): Illuminate/Pipeline/Pipeline->then(Object(Closure))
#71 C:/Users/EMANUELCLEMENTEMARTI/Downloads/sistema hotel/vendor/laravel/framework/src/Illuminate/Foundation/Http/Kernel.php(144): Illuminate/Foundation/Http/Kernel->sendRequestThroughRouter(Object(Illuminate/Http/Request))
#72 C:/Users/EMANUELCLEMENTEMARTI/Downloads/sistema hotel/vendor/laravel/framework/src/Illuminate/Foundation/Application.php(1220): Illuminate/Foundation/Http/Kernel->handle(Object(Illuminate/Http/Request))
#73 C:/Users/EMANUELCLEMENTEMARTI/Downloads/sistema hotel/public/index.php(17): Illuminate/Foundation/Application->handleRequest(Object(Illuminate/Http/Request))
#74 C:/Users/EMANUELCLEMENTEMARTI/Downloads/sistema hotel/vendor/laravel/framework/src/Illuminate/Foundation/resources/server.php(23): require_once('C://Users//EMANUE...')
#75 {main}
"} 
[2026-03-31 18:04:08] laravel.WARNING: League\Flysystem\AwsS3V3\AwsS3V3Adapter::__construct(): Implicitly marking parameter $mimeTypeDetector as nullable is deprecated, the explicit nullable type must be used instead in C:\Users\EMANUELCLEMENTEMARTI\Downloads\sistema hotel\vendor\league\flysystem-aws-s3-v3\AwsS3V3Adapter.php on line 0  
[2026-03-31 18:04:08] laravel.EMERGENCY: Unable to create configured logger. Using emergency logger. {"exception":"[object] (InvalidArgumentException(code: 0): Driver [null] is not supported. at C:/Users/EMANUELCLEMENTEMARTI/Downloads/sistema hotel/vendor/laravel/framework/src/Illuminate/Log/LogManager.php:235)
[stacktrace]
#0 C:/Users/EMANUELCLEMENTEMARTI/Downloads/sistema hotel/vendor/laravel/framework/src/Illuminate/Log/LogManager.php(138): Illuminate/Log/LogManager->resolve('deprecations', Array)
#1 C:/Users/EMANUELCLEMENTEMARTI/Downloads/sistema hotel/vendor/laravel/framework/src/Illuminate/Log/LogManager.php(125): Illuminate/Log/LogManager->get('deprecations')
#2 C:/Users/EMANUELCLEMENTEMARTI/Downloads/sistema hotel/vendor/laravel/framework/src/Illuminate/Log/LogManager.php(114): Illuminate/Log/LogManager->driver('deprecations')
#3 C:/Users/EMANUELCLEMENTEMARTI/Downloads/sistema hotel/vendor/laravel/framework/src/Illuminate/Foundation/Bootstrap/HandleExceptions.php(105): Illuminate/Log/LogManager->channel('deprecations')
#4 C:/Users/EMANUELCLEMENTEMARTI/Downloads/sistema hotel/vendor/laravel/framework/src/Illuminate/Foundation/Bootstrap/HandleExceptions.php(74): Illuminate/Foundation/Bootstrap/HandleExceptions->handleDeprecationError('League//Flysyste...', 'C://Users//EMANUE...', 295, 8192)
#5 C:/Users/EMANUELCLEMENTEMARTI/Downloads/sistema hotel/vendor/laravel/framework/src/Illuminate/Foundation/Bootstrap/HandleExceptions.php(258): Illuminate/Foundation/Bootstrap/HandleExceptions->handleError(8192, 'League//Flysyste...', 'C://Users//EMANUE...', 295)
#6 C:/Users/EMANUELCLEMENTEMARTI/Downloads/sistema hotel/vendor/composer/ClassLoader.php(576): Illuminate/Foundation/Bootstrap/HandleExceptions->{closure:Illuminate/Foundation/Bootstrap/HandleExceptions::forwardsTo():257}(8192, 'League//Flysyste...', 'C://Users//EMANUE...', 295)
#7 C:/Users/EMANUELCLEMENTEMARTI/Downloads/sistema hotel/vendor/composer/ClassLoader.php(576): include('C://Users//EMANUE...')
#8 C:/Users/EMANUELCLEMENTEMARTI/Downloads/sistema hotel/vendor/composer/ClassLoader.php(427): {closure:Composer/Autoload/ClassLoader::initializeIncludeClosure():575}('C://Users//EMANUE...')
#9 C:/Users/EMANUELCLEMENTEMARTI/Downloads/sistema hotel/vendor/laravel/framework/src/Illuminate/Filesystem/FilesystemManager.php(257): Composer/Autoload/ClassLoader->loadClass('League//Flysyste...')
#10 C:/Users/EMANUELCLEMENTEMARTI/Downloads/sistema hotel/vendor/laravel/framework/src/Illuminate/Filesystem/FilesystemManager.php(153): Illuminate/Filesystem/FilesystemManager->createS3Driver(Array, 'supabase')
#11 C:/Users/EMANUELCLEMENTEMARTI/Downloads/sistema hotel/vendor/laravel/framework/src/Illuminate/Filesystem/FilesystemManager.php(121): Illuminate/Filesystem/FilesystemManager->resolve('supabase')
#12 C:/Users/EMANUELCLEMENTEMARTI/Downloads/sistema hotel/vendor/laravel/framework/src/Illuminate/Filesystem/FilesystemManager.php(84): Illuminate/Filesystem/FilesystemManager->get('supabase')
#13 C:/Users/EMANUELCLEMENTEMARTI/Downloads/sistema hotel/vendor/laravel/framework/src/Illuminate/Support/Facades/Facade.php(363): Illuminate/Filesystem/FilesystemManager->disk('supabase')
#14 C:/Users/EMANUELCLEMENTEMARTI/Downloads/sistema hotel/vendor/livewire/livewire/src/Features/SupportFileUploads/TemporaryUploadedFile.php(20): Illuminate/Support/Facades/Facade::__callStatic('disk', Array)
#15 C:/Users/EMANUELCLEMENTEMARTI/Downloads/sistema hotel/vendor/livewire/livewire/src/Features/SupportFileUploads/TemporaryUploadedFile.php(200): Livewire/Features/SupportFileUploads/TemporaryUploadedFile->__construct('ByPwdZ1irUfX1me...', 'supabase')
#16 C:/Users/EMANUELCLEMENTEMARTI/Downloads/sistema hotel/vendor/livewire/livewire/src/Features/SupportFileUploads/WithFileUploads.php(49): Livewire/Features/SupportFileUploads/TemporaryUploadedFile::createFromLivewire('ByPwdZ1irUfX1me...')
#17 C:/Users/EMANUELCLEMENTEMARTI/Downloads/sistema hotel/vendor/laravel/framework/src/Illuminate/Container/BoundMethod.php(36): App/Livewire/ImageManager->_finishUpload('imagen', Array, false, false)
#18 C:/Users/EMANUELCLEMENTEMARTI/Downloads/sistema hotel/vendor/laravel/framework/src/Illuminate/Container/Util.php(43): Illuminate/Container/BoundMethod::{closure:Illuminate/Container/BoundMethod::call():35}()
#19 C:/Users/EMANUELCLEMENTEMARTI/Downloads/sistema hotel/vendor/laravel/framework/src/Illuminate/Container/BoundMethod.php(96): Illuminate/Container/Util::unwrapIfClosure(Object(Closure))
#20 C:/Users/EMANUELCLEMENTEMARTI/Downloads/sistema hotel/vendor/laravel/framework/src/Illuminate/Container/BoundMethod.php(35): Illuminate/Container/BoundMethod::callBoundMethod(Object(Illuminate/Foundation/Application), Array, Object(Closure))
#21 C:/Users/EMANUELCLEMENTEMARTI/Downloads/sistema hotel/vendor/livewire/livewire/src/Wrapped.php(23): Illuminate/Container/BoundMethod::call(Object(Illuminate/Foundation/Application), Array, Array)
#22 C:/Users/EMANUELCLEMENTEMARTI/Downloads/sistema hotel/vendor/livewire/livewire/src/Mechanisms/HandleComponents/HandleComponents.php(492): Livewire/Wrapped->__call('_finishUpload', Array)
#23 C:/Users/EMANUELCLEMENTEMARTI/Downloads/sistema hotel/vendor/livewire/livewire/src/Mechanisms/HandleComponents/HandleComponents.php(101): Livewire/Mechanisms/HandleComponents/HandleComponents->callMethods(Object(App/Livewire/ImageManager), Array, Object(Livewire/Mechanisms/HandleComponents/ComponentContext))
#24 C:/Users/EMANUELCLEMENTEMARTI/Downloads/sistema hotel/vendor/livewire/livewire/src/LivewireManager.php(102): Livewire/Mechanisms/HandleComponents/HandleComponents->update(Array, Array, Array)
#25 C:/Users/EMANUELCLEMENTEMARTI/Downloads/sistema hotel/vendor/livewire/livewire/src/Mechanisms/HandleRequests/HandleRequests.php(131): Livewire/LivewireManager->update(Array, Array, Array)
#26 C:/Users/EMANUELCLEMENTEMARTI/Downloads/sistema hotel/vendor/laravel/framework/src/Illuminate/Routing/ControllerDispatcher.php(46): Livewire/Mechanisms/HandleRequests/HandleRequests->handleUpdate()
#27 C:/Users/EMANUELCLEMENTEMARTI/Downloads/sistema hotel/vendor/laravel/framework/src/Illuminate/Routing/Route.php(265): Illuminate/Routing/ControllerDispatcher->dispatch(Object(Illuminate/Routing/Route), Object(Livewire/Mechanisms/HandleRequests/HandleRequests), 'handleUpdate')
#28 C:/Users/EMANUELCLEMENTEMARTI/Downloads/sistema hotel/vendor/laravel/framework/src/Illuminate/Routing/Route.php(211): Illuminate/Routing/Route->runController()
#29 C:/Users/EMANUELCLEMENTEMARTI/Downloads/sistema hotel/vendor/laravel/framework/src/Illuminate/Routing/Router.php(822): Illuminate/Routing/Route->run()
#30 C:/Users/EMANUELCLEMENTEMARTI/Downloads/sistema hotel/vendor/laravel/framework/src/Illuminate/Pipeline/Pipeline.php(180): Illuminate/Routing/Router->{closure:Illuminate/Routing/Router::runRouteWithinStack():821}(Object(Illuminate/Http/Request))
#31 C:/Users/EMANUELCLEMENTEMARTI/Downloads/sistema hotel/vendor/laravel/framework/src/Illuminate/Routing/Middleware/SubstituteBindings.php(50): Illuminate/Pipeline/Pipeline->{closure:Illuminate/Pipeline/Pipeline::prepareDestination():178}(Object(Illuminate/Http/Request))
#32 C:/Users/EMANUELCLEMENTEMARTI/Downloads/sistema hotel/vendor/laravel/framework/src/Illuminate/Pipeline/Pipeline.php(219): Illuminate/Routing/Middleware/SubstituteBindings->handle(Object(Illuminate/Http/Request), Object(Closure))
#33 C:/Users/EMANUELCLEMENTEMARTI/Downloads/sistema hotel/vendor/laravel/framework/src/Illuminate/Foundation/Http/Middleware/VerifyCsrfToken.php(87): Illuminate/Pipeline/Pipeline->{closure:{closure:Illuminate/Pipeline/Pipeline::carry():194}:195}(Object(Illuminate/Http/Request))
#34 C:/Users/EMANUELCLEMENTEMARTI/Downloads/sistema hotel/vendor/laravel/framework/src/Illuminate/Pipeline/Pipeline.php(219): Illuminate/Foundation/Http/Middleware/VerifyCsrfToken->handle(Object(Illuminate/Http/Request), Object(Closure))
#35 C:/Users/EMANUELCLEMENTEMARTI/Downloads/sistema hotel/vendor/laravel/framework/src/Illuminate/View/Middleware/ShareErrorsFromSession.php(48): Illuminate/Pipeline/Pipeline->{closure:{closure:Illuminate/Pipeline/Pipeline::carry():194}:195}(Object(Illuminate/Http/Request))
#36 C:/Users/EMANUELCLEMENTEMARTI/Downloads/sistema hotel/vendor/laravel/framework/src/Illuminate/Pipeline/Pipeline.php(219): Illuminate/View/Middleware/ShareErrorsFromSession->handle(Object(Illuminate/Http/Request), Object(Closure))
#37 C:/Users/EMANUELCLEMENTEMARTI/Downloads/sistema hotel/vendor/laravel/framework/src/Illuminate/Session/Middleware/StartSession.php(120): Illuminate/Pipeline/Pipeline->{closure:{closure:Illuminate/Pipeline/Pipeline::carry():194}:195}(Object(Illuminate/Http/Request))
#38 C:/Users/EMANUELCLEMENTEMARTI/Downloads/sistema hotel/vendor/laravel/framework/src/Illuminate/Session/Middleware/StartSession.php(63): Illuminate/Session/Middleware/StartSession->handleStatefulRequest(Object(Illuminate/Http/Request), Object(Illuminate/Session/Store), Object(Closure))
#39 C:/Users/EMANUELCLEMENTEMARTI/Downloads/sistema hotel/vendor/laravel/framework/src/Illuminate/Pipeline/Pipeline.php(219): Illuminate/Session/Middleware/StartSession->handle(Object(Illuminate/Http/Request), Object(Closure))
#40 C:/Users/EMANUELCLEMENTEMARTI/Downloads/sistema hotel/vendor/laravel/framework/src/Illuminate/Cookie/Middleware/AddQueuedCookiesToResponse.php(36): Illuminate/Pipeline/Pipeline->{closure:{closure:Illuminate/Pipeline/Pipeline::carry():194}:195}(Object(Illuminate/Http/Request))
#41 C:/Users/EMANUELCLEMENTEMARTI/Downloads/sistema hotel/vendor/laravel/framework/src/Illuminate/Pipeline/Pipeline.php(219): Illuminate/Cookie/Middleware/AddQueuedCookiesToResponse->handle(Object(Illuminate/Http/Request), Object(Closure))
#42 C:/Users/EMANUELCLEMENTEMARTI/Downloads/sistema hotel/vendor/laravel/framework/src/Illuminate/Cookie/Middleware/EncryptCookies.php(74): Illuminate/Pipeline/Pipeline->{closure:{closure:Illuminate/Pipeline/Pipeline::carry():194}:195}(Object(Illuminate/Http/Request))
#43 C:/Users/EMANUELCLEMENTEMARTI/Downloads/sistema hotel/vendor/laravel/framework/src/Illuminate/Pipeline/Pipeline.php(219): Illuminate/Cookie/Middleware/EncryptCookies->handle(Object(Illuminate/Http/Request), Object(Closure))
#44 C:/Users/EMANUELCLEMENTEMARTI/Downloads/sistema hotel/vendor/laravel/framework/src/Illuminate/Pipeline/Pipeline.php(137): Illuminate/Pipeline/Pipeline->{closure:{closure:Illuminate/Pipeline/Pipeline::carry():194}:195}(Object(Illuminate/Http/Request))
#45 C:/Users/EMANUELCLEMENTEMARTI/Downloads/sistema hotel/vendor/laravel/framework/src/Illuminate/Routing/Router.php(821): Illuminate/Pipeline/Pipeline->then(Object(Closure))
#46 C:/Users/EMANUELCLEMENTEMARTI/Downloads/sistema hotel/vendor/laravel/framework/src/Illuminate/Routing/Router.php(800): Illuminate/Routing/Router->runRouteWithinStack(Object(Illuminate/Routing/Route), Object(Illuminate/Http/Request))
#47 C:/Users/EMANUELCLEMENTEMARTI/Downloads/sistema hotel/vendor/laravel/framework/src/Illuminate/Routing/Router.php(764): Illuminate/Routing/Router->runRoute(Object(Illuminate/Http/Request), Object(Illuminate/Routing/Route))
#48 C:/Users/EMANUELCLEMENTEMARTI/Downloads/sistema hotel/vendor/laravel/framework/src/Illuminate/Routing/Router.php(753): Illuminate/Routing/Router->dispatchToRoute(Object(Illuminate/Http/Request))
#49 C:/Users/EMANUELCLEMENTEMARTI/Downloads/sistema hotel/vendor/laravel/framework/src/Illuminate/Foundation/Http/Kernel.php(200): Illuminate/Routing/Router->dispatch(Object(Illuminate/Http/Request))
#50 C:/Users/EMANUELCLEMENTEMARTI/Downloads/sistema hotel/vendor/laravel/framework/src/Illuminate/Pipeline/Pipeline.php(180): Illuminate/Foundation/Http/Kernel->{closure:Illuminate/Foundation/Http/Kernel::dispatchToRouter():197}(Object(Illuminate/Http/Request))
#51 C:/Users/EMANUELCLEMENTEMARTI/Downloads/sistema hotel/vendor/livewire/livewire/src/Features/SupportDisablingBackButtonCache/DisableBackButtonCacheMiddleware.php(19): Illuminate/Pipeline/Pipeline->{closure:Illuminate/Pipeline/Pipeline::prepareDestination():178}(Object(Illuminate/Http/Request))
#52 C:/Users/EMANUELCLEMENTEMARTI/Downloads/sistema hotel/vendor/laravel/framework/src/Illuminate/Pipeline/Pipeline.php(219): Livewire/Features/SupportDisablingBackButtonCache/DisableBackButtonCacheMiddleware->handle(Object(Illuminate/Http/Request), Object(Closure))
#53 C:/Users/EMANUELCLEMENTEMARTI/Downloads/sistema hotel/vendor/laravel/framework/src/Illuminate/Foundation/Http/Middleware/ConvertEmptyStringsToNull.php(27): Illuminate/Pipeline/Pipeline->{closure:{closure:Illuminate/Pipeline/Pipeline::carry():194}:195}(Object(Illuminate/Http/Request))
#54 C:/Users/EMANUELCLEMENTEMARTI/Downloads/sistema hotel/vendor/laravel/framework/src/Illuminate/Pipeline/Pipeline.php(219): Illuminate/Foundation/Http/Middleware/ConvertEmptyStringsToNull->handle(Object(Illuminate/Http/Request), Object(Closure))
#55 C:/Users/EMANUELCLEMENTEMARTI/Downloads/sistema hotel/vendor/laravel/framework/src/Illuminate/Foundation/Http/Middleware/TrimStrings.php(47): Illuminate/Pipeline/Pipeline->{closure:{closure:Illuminate/Pipeline/Pipeline::carry():194}:195}(Object(Illuminate/Http/Request))
#56 C:/Users/EMANUELCLEMENTEMARTI/Downloads/sistema hotel/vendor/laravel/framework/src/Illuminate/Pipeline/Pipeline.php(219): Illuminate/Foundation/Http/Middleware/TrimStrings->handle(Object(Illuminate/Http/Request), Object(Closure))
#57 C:/Users/EMANUELCLEMENTEMARTI/Downloads/sistema hotel/vendor/laravel/framework/src/Illuminate/Http/Middleware/ValidatePostSize.php(27): Illuminate/Pipeline/Pipeline->{closure:{closure:Illuminate/Pipeline/Pipeline::carry():194}:195}(Object(Illuminate/Http/Request))
#58 C:/Users/EMANUELCLEMENTEMARTI/Downloads/sistema hotel/vendor/laravel/framework/src/Illuminate/Pipeline/Pipeline.php(219): Illuminate/Http/Middleware/ValidatePostSize->handle(Object(Illuminate/Http/Request), Object(Closure))
#59 C:/Users/EMANUELCLEMENTEMARTI/Downloads/sistema hotel/vendor/laravel/framework/src/Illuminate/Foundation/Http/Middleware/PreventRequestsDuringMaintenance.php(109): Illuminate/Pipeline/Pipeline->{closure:{closure:Illuminate/Pipeline/Pipeline::carry():194}:195}(Object(Illuminate/Http/Request))
#60 C:/Users/EMANUELCLEMENTEMARTI/Downloads/sistema hotel/vendor/laravel/framework/src/Illuminate/Pipeline/Pipeline.php(219): Illuminate/Foundation/Http/Middleware/PreventRequestsDuringMaintenance->handle(Object(Illuminate/Http/Request), Object(Closure))
#61 C:/Users/EMANUELCLEMENTEMARTI/Downloads/sistema hotel/vendor/laravel/framework/src/Illuminate/Http/Middleware/HandleCors.php(61): Illuminate/Pipeline/Pipeline->{closure:{closure:Illuminate/Pipeline/Pipeline::carry():194}:195}(Object(Illuminate/Http/Request))
#62 C:/Users/EMANUELCLEMENTEMARTI/Downloads/sistema hotel/vendor/laravel/framework/src/Illuminate/Pipeline/Pipeline.php(219): Illuminate/Http/Middleware/HandleCors->handle(Object(Illuminate/Http/Request), Object(Closure))
#63 C:/Users/EMANUELCLEMENTEMARTI/Downloads/sistema hotel/vendor/laravel/framework/src/Illuminate/Http/Middleware/TrustProxies.php(58): Illuminate/Pipeline/Pipeline->{closure:{closure:Illuminate/Pipeline/Pipeline::carry():194}:195}(Object(Illuminate/Http/Request))
#64 C:/Users/EMANUELCLEMENTEMARTI/Downloads/sistema hotel/vendor/laravel/framework/src/Illuminate/Pipeline/Pipeline.php(219): Illuminate/Http/Middleware/TrustProxies->handle(Object(Illuminate/Http/Request), Object(Closure))
#65 C:/Users/EMANUELCLEMENTEMARTI/Downloads/sistema hotel/vendor/laravel/framework/src/Illuminate/Foundation/Http/Middleware/InvokeDeferredCallbacks.php(22): Illuminate/Pipeline/Pipeline->{closure:{closure:Illuminate/Pipeline/Pipeline::carry():194}:195}(Object(Illuminate/Http/Request))
#66 C:/Users/EMANUELCLEMENTEMARTI/Downloads/sistema hotel/vendor/laravel/framework/src/Illuminate/Pipeline/Pipeline.php(219): Illuminate/Foundation/Http/Middleware/InvokeDeferredCallbacks->handle(Object(Illuminate/Http/Request), Object(Closure))
#67 C:/Users/EMANUELCLEMENTEMARTI/Downloads/sistema hotel/vendor/laravel/framework/src/Illuminate/Http/Middleware/ValidatePathEncoding.php(26): Illuminate/Pipeline/Pipeline->{closure:{closure:Illuminate/Pipeline/Pipeline::carry():194}:195}(Object(Illuminate/Http/Request))
#68 C:/Users/EMANUELCLEMENTEMARTI/Downloads/sistema hotel/vendor/laravel/framework/src/Illuminate/Pipeline/Pipeline.php(219): Illuminate/Http/Middleware/ValidatePathEncoding->handle(Object(Illuminate/Http/Request), Object(Closure))
#69 C:/Users/EMANUELCLEMENTEMARTI/Downloads/sistema hotel/vendor/laravel/framework/src/Illuminate/Pipeline/Pipeline.php(137): Illuminate/Pipeline/Pipeline->{closure:{closure:Illuminate/Pipeline/Pipeline::carry():194}:195}(Object(Illuminate/Http/Request))
#70 C:/Users/EMANUELCLEMENTEMARTI/Downloads/sistema hotel/vendor/laravel/framework/src/Illuminate/Foundation/Http/Kernel.php(175): Illuminate/Pipeline/Pipeline->then(Object(Closure))
#71 C:/Users/EMANUELCLEMENTEMARTI/Downloads/sistema hotel/vendor/laravel/framework/src/Illuminate/Foundation/Http/Kernel.php(144): Illuminate/Foundation/Http/Kernel->sendRequestThroughRouter(Object(Illuminate/Http/Request))
#72 C:/Users/EMANUELCLEMENTEMARTI/Downloads/sistema hotel/vendor/laravel/framework/src/Illuminate/Foundation/Application.php(1220): Illuminate/Foundation/Http/Kernel->handle(Object(Illuminate/Http/Request))
#73 C:/Users/EMANUELCLEMENTEMARTI/Downloads/sistema hotel/public/index.php(17): Illuminate/Foundation/Application->handleRequest(Object(Illuminate/Http/Request))
#74 C:/Users/EMANUELCLEMENTEMARTI/Downloads/sistema hotel/vendor/laravel/framework/src/Illuminate/Foundation/resources/server.php(23): require_once('C://Users//EMANUE...')
#75 {main}
"} 
[2026-03-31 18:04:08] laravel.WARNING: League\Flysystem\AwsS3V3\AwsS3V3Adapter::mapS3ObjectMetadata(): Implicitly marking parameter $path as nullable is deprecated, the explicit nullable type must be used instead in C:\Users\EMANUELCLEMENTEMARTI\Downloads\sistema hotel\vendor\league\flysystem-aws-s3-v3\AwsS3V3Adapter.php on line 295  
[2026-03-31 18:15:18] laravel.EMERGENCY: Unable to create configured logger. Using emergency logger. {"exception":"[object] (InvalidArgumentException(code: 0): Driver [null] is not supported. at C:/Users/EMANUELCLEMENTEMARTI/Downloads/sistema hotel/vendor/laravel/framework/src/Illuminate/Log/LogManager.php:235)
[stacktrace]
#0 C:/Users/EMANUELCLEMENTEMARTI/Downloads/sistema hotel/vendor/laravel/framework/src/Illuminate/Log/LogManager.php(138): Illuminate/Log/LogManager->resolve('deprecations', Array)
#1 C:/Users/EMANUELCLEMENTEMARTI/Downloads/sistema hotel/vendor/laravel/framework/src/Illuminate/Log/LogManager.php(125): Illuminate/Log/LogManager->get('deprecations')
#2 C:/Users/EMANUELCLEMENTEMARTI/Downloads/sistema hotel/vendor/laravel/framework/src/Illuminate/Log/LogManager.php(114): Illuminate/Log/LogManager->driver('deprecations')
#3 C:/Users/EMANUELCLEMENTEMARTI/Downloads/sistema hotel/vendor/laravel/framework/src/Illuminate/Foundation/Bootstrap/HandleExceptions.php(105): Illuminate/Log/LogManager->channel('deprecations')
#4 C:/Users/EMANUELCLEMENTEMARTI/Downloads/sistema hotel/vendor/laravel/framework/src/Illuminate/Foundation/Bootstrap/HandleExceptions.php(74): Illuminate/Foundation/Bootstrap/HandleExceptions->handleDeprecationError('League//Flysyste...', 'C://Users//EMANUE...', 108, 8192)
#5 C:/Users/EMANUELCLEMENTEMARTI/Downloads/sistema hotel/vendor/laravel/framework/src/Illuminate/Foundation/Bootstrap/HandleExceptions.php(258): Illuminate/Foundation/Bootstrap/HandleExceptions->handleError(8192, 'League//Flysyste...', 'C://Users//EMANUE...', 108)
#6 C:/Users/EMANUELCLEMENTEMARTI/Downloads/sistema hotel/vendor/composer/ClassLoader.php(576): Illuminate/Foundation/Bootstrap/HandleExceptions->{closure:Illuminate/Foundation/Bootstrap/HandleExceptions::forwardsTo():257}(8192, 'League//Flysyste...', 'C://Users//EMANUE...', 108)
#7 C:/Users/EMANUELCLEMENTEMARTI/Downloads/sistema hotel/vendor/composer/ClassLoader.php(576): include('C://Users//EMANUE...')
#8 C:/Users/EMANUELCLEMENTEMARTI/Downloads/sistema hotel/vendor/composer/ClassLoader.php(427): {closure:Composer/Autoload/ClassLoader::initializeIncludeClosure():575}('C://Users//EMANUE...')
#9 C:/Users/EMANUELCLEMENTEMARTI/Downloads/sistema hotel/vendor/laravel/framework/src/Illuminate/Filesystem/FilesystemManager.php(257): Composer/Autoload/ClassLoader->loadClass('League//Flysyste...')
#10 C:/Users/EMANUELCLEMENTEMARTI/Downloads/sistema hotel/vendor/laravel/framework/src/Illuminate/Filesystem/FilesystemManager.php(153): Illuminate/Filesystem/FilesystemManager->createS3Driver(Array, 'supabase')
#11 C:/Users/EMANUELCLEMENTEMARTI/Downloads/sistema hotel/vendor/laravel/framework/src/Illuminate/Filesystem/FilesystemManager.php(121): Illuminate/Filesystem/FilesystemManager->resolve('supabase')
#12 C:/Users/EMANUELCLEMENTEMARTI/Downloads/sistema hotel/vendor/laravel/framework/src/Illuminate/Filesystem/FilesystemManager.php(84): Illuminate/Filesystem/FilesystemManager->get('supabase')
#13 C:/Users/EMANUELCLEMENTEMARTI/Downloads/sistema hotel/vendor/laravel/framework/src/Illuminate/Support/Facades/Facade.php(363): Illuminate/Filesystem/FilesystemManager->disk('supabase')
#14 C:/Users/EMANUELCLEMENTEMARTI/Downloads/sistema hotel/vendor/livewire/livewire/src/Features/SupportFileUploads/FileUploadConfiguration.php(27): Illuminate/Support/Facades/Facade::__callStatic('disk', Array)
#15 C:/Users/EMANUELCLEMENTEMARTI/Downloads/sistema hotel/vendor/livewire/livewire/src/Features/SupportFileUploads/GenerateSignedUploadUrl.php(20): Livewire/Features/SupportFileUploads/FileUploadConfiguration::storage()
#16 C:/Users/EMANUELCLEMENTEMARTI/Downloads/sistema hotel/vendor/laravel/framework/src/Illuminate/Support/Facades/Facade.php(363): Livewire/Features/SupportFileUploads/GenerateSignedUploadUrl->forS3(Object(Illuminate/Http/Testing/File))
#17 C:/Users/EMANUELCLEMENTEMARTI/Downloads/sistema hotel/vendor/livewire/livewire/src/Features/SupportFileUploads/WithFileUploads.php(20): Illuminate/Support/Facades/Facade::__callStatic('forS3', Array)
#18 C:/Users/EMANUELCLEMENTEMARTI/Downloads/sistema hotel/vendor/laravel/framework/src/Illuminate/Container/BoundMethod.php(36): App/Livewire/ImageManager->_startUpload('imagen', Array, false)
#19 C:/Users/EMANUELCLEMENTEMARTI/Downloads/sistema hotel/vendor/laravel/framework/src/Illuminate/Container/Util.php(43): Illuminate/Container/BoundMethod::{closure:Illuminate/Container/BoundMethod::call():35}()
#20 C:/Users/EMANUELCLEMENTEMARTI/Downloads/sistema hotel/vendor/laravel/framework/src/Illuminate/Container/BoundMethod.php(96): Illuminate/Container/Util::unwrapIfClosure(Object(Closure))
#21 C:/Users/EMANUELCLEMENTEMARTI/Downloads/sistema hotel/vendor/laravel/framework/src/Illuminate/Container/BoundMethod.php(35): Illuminate/Container/BoundMethod::callBoundMethod(Object(Illuminate/Foundation/Application), Array, Object(Closure))
#22 C:/Users/EMANUELCLEMENTEMARTI/Downloads/sistema hotel/vendor/livewire/livewire/src/Wrapped.php(23): Illuminate/Container/BoundMethod::call(Object(Illuminate/Foundation/Application), Array, Array)
#23 C:/Users/EMANUELCLEMENTEMARTI/Downloads/sistema hotel/vendor/livewire/livewire/src/Mechanisms/HandleComponents/HandleComponents.php(492): Livewire/Wrapped->__call('_startUpload', Array)
#24 C:/Users/EMANUELCLEMENTEMARTI/Downloads/sistema hotel/vendor/livewire/livewire/src/Mechanisms/HandleComponents/HandleComponents.php(101): Livewire/Mechanisms/HandleComponents/HandleComponents->callMethods(Object(App/Livewire/ImageManager), Array, Object(Livewire/Mechanisms/HandleComponents/ComponentContext))
#25 C:/Users/EMANUELCLEMENTEMARTI/Downloads/sistema hotel/vendor/livewire/livewire/src/LivewireManager.php(102): Livewire/Mechanisms/HandleComponents/HandleComponents->update(Array, Array, Array)
#26 C:/Users/EMANUELCLEMENTEMARTI/Downloads/sistema hotel/vendor/livewire/livewire/src/Mechanisms/HandleRequests/HandleRequests.php(131): Livewire/LivewireManager->update(Array, Array, Array)
#27 C:/Users/EMANUELCLEMENTEMARTI/Downloads/sistema hotel/vendor/laravel/framework/src/Illuminate/Routing/ControllerDispatcher.php(46): Livewire/Mechanisms/HandleRequests/HandleRequests->handleUpdate()
#28 C:/Users/EMANUELCLEMENTEMARTI/Downloads/sistema hotel/vendor/laravel/framework/src/Illuminate/Routing/Route.php(265): Illuminate/Routing/ControllerDispatcher->dispatch(Object(Illuminate/Routing/Route), Object(Livewire/Mechanisms/HandleRequests/HandleRequests), 'handleUpdate')
#29 C:/Users/EMANUELCLEMENTEMARTI/Downloads/sistema hotel/vendor/laravel/framework/src/Illuminate/Routing/Route.php(211): Illuminate/Routing/Route->runController()
#30 C:/Users/EMANUELCLEMENTEMARTI/Downloads/sistema hotel/vendor/laravel/framework/src/Illuminate/Routing/Router.php(822): Illuminate/Routing/Route->run()
#31 C:/Users/EMANUELCLEMENTEMARTI/Downloads/sistema hotel/vendor/laravel/framework/src/Illuminate/Pipeline/Pipeline.php(180): Illuminate/Routing/Router->{closure:Illuminate/Routing/Router::runRouteWithinStack():821}(Object(Illuminate/Http/Request))
#32 C:/Users/EMANUELCLEMENTEMARTI/Downloads/sistema hotel/vendor/laravel/framework/src/Illuminate/Routing/Middleware/SubstituteBindings.php(50): Illuminate/Pipeline/Pipeline->{closure:Illuminate/Pipeline/Pipeline::prepareDestination():178}(Object(Illuminate/Http/Request))
#33 C:/Users/EMANUELCLEMENTEMARTI/Downloads/sistema hotel/vendor/laravel/framework/src/Illuminate/Pipeline/Pipeline.php(219): Illuminate/Routing/Middleware/SubstituteBindings->handle(Object(Illuminate/Http/Request), Object(Closure))
#34 C:/Users/EMANUELCLEMENTEMARTI/Downloads/sistema hotel/vendor/laravel/framework/src/Illuminate/Foundation/Http/Middleware/VerifyCsrfToken.php(87): Illuminate/Pipeline/Pipeline->{closure:{closure:Illuminate/Pipeline/Pipeline::carry():194}:195}(Object(Illuminate/Http/Request))
#35 C:/Users/EMANUELCLEMENTEMARTI/Downloads/sistema hotel/vendor/laravel/framework/src/Illuminate/Pipeline/Pipeline.php(219): Illuminate/Foundation/Http/Middleware/VerifyCsrfToken->handle(Object(Illuminate/Http/Request), Object(Closure))
#36 C:/Users/EMANUELCLEMENTEMARTI/Downloads/sistema hotel/vendor/laravel/framework/src/Illuminate/View/Middleware/ShareErrorsFromSession.php(48): Illuminate/Pipeline/Pipeline->{closure:{closure:Illuminate/Pipeline/Pipeline::carry():194}:195}(Object(Illuminate/Http/Request))
#37 C:/Users/EMANUELCLEMENTEMARTI/Downloads/sistema hotel/vendor/laravel/framework/src/Illuminate/Pipeline/Pipeline.php(219): Illuminate/View/Middleware/ShareErrorsFromSession->handle(Object(Illuminate/Http/Request), Object(Closure))
#38 C:/Users/EMANUELCLEMENTEMARTI/Downloads/sistema hotel/vendor/laravel/framework/src/Illuminate/Session/Middleware/StartSession.php(120): Illuminate/Pipeline/Pipeline->{closure:{closure:Illuminate/Pipeline/Pipeline::carry():194}:195}(Object(Illuminate/Http/Request))
#39 C:/Users/EMANUELCLEMENTEMARTI/Downloads/sistema hotel/vendor/laravel/framework/src/Illuminate/Session/Middleware/StartSession.php(63): Illuminate/Session/Middleware/StartSession->handleStatefulRequest(Object(Illuminate/Http/Request), Object(Illuminate/Session/Store), Object(Closure))
#40 C:/Users/EMANUELCLEMENTEMARTI/Downloads/sistema hotel/vendor/laravel/framework/src/Illuminate/Pipeline/Pipeline.php(219): Illuminate/Session/Middleware/StartSession->handle(Object(Illuminate/Http/Request), Object(Closure))
#41 C:/Users/EMANUELCLEMENTEMARTI/Downloads/sistema hotel/vendor/laravel/framework/src/Illuminate/Cookie/Middleware/AddQueuedCookiesToResponse.php(36): Illuminate/Pipeline/Pipeline->{closure:{closure:Illuminate/Pipeline/Pipeline::carry():194}:195}(Object(Illuminate/Http/Request))
#42 C:/Users/EMANUELCLEMENTEMARTI/Downloads/sistema hotel/vendor/laravel/framework/src/Illuminate/Pipeline/Pipeline.php(219): Illuminate/Cookie/Middleware/AddQueuedCookiesToResponse->handle(Object(Illuminate/Http/Request), Object(Closure))
#43 C:/Users/EMANUELCLEMENTEMARTI/Downloads/sistema hotel/vendor/laravel/framework/src/Illuminate/Cookie/Middleware/EncryptCookies.php(74): Illuminate/Pipeline/Pipeline->{closure:{closure:Illuminate/Pipeline/Pipeline::carry():194}:195}(Object(Illuminate/Http/Request))
#44 C:/Users/EMANUELCLEMENTEMARTI/Downloads/sistema hotel/vendor/laravel/framework/src/Illuminate/Pipeline/Pipeline.php(219): Illuminate/Cookie/Middleware/EncryptCookies->handle(Object(Illuminate/Http/Request), Object(Closure))
#45 C:/Users/EMANUELCLEMENTEMARTI/Downloads/sistema hotel/vendor/laravel/framework/src/Illuminate/Pipeline/Pipeline.php(137): Illuminate/Pipeline/Pipeline->{closure:{closure:Illuminate/Pipeline/Pipeline::carry():194}:195}(Object(Illuminate/Http/Request))
#46 C:/Users/EMANUELCLEMENTEMARTI/Downloads/sistema hotel/vendor/laravel/framework/src/Illuminate/Routing/Router.php(821): Illuminate/Pipeline/Pipeline->then(Object(Closure))
#47 C:/Users/EMANUELCLEMENTEMARTI/Downloads/sistema hotel/vendor/laravel/framework/src/Illuminate/Routing/Router.php(800): Illuminate/Routing/Router->runRouteWithinStack(Object(Illuminate/Routing/Route), Object(Illuminate/Http/Request))
#48 C:/Users/EMANUELCLEMENTEMARTI/Downloads/sistema hotel/vendor/laravel/framework/src/Illuminate/Routing/Router.php(764): Illuminate/Routing/Router->runRoute(Object(Illuminate/Http/Request), Object(Illuminate/Routing/Route))
#49 C:/Users/EMANUELCLEMENTEMARTI/Downloads/sistema hotel/vendor/laravel/framework/src/Illuminate/Routing/Router.php(753): Illuminate/Routing/Router->dispatchToRoute(Object(Illuminate/Http/Request))
#50 C:/Users/EMANUELCLEMENTEMARTI/Downloads/sistema hotel/vendor/laravel/framework/src/Illuminate/Foundation/Http/Kernel.php(200): Illuminate/Routing/Router->dispatch(Object(Illuminate/Http/Request))
#51 C:/Users/EMANUELCLEMENTEMARTI/Downloads/sistema hotel/vendor/laravel/framework/src/Illuminate/Pipeline/Pipeline.php(180): Illuminate/Foundation/Http/Kernel->{closure:Illuminate/Foundation/Http/Kernel::dispatchToRouter():197}(Object(Illuminate/Http/Request))
#52 C:/Users/EMANUELCLEMENTEMARTI/Downloads/sistema hotel/vendor/livewire/livewire/src/Features/SupportDisablingBackButtonCache/DisableBackButtonCacheMiddleware.php(19): Illuminate/Pipeline/Pipeline->{closure:Illuminate/Pipeline/Pipeline::prepareDestination():178}(Object(Illuminate/Http/Request))
#53 C:/Users/EMANUELCLEMENTEMARTI/Downloads/sistema hotel/vendor/laravel/framework/src/Illuminate/Pipeline/Pipeline.php(219): Livewire/Features/SupportDisablingBackButtonCache/DisableBackButtonCacheMiddleware->handle(Object(Illuminate/Http/Request), Object(Closure))
#54 C:/Users/EMANUELCLEMENTEMARTI/Downloads/sistema hotel/vendor/laravel/framework/src/Illuminate/Foundation/Http/Middleware/ConvertEmptyStringsToNull.php(27): Illuminate/Pipeline/Pipeline->{closure:{closure:Illuminate/Pipeline/Pipeline::carry():194}:195}(Object(Illuminate/Http/Request))
#55 C:/Users/EMANUELCLEMENTEMARTI/Downloads/sistema hotel/vendor/laravel/framework/src/Illuminate/Pipeline/Pipeline.php(219): Illuminate/Foundation/Http/Middleware/ConvertEmptyStringsToNull->handle(Object(Illuminate/Http/Request), Object(Closure))
#56 C:/Users/EMANUELCLEMENTEMARTI/Downloads/sistema hotel/vendor/laravel/framework/src/Illuminate/Foundation/Http/Middleware/TrimStrings.php(47): Illuminate/Pipeline/Pipeline->{closure:{closure:Illuminate/Pipeline/Pipeline::carry():194}:195}(Object(Illuminate/Http/Request))
#57 C:/Users/EMANUELCLEMENTEMARTI/Downloads/sistema hotel/vendor/laravel/framework/src/Illuminate/Pipeline/Pipeline.php(219): Illuminate/Foundation/Http/Middleware/TrimStrings->handle(Object(Illuminate/Http/Request), Object(Closure))
#58 C:/Users/EMANUELCLEMENTEMARTI/Downloads/sistema hotel/vendor/laravel/framework/src/Illuminate/Http/Middleware/ValidatePostSize.php(27): Illuminate/Pipeline/Pipeline->{closure:{closure:Illuminate/Pipeline/Pipeline::carry():194}:195}(Object(Illuminate/Http/Request))
#59 C:/Users/EMANUELCLEMENTEMARTI/Downloads/sistema hotel/vendor/laravel/framework/src/Illuminate/Pipeline/Pipeline.php(219): Illuminate/Http/Middleware/ValidatePostSize->handle(Object(Illuminate/Http/Request), Object(Closure))
#60 C:/Users/EMANUELCLEMENTEMARTI/Downloads/sistema hotel/vendor/laravel/framework/src/Illuminate/Foundation/Http/Middleware/PreventRequestsDuringMaintenance.php(109): Illuminate/Pipeline/Pipeline->{closure:{closure:Illuminate/Pipeline/Pipeline::carry():194}:195}(Object(Illuminate/Http/Request))
#61 C:/Users/EMANUELCLEMENTEMARTI/Downloads/sistema hotel/vendor/laravel/framework/src/Illuminate/Pipeline/Pipeline.php(219): Illuminate/Foundation/Http/Middleware/PreventRequestsDuringMaintenance->handle(Object(Illuminate/Http/Request), Object(Closure))
#62 C:/Users/EMANUELCLEMENTEMARTI/Downloads/sistema hotel/vendor/laravel/framework/src/Illuminate/Http/Middleware/HandleCors.php(61): Illuminate/Pipeline/Pipeline->{closure:{closure:Illuminate/Pipeline/Pipeline::carry():194}:195}(Object(Illuminate/Http/Request))
#63 C:/Users/EMANUELCLEMENTEMARTI/Downloads/sistema hotel/vendor/laravel/framework/src/Illuminate/Pipeline/Pipeline.php(219): Illuminate/Http/Middleware/HandleCors->handle(Object(Illuminate/Http/Request), Object(Closure))
#64 C:/Users/EMANUELCLEMENTEMARTI/Downloads/sistema hotel/vendor/laravel/framework/src/Illuminate/Http/Middleware/TrustProxies.php(58): Illuminate/Pipeline/Pipeline->{closure:{closure:Illuminate/Pipeline/Pipeline::carry():194}:195}(Object(Illuminate/Http/Request))
#65 C:/Users/EMANUELCLEMENTEMARTI/Downloads/sistema hotel/vendor/laravel/framework/src/Illuminate/Pipeline/Pipeline.php(219): Illuminate/Http/Middleware/TrustProxies->handle(Object(Illuminate/Http/Request), Object(Closure))
#66 C:/Users/EMANUELCLEMENTEMARTI/Downloads/sistema hotel/vendor/laravel/framework/src/Illuminate/Foundation/Http/Middleware/InvokeDeferredCallbacks.php(22): Illuminate/Pipeline/Pipeline->{closure:{closure:Illuminate/Pipeline/Pipeline::carry():194}:195}(Object(Illuminate/Http/Request))
#67 C:/Users/EMANUELCLEMENTEMARTI/Downloads/sistema hotel/vendor/laravel/framework/src/Illuminate/Pipeline/Pipeline.php(219): Illuminate/Foundation/Http/Middleware/InvokeDeferredCallbacks->handle(Object(Illuminate/Http/Request), Object(Closure))
#68 C:/Users/EMANUELCLEMENTEMARTI/Downloads/sistema hotel/vendor/laravel/framework/src/Illuminate/Http/Middleware/ValidatePathEncoding.php(26): Illuminate/Pipeline/Pipeline->{closure:{closure:Illuminate/Pipeline/Pipeline::carry():194}:195}(Object(Illuminate/Http/Request))
#69 C:/Users/EMANUELCLEMENTEMARTI/Downloads/sistema hotel/vendor/laravel/framework/src/Illuminate/Pipeline/Pipeline.php(219): Illuminate/Http/Middleware/ValidatePathEncoding->handle(Object(Illuminate/Http/Request), Object(Closure))
#70 C:/Users/EMANUELCLEMENTEMARTI/Downloads/sistema hotel/vendor/laravel/framework/src/Illuminate/Pipeline/Pipeline.php(137): Illuminate/Pipeline/Pipeline->{closure:{closure:Illuminate/Pipeline/Pipeline::carry():194}:195}(Object(Illuminate/Http/Request))
#71 C:/Users/EMANUELCLEMENTEMARTI/Downloads/sistema hotel/vendor/laravel/framework/src/Illuminate/Foundation/Http/Kernel.php(175): Illuminate/Pipeline/Pipeline->then(Object(Closure))
#72 C:/Users/EMANUELCLEMENTEMARTI/Downloads/sistema hotel/vendor/laravel/framework/src/Illuminate/Foundation/Http/Kernel.php(144): Illuminate/Foundation/Http/Kernel->sendRequestThroughRouter(Object(Illuminate/Http/Request))
#73 C:/Users/EMANUELCLEMENTEMARTI/Downloads/sistema hotel/vendor/laravel/framework/src/Illuminate/Foundation/Application.php(1220): Illuminate/Foundation/Http/Kernel->handle(Object(Illuminate/Http/Request))
#74 C:/Users/EMANUELCLEMENTEMARTI/Downloads/sistema hotel/public/index.php(17): Illuminate/Foundation/Application->handleRequest(Object(Illuminate/Http/Request))
#75 C:/Users/EMANUELCLEMENTEMARTI/Downloads/sistema hotel/vendor/laravel/framework/src/Illuminate/Foundation/resources/server.php(23): require_once('C://Users//EMANUE...')
#76 {main}
"} 
[2026-03-31 18:15:18] laravel.WARNING: League\Flysystem\AwsS3V3\AwsS3V3Adapter::__construct(): Implicitly marking parameter $visibility as nullable is deprecated, the explicit nullable type must be used instead in C:\Users\EMANUELCLEMENTEMARTI\Downloads\sistema hotel\vendor\league\flysystem-aws-s3-v3\AwsS3V3Adapter.php on line 108  
[2026-03-31 18:15:18] laravel.EMERGENCY: Unable to create configured logger. Using emergency logger. {"exception":"[object] (InvalidArgumentException(code: 0): Driver [null] is not supported. at C:/Users/EMANUELCLEMENTEMARTI/Downloads/sistema hotel/vendor/laravel/framework/src/Illuminate/Log/LogManager.php:235)
[stacktrace]
#0 C:/Users/EMANUELCLEMENTEMARTI/Downloads/sistema hotel/vendor/laravel/framework/src/Illuminate/Log/LogManager.php(138): Illuminate/Log/LogManager->resolve('deprecations', Array)
#1 C:/Users/EMANUELCLEMENTEMARTI/Downloads/sistema hotel/vendor/laravel/framework/src/Illuminate/Log/LogManager.php(125): Illuminate/Log/LogManager->get('deprecations')
#2 C:/Users/EMANUELCLEMENTEMARTI/Downloads/sistema hotel/vendor/laravel/framework/src/Illuminate/Log/LogManager.php(114): Illuminate/Log/LogManager->driver('deprecations')
#3 C:/Users/EMANUELCLEMENTEMARTI/Downloads/sistema hotel/vendor/laravel/framework/src/Illuminate/Foundation/Bootstrap/HandleExceptions.php(105): Illuminate/Log/LogManager->channel('deprecations')
#4 C:/Users/EMANUELCLEMENTEMARTI/Downloads/sistema hotel/vendor/laravel/framework/src/Illuminate/Foundation/Bootstrap/HandleExceptions.php(74): Illuminate/Foundation/Bootstrap/HandleExceptions->handleDeprecationError('League//Flysyste...', 'C://Users//EMANUE...', 0, 8192)
#5 C:/Users/EMANUELCLEMENTEMARTI/Downloads/sistema hotel/vendor/laravel/framework/src/Illuminate/Foundation/Bootstrap/HandleExceptions.php(258): Illuminate/Foundation/Bootstrap/HandleExceptions->handleError(8192, 'League//Flysyste...', 'C://Users//EMANUE...', 0)
#6 C:/Users/EMANUELCLEMENTEMARTI/Downloads/sistema hotel/vendor/composer/ClassLoader.php(576): Illuminate/Foundation/Bootstrap/HandleExceptions->{closure:Illuminate/Foundation/Bootstrap/HandleExceptions::forwardsTo():257}(8192, 'League//Flysyste...', 'C://Users//EMANUE...', 0)
#7 C:/Users/EMANUELCLEMENTEMARTI/Downloads/sistema hotel/vendor/composer/ClassLoader.php(576): include('C://Users//EMANUE...')
#8 C:/Users/EMANUELCLEMENTEMARTI/Downloads/sistema hotel/vendor/composer/ClassLoader.php(427): {closure:Composer/Autoload/ClassLoader::initializeIncludeClosure():575}('C://Users//EMANUE...')
#9 C:/Users/EMANUELCLEMENTEMARTI/Downloads/sistema hotel/vendor/laravel/framework/src/Illuminate/Filesystem/FilesystemManager.php(257): Composer/Autoload/ClassLoader->loadClass('League//Flysyste...')
#10 C:/Users/EMANUELCLEMENTEMARTI/Downloads/sistema hotel/vendor/laravel/framework/src/Illuminate/Filesystem/FilesystemManager.php(153): Illuminate/Filesystem/FilesystemManager->createS3Driver(Array, 'supabase')
#11 C:/Users/EMANUELCLEMENTEMARTI/Downloads/sistema hotel/vendor/laravel/framework/src/Illuminate/Filesystem/FilesystemManager.php(121): Illuminate/Filesystem/FilesystemManager->resolve('supabase')
#12 C:/Users/EMANUELCLEMENTEMARTI/Downloads/sistema hotel/vendor/laravel/framework/src/Illuminate/Filesystem/FilesystemManager.php(84): Illuminate/Filesystem/FilesystemManager->get('supabase')
#13 C:/Users/EMANUELCLEMENTEMARTI/Downloads/sistema hotel/vendor/laravel/framework/src/Illuminate/Support/Facades/Facade.php(363): Illuminate/Filesystem/FilesystemManager->disk('supabase')
#14 C:/Users/EMANUELCLEMENTEMARTI/Downloads/sistema hotel/vendor/livewire/livewire/src/Features/SupportFileUploads/FileUploadConfiguration.php(27): Illuminate/Support/Facades/Facade::__callStatic('disk', Array)
#15 C:/Users/EMANUELCLEMENTEMARTI/Downloads/sistema hotel/vendor/livewire/livewire/src/Features/SupportFileUploads/GenerateSignedUploadUrl.php(20): Livewire/Features/SupportFileUploads/FileUploadConfiguration::storage()
#16 C:/Users/EMANUELCLEMENTEMARTI/Downloads/sistema hotel/vendor/laravel/framework/src/Illuminate/Support/Facades/Facade.php(363): Livewire/Features/SupportFileUploads/GenerateSignedUploadUrl->forS3(Object(Illuminate/Http/Testing/File))
#17 C:/Users/EMANUELCLEMENTEMARTI/Downloads/sistema hotel/vendor/livewire/livewire/src/Features/SupportFileUploads/WithFileUploads.php(20): Illuminate/Support/Facades/Facade::__callStatic('forS3', Array)
#18 C:/Users/EMANUELCLEMENTEMARTI/Downloads/sistema hotel/vendor/laravel/framework/src/Illuminate/Container/BoundMethod.php(36): App/Livewire/ImageManager->_startUpload('imagen', Array, false)
#19 C:/Users/EMANUELCLEMENTEMARTI/Downloads/sistema hotel/vendor/laravel/framework/src/Illuminate/Container/Util.php(43): Illuminate/Container/BoundMethod::{closure:Illuminate/Container/BoundMethod::call():35}()
#20 C:/Users/EMANUELCLEMENTEMARTI/Downloads/sistema hotel/vendor/laravel/framework/src/Illuminate/Container/BoundMethod.php(96): Illuminate/Container/Util::unwrapIfClosure(Object(Closure))
#21 C:/Users/EMANUELCLEMENTEMARTI/Downloads/sistema hotel/vendor/laravel/framework/src/Illuminate/Container/BoundMethod.php(35): Illuminate/Container/BoundMethod::callBoundMethod(Object(Illuminate/Foundation/Application), Array, Object(Closure))
#22 C:/Users/EMANUELCLEMENTEMARTI/Downloads/sistema hotel/vendor/livewire/livewire/src/Wrapped.php(23): Illuminate/Container/BoundMethod::call(Object(Illuminate/Foundation/Application), Array, Array)
#23 C:/Users/EMANUELCLEMENTEMARTI/Downloads/sistema hotel/vendor/livewire/livewire/src/Mechanisms/HandleComponents/HandleComponents.php(492): Livewire/Wrapped->__call('_startUpload', Array)
#24 C:/Users/EMANUELCLEMENTEMARTI/Downloads/sistema hotel/vendor/livewire/livewire/src/Mechanisms/HandleComponents/HandleComponents.php(101): Livewire/Mechanisms/HandleComponents/HandleComponents->callMethods(Object(App/Livewire/ImageManager), Array, Object(Livewire/Mechanisms/HandleComponents/ComponentContext))
#25 C:/Users/EMANUELCLEMENTEMARTI/Downloads/sistema hotel/vendor/livewire/livewire/src/LivewireManager.php(102): Livewire/Mechanisms/HandleComponents/HandleComponents->update(Array, Array, Array)
#26 C:/Users/EMANUELCLEMENTEMARTI/Downloads/sistema hotel/vendor/livewire/livewire/src/Mechanisms/HandleRequests/HandleRequests.php(131): Livewire/LivewireManager->update(Array, Array, Array)
#27 C:/Users/EMANUELCLEMENTEMARTI/Downloads/sistema hotel/vendor/laravel/framework/src/Illuminate/Routing/ControllerDispatcher.php(46): Livewire/Mechanisms/HandleRequests/HandleRequests->handleUpdate()
#28 C:/Users/EMANUELCLEMENTEMARTI/Downloads/sistema hotel/vendor/laravel/framework/src/Illuminate/Routing/Route.php(265): Illuminate/Routing/ControllerDispatcher->dispatch(Object(Illuminate/Routing/Route), Object(Livewire/Mechanisms/HandleRequests/HandleRequests), 'handleUpdate')
#29 C:/Users/EMANUELCLEMENTEMARTI/Downloads/sistema hotel/vendor/laravel/framework/src/Illuminate/Routing/Route.php(211): Illuminate/Routing/Route->runController()
#30 C:/Users/EMANUELCLEMENTEMARTI/Downloads/sistema hotel/vendor/laravel/framework/src/Illuminate/Routing/Router.php(822): Illuminate/Routing/Route->run()
#31 C:/Users/EMANUELCLEMENTEMARTI/Downloads/sistema hotel/vendor/laravel/framework/src/Illuminate/Pipeline/Pipeline.php(180): Illuminate/Routing/Router->{closure:Illuminate/Routing/Router::runRouteWithinStack():821}(Object(Illuminate/Http/Request))
#32 C:/Users/EMANUELCLEMENTEMARTI/Downloads/sistema hotel/vendor/laravel/framework/src/Illuminate/Routing/Middleware/SubstituteBindings.php(50): Illuminate/Pipeline/Pipeline->{closure:Illuminate/Pipeline/Pipeline::prepareDestination():178}(Object(Illuminate/Http/Request))
#33 C:/Users/EMANUELCLEMENTEMARTI/Downloads/sistema hotel/vendor/laravel/framework/src/Illuminate/Pipeline/Pipeline.php(219): Illuminate/Routing/Middleware/SubstituteBindings->handle(Object(Illuminate/Http/Request), Object(Closure))
#34 C:/Users/EMANUELCLEMENTEMARTI/Downloads/sistema hotel/vendor/laravel/framework/src/Illuminate/Foundation/Http/Middleware/VerifyCsrfToken.php(87): Illuminate/Pipeline/Pipeline->{closure:{closure:Illuminate/Pipeline/Pipeline::carry():194}:195}(Object(Illuminate/Http/Request))
#35 C:/Users/EMANUELCLEMENTEMARTI/Downloads/sistema hotel/vendor/laravel/framework/src/Illuminate/Pipeline/Pipeline.php(219): Illuminate/Foundation/Http/Middleware/VerifyCsrfToken->handle(Object(Illuminate/Http/Request), Object(Closure))
#36 C:/Users/EMANUELCLEMENTEMARTI/Downloads/sistema hotel/vendor/laravel/framework/src/Illuminate/View/Middleware/ShareErrorsFromSession.php(48): Illuminate/Pipeline/Pipeline->{closure:{closure:Illuminate/Pipeline/Pipeline::carry():194}:195}(Object(Illuminate/Http/Request))
#37 C:/Users/EMANUELCLEMENTEMARTI/Downloads/sistema hotel/vendor/laravel/framework/src/Illuminate/Pipeline/Pipeline.php(219): Illuminate/View/Middleware/ShareErrorsFromSession->handle(Object(Illuminate/Http/Request), Object(Closure))
#38 C:/Users/EMANUELCLEMENTEMARTI/Downloads/sistema hotel/vendor/laravel/framework/src/Illuminate/Session/Middleware/StartSession.php(120): Illuminate/Pipeline/Pipeline->{closure:{closure:Illuminate/Pipeline/Pipeline::carry():194}:195}(Object(Illuminate/Http/Request))
#39 C:/Users/EMANUELCLEMENTEMARTI/Downloads/sistema hotel/vendor/laravel/framework/src/Illuminate/Session/Middleware/StartSession.php(63): Illuminate/Session/Middleware/StartSession->handleStatefulRequest(Object(Illuminate/Http/Request), Object(Illuminate/Session/Store), Object(Closure))
#40 C:/Users/EMANUELCLEMENTEMARTI/Downloads/sistema hotel/vendor/laravel/framework/src/Illuminate/Pipeline/Pipeline.php(219): Illuminate/Session/Middleware/StartSession->handle(Object(Illuminate/Http/Request), Object(Closure))
#41 C:/Users/EMANUELCLEMENTEMARTI/Downloads/sistema hotel/vendor/laravel/framework/src/Illuminate/Cookie/Middleware/AddQueuedCookiesToResponse.php(36): Illuminate/Pipeline/Pipeline->{closure:{closure:Illuminate/Pipeline/Pipeline::carry():194}:195}(Object(Illuminate/Http/Request))
#42 C:/Users/EMANUELCLEMENTEMARTI/Downloads/sistema hotel/vendor/laravel/framework/src/Illuminate/Pipeline/Pipeline.php(219): Illuminate/Cookie/Middleware/AddQueuedCookiesToResponse->handle(Object(Illuminate/Http/Request), Object(Closure))
#43 C:/Users/EMANUELCLEMENTEMARTI/Downloads/sistema hotel/vendor/laravel/framework/src/Illuminate/Cookie/Middleware/EncryptCookies.php(74): Illuminate/Pipeline/Pipeline->{closure:{closure:Illuminate/Pipeline/Pipeline::carry():194}:195}(Object(Illuminate/Http/Request))
#44 C:/Users/EMANUELCLEMENTEMARTI/Downloads/sistema hotel/vendor/laravel/framework/src/Illuminate/Pipeline/Pipeline.php(219): Illuminate/Cookie/Middleware/EncryptCookies->handle(Object(Illuminate/Http/Request), Object(Closure))
#45 C:/Users/EMANUELCLEMENTEMARTI/Downloads/sistema hotel/vendor/laravel/framework/src/Illuminate/Pipeline/Pipeline.php(137): Illuminate/Pipeline/Pipeline->{closure:{closure:Illuminate/Pipeline/Pipeline::carry():194}:195}(Object(Illuminate/Http/Request))
#46 C:/Users/EMANUELCLEMENTEMARTI/Downloads/sistema hotel/vendor/laravel/framework/src/Illuminate/Routing/Router.php(821): Illuminate/Pipeline/Pipeline->then(Object(Closure))
#47 C:/Users/EMANUELCLEMENTEMARTI/Downloads/sistema hotel/vendor/laravel/framework/src/Illuminate/Routing/Router.php(800): Illuminate/Routing/Router->runRouteWithinStack(Object(Illuminate/Routing/Route), Object(Illuminate/Http/Request))
#48 C:/Users/EMANUELCLEMENTEMARTI/Downloads/sistema hotel/vendor/laravel/framework/src/Illuminate/Routing/Router.php(764): Illuminate/Routing/Router->runRoute(Object(Illuminate/Http/Request), Object(Illuminate/Routing/Route))
#49 C:/Users/EMANUELCLEMENTEMARTI/Downloads/sistema hotel/vendor/laravel/framework/src/Illuminate/Routing/Router.php(753): Illuminate/Routing/Router->dispatchToRoute(Object(Illuminate/Http/Request))
#50 C:/Users/EMANUELCLEMENTEMARTI/Downloads/sistema hotel/vendor/laravel/framework/src/Illuminate/Foundation/Http/Kernel.php(200): Illuminate/Routing/Router->dispatch(Object(Illuminate/Http/Request))
#51 C:/Users/EMANUELCLEMENTEMARTI/Downloads/sistema hotel/vendor/laravel/framework/src/Illuminate/Pipeline/Pipeline.php(180): Illuminate/Foundation/Http/Kernel->{closure:Illuminate/Foundation/Http/Kernel::dispatchToRouter():197}(Object(Illuminate/Http/Request))
#52 C:/Users/EMANUELCLEMENTEMARTI/Downloads/sistema hotel/vendor/livewire/livewire/src/Features/SupportDisablingBackButtonCache/DisableBackButtonCacheMiddleware.php(19): Illuminate/Pipeline/Pipeline->{closure:Illuminate/Pipeline/Pipeline::prepareDestination():178}(Object(Illuminate/Http/Request))
#53 C:/Users/EMANUELCLEMENTEMARTI/Downloads/sistema hotel/vendor/laravel/framework/src/Illuminate/Pipeline/Pipeline.php(219): Livewire/Features/SupportDisablingBackButtonCache/DisableBackButtonCacheMiddleware->handle(Object(Illuminate/Http/Request), Object(Closure))
#54 C:/Users/EMANUELCLEMENTEMARTI/Downloads/sistema hotel/vendor/laravel/framework/src/Illuminate/Foundation/Http/Middleware/ConvertEmptyStringsToNull.php(27): Illuminate/Pipeline/Pipeline->{closure:{closure:Illuminate/Pipeline/Pipeline::carry():194}:195}(Object(Illuminate/Http/Request))
#55 C:/Users/EMANUELCLEMENTEMARTI/Downloads/sistema hotel/vendor/laravel/framework/src/Illuminate/Pipeline/Pipeline.php(219): Illuminate/Foundation/Http/Middleware/ConvertEmptyStringsToNull->handle(Object(Illuminate/Http/Request), Object(Closure))
#56 C:/Users/EMANUELCLEMENTEMARTI/Downloads/sistema hotel/vendor/laravel/framework/src/Illuminate/Foundation/Http/Middleware/TrimStrings.php(47): Illuminate/Pipeline/Pipeline->{closure:{closure:Illuminate/Pipeline/Pipeline::carry():194}:195}(Object(Illuminate/Http/Request))
#57 C:/Users/EMANUELCLEMENTEMARTI/Downloads/sistema hotel/vendor/laravel/framework/src/Illuminate/Pipeline/Pipeline.php(219): Illuminate/Foundation/Http/Middleware/TrimStrings->handle(Object(Illuminate/Http/Request), Object(Closure))
#58 C:/Users/EMANUELCLEMENTEMARTI/Downloads/sistema hotel/vendor/laravel/framework/src/Illuminate/Http/Middleware/ValidatePostSize.php(27): Illuminate/Pipeline/Pipeline->{closure:{closure:Illuminate/Pipeline/Pipeline::carry():194}:195}(Object(Illuminate/Http/Request))
#59 C:/Users/EMANUELCLEMENTEMARTI/Downloads/sistema hotel/vendor/laravel/framework/src/Illuminate/Pipeline/Pipeline.php(219): Illuminate/Http/Middleware/ValidatePostSize->handle(Object(Illuminate/Http/Request), Object(Closure))
#60 C:/Users/EMANUELCLEMENTEMARTI/Downloads/sistema hotel/vendor/laravel/framework/src/Illuminate/Foundation/Http/Middleware/PreventRequestsDuringMaintenance.php(109): Illuminate/Pipeline/Pipeline->{closure:{closure:Illuminate/Pipeline/Pipeline::carry():194}:195}(Object(Illuminate/Http/Request))
#61 C:/Users/EMANUELCLEMENTEMARTI/Downloads/sistema hotel/vendor/laravel/framework/src/Illuminate/Pipeline/Pipeline.php(219): Illuminate/Foundation/Http/Middleware/PreventRequestsDuringMaintenance->handle(Object(Illuminate/Http/Request), Object(Closure))
#62 C:/Users/EMANUELCLEMENTEMARTI/Downloads/sistema hotel/vendor/laravel/framework/src/Illuminate/Http/Middleware/HandleCors.php(61): Illuminate/Pipeline/Pipeline->{closure:{closure:Illuminate/Pipeline/Pipeline::carry():194}:195}(Object(Illuminate/Http/Request))
#63 C:/Users/EMANUELCLEMENTEMARTI/Downloads/sistema hotel/vendor/laravel/framework/src/Illuminate/Pipeline/Pipeline.php(219): Illuminate/Http/Middleware/HandleCors->handle(Object(Illuminate/Http/Request), Object(Closure))
#64 C:/Users/EMANUELCLEMENTEMARTI/Downloads/sistema hotel/vendor/laravel/framework/src/Illuminate/Http/Middleware/TrustProxies.php(58): Illuminate/Pipeline/Pipeline->{closure:{closure:Illuminate/Pipeline/Pipeline::carry():194}:195}(Object(Illuminate/Http/Request))
#65 C:/Users/EMANUELCLEMENTEMARTI/Downloads/sistema hotel/vendor/laravel/framework/src/Illuminate/Pipeline/Pipeline.php(219): Illuminate/Http/Middleware/TrustProxies->handle(Object(Illuminate/Http/Request), Object(Closure))
#66 C:/Users/EMANUELCLEMENTEMARTI/Downloads/sistema hotel/vendor/laravel/framework/src/Illuminate/Foundation/Http/Middleware/InvokeDeferredCallbacks.php(22): Illuminate/Pipeline/Pipeline->{closure:{closure:Illuminate/Pipeline/Pipeline::carry():194}:195}(Object(Illuminate/Http/Request))
#67 C:/Users/EMANUELCLEMENTEMARTI/Downloads/sistema hotel/vendor/laravel/framework/src/Illuminate/Pipeline/Pipeline.php(219): Illuminate/Foundation/Http/Middleware/InvokeDeferredCallbacks->handle(Object(Illuminate/Http/Request), Object(Closure))
#68 C:/Users/EMANUELCLEMENTEMARTI/Downloads/sistema hotel/vendor/laravel/framework/src/Illuminate/Http/Middleware/ValidatePathEncoding.php(26): Illuminate/Pipeline/Pipeline->{closure:{closure:Illuminate/Pipeline/Pipeline::carry():194}:195}(Object(Illuminate/Http/Request))
#69 C:/Users/EMANUELCLEMENTEMARTI/Downloads/sistema hotel/vendor/laravel/framework/src/Illuminate/Pipeline/Pipeline.php(219): Illuminate/Http/Middleware/ValidatePathEncoding->handle(Object(Illuminate/Http/Request), Object(Closure))
#70 C:/Users/EMANUELCLEMENTEMARTI/Downloads/sistema hotel/vendor/laravel/framework/src/Illuminate/Pipeline/Pipeline.php(137): Illuminate/Pipeline/Pipeline->{closure:{closure:Illuminate/Pipeline/Pipeline::carry():194}:195}(Object(Illuminate/Http/Request))
#71 C:/Users/EMANUELCLEMENTEMARTI/Downloads/sistema hotel/vendor/laravel/framework/src/Illuminate/Foundation/Http/Kernel.php(175): Illuminate/Pipeline/Pipeline->then(Object(Closure))
#72 C:/Users/EMANUELCLEMENTEMARTI/Downloads/sistema hotel/vendor/laravel/framework/src/Illuminate/Foundation/Http/Kernel.php(144): Illuminate/Foundation/Http/Kernel->sendRequestThroughRouter(Object(Illuminate/Http/Request))
#73 C:/Users/EMANUELCLEMENTEMARTI/Downloads/sistema hotel/vendor/laravel/framework/src/Illuminate/Foundation/Application.php(1220): Illuminate/Foundation/Http/Kernel->handle(Object(Illuminate/Http/Request))
#74 C:/Users/EMANUELCLEMENTEMARTI/Downloads/sistema hotel/public/index.php(17): Illuminate/Foundation/Application->handleRequest(Object(Illuminate/Http/Request))
#75 C:/Users/EMANUELCLEMENTEMARTI/Downloads/sistema hotel/vendor/laravel/framework/src/Illuminate/Foundation/resources/server.php(23): require_once('C://Users//EMANUE...')
#76 {main}
"} 
[2026-03-31 18:15:18] laravel.WARNING: League\Flysystem\AwsS3V3\AwsS3V3Adapter::__construct(): Implicitly marking parameter $mimeTypeDetector as nullable is deprecated, the explicit nullable type must be used instead in C:\Users\EMANUELCLEMENTEMARTI\Downloads\sistema hotel\vendor\league\flysystem-aws-s3-v3\AwsS3V3Adapter.php on line 0  
[2026-03-31 18:15:18] laravel.EMERGENCY: Unable to create configured logger. Using emergency logger. {"exception":"[object] (InvalidArgumentException(code: 0): Driver [null] is not supported. at C:/Users/EMANUELCLEMENTEMARTI/Downloads/sistema hotel/vendor/laravel/framework/src/Illuminate/Log/LogManager.php:235)
[stacktrace]
#0 C:/Users/EMANUELCLEMENTEMARTI/Downloads/sistema hotel/vendor/laravel/framework/src/Illuminate/Log/LogManager.php(138): Illuminate/Log/LogManager->resolve('deprecations', Array)
#1 C:/Users/EMANUELCLEMENTEMARTI/Downloads/sistema hotel/vendor/laravel/framework/src/Illuminate/Log/LogManager.php(125): Illuminate/Log/LogManager->get('deprecations')
#2 C:/Users/EMANUELCLEMENTEMARTI/Downloads/sistema hotel/vendor/laravel/framework/src/Illuminate/Log/LogManager.php(114): Illuminate/Log/LogManager->driver('deprecations')
#3 C:/Users/EMANUELCLEMENTEMARTI/Downloads/sistema hotel/vendor/laravel/framework/src/Illuminate/Foundation/Bootstrap/HandleExceptions.php(105): Illuminate/Log/LogManager->channel('deprecations')
#4 C:/Users/EMANUELCLEMENTEMARTI/Downloads/sistema hotel/vendor/laravel/framework/src/Illuminate/Foundation/Bootstrap/HandleExceptions.php(74): Illuminate/Foundation/Bootstrap/HandleExceptions->handleDeprecationError('League//Flysyste...', 'C://Users//EMANUE...', 295, 8192)
#5 C:/Users/EMANUELCLEMENTEMARTI/Downloads/sistema hotel/vendor/laravel/framework/src/Illuminate/Foundation/Bootstrap/HandleExceptions.php(258): Illuminate/Foundation/Bootstrap/HandleExceptions->handleError(8192, 'League//Flysyste...', 'C://Users//EMANUE...', 295)
#6 C:/Users/EMANUELCLEMENTEMARTI/Downloads/sistema hotel/vendor/composer/ClassLoader.php(576): Illuminate/Foundation/Bootstrap/HandleExceptions->{closure:Illuminate/Foundation/Bootstrap/HandleExceptions::forwardsTo():257}(8192, 'League//Flysyste...', 'C://Users//EMANUE...', 295)
#7 C:/Users/EMANUELCLEMENTEMARTI/Downloads/sistema hotel/vendor/composer/ClassLoader.php(576): include('C://Users//EMANUE...')
#8 C:/Users/EMANUELCLEMENTEMARTI/Downloads/sistema hotel/vendor/composer/ClassLoader.php(427): {closure:Composer/Autoload/ClassLoader::initializeIncludeClosure():575}('C://Users//EMANUE...')
#9 C:/Users/EMANUELCLEMENTEMARTI/Downloads/sistema hotel/vendor/laravel/framework/src/Illuminate/Filesystem/FilesystemManager.php(257): Composer/Autoload/ClassLoader->loadClass('League//Flysyste...')
#10 C:/Users/EMANUELCLEMENTEMARTI/Downloads/sistema hotel/vendor/laravel/framework/src/Illuminate/Filesystem/FilesystemManager.php(153): Illuminate/Filesystem/FilesystemManager->createS3Driver(Array, 'supabase')
#11 C:/Users/EMANUELCLEMENTEMARTI/Downloads/sistema hotel/vendor/laravel/framework/src/Illuminate/Filesystem/FilesystemManager.php(121): Illuminate/Filesystem/FilesystemManager->resolve('supabase')
#12 C:/Users/EMANUELCLEMENTEMARTI/Downloads/sistema hotel/vendor/laravel/framework/src/Illuminate/Filesystem/FilesystemManager.php(84): Illuminate/Filesystem/FilesystemManager->get('supabase')
#13 C:/Users/EMANUELCLEMENTEMARTI/Downloads/sistema hotel/vendor/laravel/framework/src/Illuminate/Support/Facades/Facade.php(363): Illuminate/Filesystem/FilesystemManager->disk('supabase')
#14 C:/Users/EMANUELCLEMENTEMARTI/Downloads/sistema hotel/vendor/livewire/livewire/src/Features/SupportFileUploads/FileUploadConfiguration.php(27): Illuminate/Support/Facades/Facade::__callStatic('disk', Array)
#15 C:/Users/EMANUELCLEMENTEMARTI/Downloads/sistema hotel/vendor/livewire/livewire/src/Features/SupportFileUploads/GenerateSignedUploadUrl.php(20): Livewire/Features/SupportFileUploads/FileUploadConfiguration::storage()
#16 C:/Users/EMANUELCLEMENTEMARTI/Downloads/sistema hotel/vendor/laravel/framework/src/Illuminate/Support/Facades/Facade.php(363): Livewire/Features/SupportFileUploads/GenerateSignedUploadUrl->forS3(Object(Illuminate/Http/Testing/File))
#17 C:/Users/EMANUELCLEMENTEMARTI/Downloads/sistema hotel/vendor/livewire/livewire/src/Features/SupportFileUploads/WithFileUploads.php(20): Illuminate/Support/Facades/Facade::__callStatic('forS3', Array)
#18 C:/Users/EMANUELCLEMENTEMARTI/Downloads/sistema hotel/vendor/laravel/framework/src/Illuminate/Container/BoundMethod.php(36): App/Livewire/ImageManager->_startUpload('imagen', Array, false)
#19 C:/Users/EMANUELCLEMENTEMARTI/Downloads/sistema hotel/vendor/laravel/framework/src/Illuminate/Container/Util.php(43): Illuminate/Container/BoundMethod::{closure:Illuminate/Container/BoundMethod::call():35}()
#20 C:/Users/EMANUELCLEMENTEMARTI/Downloads/sistema hotel/vendor/laravel/framework/src/Illuminate/Container/BoundMethod.php(96): Illuminate/Container/Util::unwrapIfClosure(Object(Closure))
#21 C:/Users/EMANUELCLEMENTEMARTI/Downloads/sistema hotel/vendor/laravel/framework/src/Illuminate/Container/BoundMethod.php(35): Illuminate/Container/BoundMethod::callBoundMethod(Object(Illuminate/Foundation/Application), Array, Object(Closure))
#22 C:/Users/EMANUELCLEMENTEMARTI/Downloads/sistema hotel/vendor/livewire/livewire/src/Wrapped.php(23): Illuminate/Container/BoundMethod::call(Object(Illuminate/Foundation/Application), Array, Array)
#23 C:/Users/EMANUELCLEMENTEMARTI/Downloads/sistema hotel/vendor/livewire/livewire/src/Mechanisms/HandleComponents/HandleComponents.php(492): Livewire/Wrapped->__call('_startUpload', Array)
#24 C:/Users/EMANUELCLEMENTEMARTI/Downloads/sistema hotel/vendor/livewire/livewire/src/Mechanisms/HandleComponents/HandleComponents.php(101): Livewire/Mechanisms/HandleComponents/HandleComponents->callMethods(Object(App/Livewire/ImageManager), Array, Object(Livewire/Mechanisms/HandleComponents/ComponentContext))
#25 C:/Users/EMANUELCLEMENTEMARTI/Downloads/sistema hotel/vendor/livewire/livewire/src/LivewireManager.php(102): Livewire/Mechanisms/HandleComponents/HandleComponents->update(Array, Array, Array)
#26 C:/Users/EMANUELCLEMENTEMARTI/Downloads/sistema hotel/vendor/livewire/livewire/src/Mechanisms/HandleRequests/HandleRequests.php(131): Livewire/LivewireManager->update(Array, Array, Array)
#27 C:/Users/EMANUELCLEMENTEMARTI/Downloads/sistema hotel/vendor/laravel/framework/src/Illuminate/Routing/ControllerDispatcher.php(46): Livewire/Mechanisms/HandleRequests/HandleRequests->handleUpdate()
#28 C:/Users/EMANUELCLEMENTEMARTI/Downloads/sistema hotel/vendor/laravel/framework/src/Illuminate/Routing/Route.php(265): Illuminate/Routing/ControllerDispatcher->dispatch(Object(Illuminate/Routing/Route), Object(Livewire/Mechanisms/HandleRequests/HandleRequests), 'handleUpdate')
#29 C:/Users/EMANUELCLEMENTEMARTI/Downloads/sistema hotel/vendor/laravel/framework/src/Illuminate/Routing/Route.php(211): Illuminate/Routing/Route->runController()
#30 C:/Users/EMANUELCLEMENTEMARTI/Downloads/sistema hotel/vendor/laravel/framework/src/Illuminate/Routing/Router.php(822): Illuminate/Routing/Route->run()
#31 C:/Users/EMANUELCLEMENTEMARTI/Downloads/sistema hotel/vendor/laravel/framework/src/Illuminate/Pipeline/Pipeline.php(180): Illuminate/Routing/Router->{closure:Illuminate/Routing/Router::runRouteWithinStack():821}(Object(Illuminate/Http/Request))
#32 C:/Users/EMANUELCLEMENTEMARTI/Downloads/sistema hotel/vendor/laravel/framework/src/Illuminate/Routing/Middleware/SubstituteBindings.php(50): Illuminate/Pipeline/Pipeline->{closure:Illuminate/Pipeline/Pipeline::prepareDestination():178}(Object(Illuminate/Http/Request))
#33 C:/Users/EMANUELCLEMENTEMARTI/Downloads/sistema hotel/vendor/laravel/framework/src/Illuminate/Pipeline/Pipeline.php(219): Illuminate/Routing/Middleware/SubstituteBindings->handle(Object(Illuminate/Http/Request), Object(Closure))
#34 C:/Users/EMANUELCLEMENTEMARTI/Downloads/sistema hotel/vendor/laravel/framework/src/Illuminate/Foundation/Http/Middleware/VerifyCsrfToken.php(87): Illuminate/Pipeline/Pipeline->{closure:{closure:Illuminate/Pipeline/Pipeline::carry():194}:195}(Object(Illuminate/Http/Request))
#35 C:/Users/EMANUELCLEMENTEMARTI/Downloads/sistema hotel/vendor/laravel/framework/src/Illuminate/Pipeline/Pipeline.php(219): Illuminate/Foundation/Http/Middleware/VerifyCsrfToken->handle(Object(Illuminate/Http/Request), Object(Closure))
#36 C:/Users/EMANUELCLEMENTEMARTI/Downloads/sistema hotel/vendor/laravel/framework/src/Illuminate/View/Middleware/ShareErrorsFromSession.php(48): Illuminate/Pipeline/Pipeline->{closure:{closure:Illuminate/Pipeline/Pipeline::carry():194}:195}(Object(Illuminate/Http/Request))
#37 C:/Users/EMANUELCLEMENTEMARTI/Downloads/sistema hotel/vendor/laravel/framework/src/Illuminate/Pipeline/Pipeline.php(219): Illuminate/View/Middleware/ShareErrorsFromSession->handle(Object(Illuminate/Http/Request), Object(Closure))
#38 C:/Users/EMANUELCLEMENTEMARTI/Downloads/sistema hotel/vendor/laravel/framework/src/Illuminate/Session/Middleware/StartSession.php(120): Illuminate/Pipeline/Pipeline->{closure:{closure:Illuminate/Pipeline/Pipeline::carry():194}:195}(Object(Illuminate/Http/Request))
#39 C:/Users/EMANUELCLEMENTEMARTI/Downloads/sistema hotel/vendor/laravel/framework/src/Illuminate/Session/Middleware/StartSession.php(63): Illuminate/Session/Middleware/StartSession->handleStatefulRequest(Object(Illuminate/Http/Request), Object(Illuminate/Session/Store), Object(Closure))
#40 C:/Users/EMANUELCLEMENTEMARTI/Downloads/sistema hotel/vendor/laravel/framework/src/Illuminate/Pipeline/Pipeline.php(219): Illuminate/Session/Middleware/StartSession->handle(Object(Illuminate/Http/Request), Object(Closure))
#41 C:/Users/EMANUELCLEMENTEMARTI/Downloads/sistema hotel/vendor/laravel/framework/src/Illuminate/Cookie/Middleware/AddQueuedCookiesToResponse.php(36): Illuminate/Pipeline/Pipeline->{closure:{closure:Illuminate/Pipeline/Pipeline::carry():194}:195}(Object(Illuminate/Http/Request))
#42 C:/Users/EMANUELCLEMENTEMARTI/Downloads/sistema hotel/vendor/laravel/framework/src/Illuminate/Pipeline/Pipeline.php(219): Illuminate/Cookie/Middleware/AddQueuedCookiesToResponse->handle(Object(Illuminate/Http/Request), Object(Closure))
#43 C:/Users/EMANUELCLEMENTEMARTI/Downloads/sistema hotel/vendor/laravel/framework/src/Illuminate/Cookie/Middleware/EncryptCookies.php(74): Illuminate/Pipeline/Pipeline->{closure:{closure:Illuminate/Pipeline/Pipeline::carry():194}:195}(Object(Illuminate/Http/Request))
#44 C:/Users/EMANUELCLEMENTEMARTI/Downloads/sistema hotel/vendor/laravel/framework/src/Illuminate/Pipeline/Pipeline.php(219): Illuminate/Cookie/Middleware/EncryptCookies->handle(Object(Illuminate/Http/Request), Object(Closure))
#45 C:/Users/EMANUELCLEMENTEMARTI/Downloads/sistema hotel/vendor/laravel/framework/src/Illuminate/Pipeline/Pipeline.php(137): Illuminate/Pipeline/Pipeline->{closure:{closure:Illuminate/Pipeline/Pipeline::carry():194}:195}(Object(Illuminate/Http/Request))
#46 C:/Users/EMANUELCLEMENTEMARTI/Downloads/sistema hotel/vendor/laravel/framework/src/Illuminate/Routing/Router.php(821): Illuminate/Pipeline/Pipeline->then(Object(Closure))
#47 C:/Users/EMANUELCLEMENTEMARTI/Downloads/sistema hotel/vendor/laravel/framework/src/Illuminate/Routing/Router.php(800): Illuminate/Routing/Router->runRouteWithinStack(Object(Illuminate/Routing/Route), Object(Illuminate/Http/Request))
#48 C:/Users/EMANUELCLEMENTEMARTI/Downloads/sistema hotel/vendor/laravel/framework/src/Illuminate/Routing/Router.php(764): Illuminate/Routing/Router->runRoute(Object(Illuminate/Http/Request), Object(Illuminate/Routing/Route))
#49 C:/Users/EMANUELCLEMENTEMARTI/Downloads/sistema hotel/vendor/laravel/framework/src/Illuminate/Routing/Router.php(753): Illuminate/Routing/Router->dispatchToRoute(Object(Illuminate/Http/Request))
#50 C:/Users/EMANUELCLEMENTEMARTI/Downloads/sistema hotel/vendor/laravel/framework/src/Illuminate/Foundation/Http/Kernel.php(200): Illuminate/Routing/Router->dispatch(Object(Illuminate/Http/Request))
#51 C:/Users/EMANUELCLEMENTEMARTI/Downloads/sistema hotel/vendor/laravel/framework/src/Illuminate/Pipeline/Pipeline.php(180): Illuminate/Foundation/Http/Kernel->{closure:Illuminate/Foundation/Http/Kernel::dispatchToRouter():197}(Object(Illuminate/Http/Request))
#52 C:/Users/EMANUELCLEMENTEMARTI/Downloads/sistema hotel/vendor/livewire/livewire/src/Features/SupportDisablingBackButtonCache/DisableBackButtonCacheMiddleware.php(19): Illuminate/Pipeline/Pipeline->{closure:Illuminate/Pipeline/Pipeline::prepareDestination():178}(Object(Illuminate/Http/Request))
#53 C:/Users/EMANUELCLEMENTEMARTI/Downloads/sistema hotel/vendor/laravel/framework/src/Illuminate/Pipeline/Pipeline.php(219): Livewire/Features/SupportDisablingBackButtonCache/DisableBackButtonCacheMiddleware->handle(Object(Illuminate/Http/Request), Object(Closure))
#54 C:/Users/EMANUELCLEMENTEMARTI/Downloads/sistema hotel/vendor/laravel/framework/src/Illuminate/Foundation/Http/Middleware/ConvertEmptyStringsToNull.php(27): Illuminate/Pipeline/Pipeline->{closure:{closure:Illuminate/Pipeline/Pipeline::carry():194}:195}(Object(Illuminate/Http/Request))
#55 C:/Users/EMANUELCLEMENTEMARTI/Downloads/sistema hotel/vendor/laravel/framework/src/Illuminate/Pipeline/Pipeline.php(219): Illuminate/Foundation/Http/Middleware/ConvertEmptyStringsToNull->handle(Object(Illuminate/Http/Request), Object(Closure))
#56 C:/Users/EMANUELCLEMENTEMARTI/Downloads/sistema hotel/vendor/laravel/framework/src/Illuminate/Foundation/Http/Middleware/TrimStrings.php(47): Illuminate/Pipeline/Pipeline->{closure:{closure:Illuminate/Pipeline/Pipeline::carry():194}:195}(Object(Illuminate/Http/Request))
#57 C:/Users/EMANUELCLEMENTEMARTI/Downloads/sistema hotel/vendor/laravel/framework/src/Illuminate/Pipeline/Pipeline.php(219): Illuminate/Foundation/Http/Middleware/TrimStrings->handle(Object(Illuminate/Http/Request), Object(Closure))
#58 C:/Users/EMANUELCLEMENTEMARTI/Downloads/sistema hotel/vendor/laravel/framework/src/Illuminate/Http/Middleware/ValidatePostSize.php(27): Illuminate/Pipeline/Pipeline->{closure:{closure:Illuminate/Pipeline/Pipeline::carry():194}:195}(Object(Illuminate/Http/Request))
#59 C:/Users/EMANUELCLEMENTEMARTI/Downloads/sistema hotel/vendor/laravel/framework/src/Illuminate/Pipeline/Pipeline.php(219): Illuminate/Http/Middleware/ValidatePostSize->handle(Object(Illuminate/Http/Request), Object(Closure))
#60 C:/Users/EMANUELCLEMENTEMARTI/Downloads/sistema hotel/vendor/laravel/framework/src/Illuminate/Foundation/Http/Middleware/PreventRequestsDuringMaintenance.php(109): Illuminate/Pipeline/Pipeline->{closure:{closure:Illuminate/Pipeline/Pipeline::carry():194}:195}(Object(Illuminate/Http/Request))
#61 C:/Users/EMANUELCLEMENTEMARTI/Downloads/sistema hotel/vendor/laravel/framework/src/Illuminate/Pipeline/Pipeline.php(219): Illuminate/Foundation/Http/Middleware/PreventRequestsDuringMaintenance->handle(Object(Illuminate/Http/Request), Object(Closure))
#62 C:/Users/EMANUELCLEMENTEMARTI/Downloads/sistema hotel/vendor/laravel/framework/src/Illuminate/Http/Middleware/HandleCors.php(61): Illuminate/Pipeline/Pipeline->{closure:{closure:Illuminate/Pipeline/Pipeline::carry():194}:195}(Object(Illuminate/Http/Request))
#63 C:/Users/EMANUELCLEMENTEMARTI/Downloads/sistema hotel/vendor/laravel/framework/src/Illuminate/Pipeline/Pipeline.php(219): Illuminate/Http/Middleware/HandleCors->handle(Object(Illuminate/Http/Request), Object(Closure))
#64 C:/Users/EMANUELCLEMENTEMARTI/Downloads/sistema hotel/vendor/laravel/framework/src/Illuminate/Http/Middleware/TrustProxies.php(58): Illuminate/Pipeline/Pipeline->{closure:{closure:Illuminate/Pipeline/Pipeline::carry():194}:195}(Object(Illuminate/Http/Request))
#65 C:/Users/EMANUELCLEMENTEMARTI/Downloads/sistema hotel/vendor/laravel/framework/src/Illuminate/Pipeline/Pipeline.php(219): Illuminate/Http/Middleware/TrustProxies->handle(Object(Illuminate/Http/Request), Object(Closure))
#66 C:/Users/EMANUELCLEMENTEMARTI/Downloads/sistema hotel/vendor/laravel/framework/src/Illuminate/Foundation/Http/Middleware/InvokeDeferredCallbacks.php(22): Illuminate/Pipeline/Pipeline->{closure:{closure:Illuminate/Pipeline/Pipeline::carry():194}:195}(Object(Illuminate/Http/Request))
#67 C:/Users/EMANUELCLEMENTEMARTI/Downloads/sistema hotel/vendor/laravel/framework/src/Illuminate/Pipeline/Pipeline.php(219): Illuminate/Foundation/Http/Middleware/InvokeDeferredCallbacks->handle(Object(Illuminate/Http/Request), Object(Closure))
#68 C:/Users/EMANUELCLEMENTEMARTI/Downloads/sistema hotel/vendor/laravel/framework/src/Illuminate/Http/Middleware/ValidatePathEncoding.php(26): Illuminate/Pipeline/Pipeline->{closure:{closure:Illuminate/Pipeline/Pipeline::carry():194}:195}(Object(Illuminate/Http/Request))
#69 C:/Users/EMANUELCLEMENTEMARTI/Downloads/sistema hotel/vendor/laravel/framework/src/Illuminate/Pipeline/Pipeline.php(219): Illuminate/Http/Middleware/ValidatePathEncoding->handle(Object(Illuminate/Http/Request), Object(Closure))
#70 C:/Users/EMANUELCLEMENTEMARTI/Downloads/sistema hotel/vendor/laravel/framework/src/Illuminate/Pipeline/Pipeline.php(137): Illuminate/Pipeline/Pipeline->{closure:{closure:Illuminate/Pipeline/Pipeline::carry():194}:195}(Object(Illuminate/Http/Request))
#71 C:/Users/EMANUELCLEMENTEMARTI/Downloads/sistema hotel/vendor/laravel/framework/src/Illuminate/Foundation/Http/Kernel.php(175): Illuminate/Pipeline/Pipeline->then(Object(Closure))
#72 C:/Users/EMANUELCLEMENTEMARTI/Downloads/sistema hotel/vendor/laravel/framework/src/Illuminate/Foundation/Http/Kernel.php(144): Illuminate/Foundation/Http/Kernel->sendRequestThroughRouter(Object(Illuminate/Http/Request))
#73 C:/Users/EMANUELCLEMENTEMARTI/Downloads/sistema hotel/vendor/laravel/framework/src/Illuminate/Foundation/Application.php(1220): Illuminate/Foundation/Http/Kernel->handle(Object(Illuminate/Http/Request))
#74 C:/Users/EMANUELCLEMENTEMARTI/Downloads/sistema hotel/public/index.php(17): Illuminate/Foundation/Application->handleRequest(Object(Illuminate/Http/Request))
#75 C:/Users/EMANUELCLEMENTEMARTI/Downloads/sistema hotel/vendor/laravel/framework/src/Illuminate/Foundation/resources/server.php(23): require_once('C://Users//EMANUE...')
#76 {main}
"} 
[2026-03-31 18:15:18] laravel.WARNING: League\Flysystem\AwsS3V3\AwsS3V3Adapter::mapS3ObjectMetadata(): Implicitly marking parameter $path as nullable is deprecated, the explicit nullable type must be used instead in C:\Users\EMANUELCLEMENTEMARTI\Downloads\sistema hotel\vendor\league\flysystem-aws-s3-v3\AwsS3V3Adapter.php on line 295  
[2026-03-31 18:15:24] laravel.EMERGENCY: Unable to create configured logger. Using emergency logger. {"exception":"[object] (InvalidArgumentException(code: 0): Driver [null] is not supported. at C:/Users/EMANUELCLEMENTEMARTI/Downloads/sistema hotel/vendor/laravel/framework/src/Illuminate/Log/LogManager.php:235)
[stacktrace]
#0 C:/Users/EMANUELCLEMENTEMARTI/Downloads/sistema hotel/vendor/laravel/framework/src/Illuminate/Log/LogManager.php(138): Illuminate/Log/LogManager->resolve('deprecations', Array)
#1 C:/Users/EMANUELCLEMENTEMARTI/Downloads/sistema hotel/vendor/laravel/framework/src/Illuminate/Log/LogManager.php(125): Illuminate/Log/LogManager->get('deprecations')
#2 C:/Users/EMANUELCLEMENTEMARTI/Downloads/sistema hotel/vendor/laravel/framework/src/Illuminate/Log/LogManager.php(114): Illuminate/Log/LogManager->driver('deprecations')
#3 C:/Users/EMANUELCLEMENTEMARTI/Downloads/sistema hotel/vendor/laravel/framework/src/Illuminate/Foundation/Bootstrap/HandleExceptions.php(105): Illuminate/Log/LogManager->channel('deprecations')
#4 C:/Users/EMANUELCLEMENTEMARTI/Downloads/sistema hotel/vendor/laravel/framework/src/Illuminate/Foundation/Bootstrap/HandleExceptions.php(74): Illuminate/Foundation/Bootstrap/HandleExceptions->handleDeprecationError('League//Flysyste...', 'C://Users//EMANUE...', 108, 8192)
#5 C:/Users/EMANUELCLEMENTEMARTI/Downloads/sistema hotel/vendor/laravel/framework/src/Illuminate/Foundation/Bootstrap/HandleExceptions.php(258): Illuminate/Foundation/Bootstrap/HandleExceptions->handleError(8192, 'League//Flysyste...', 'C://Users//EMANUE...', 108)
#6 C:/Users/EMANUELCLEMENTEMARTI/Downloads/sistema hotel/vendor/composer/ClassLoader.php(576): Illuminate/Foundation/Bootstrap/HandleExceptions->{closure:Illuminate/Foundation/Bootstrap/HandleExceptions::forwardsTo():257}(8192, 'League//Flysyste...', 'C://Users//EMANUE...', 108)
#7 C:/Users/EMANUELCLEMENTEMARTI/Downloads/sistema hotel/vendor/composer/ClassLoader.php(576): include('C://Users//EMANUE...')
#8 C:/Users/EMANUELCLEMENTEMARTI/Downloads/sistema hotel/vendor/composer/ClassLoader.php(427): {closure:Composer/Autoload/ClassLoader::initializeIncludeClosure():575}('C://Users//EMANUE...')
#9 C:/Users/EMANUELCLEMENTEMARTI/Downloads/sistema hotel/vendor/laravel/framework/src/Illuminate/Filesystem/FilesystemManager.php(257): Composer/Autoload/ClassLoader->loadClass('League//Flysyste...')
#10 C:/Users/EMANUELCLEMENTEMARTI/Downloads/sistema hotel/vendor/laravel/framework/src/Illuminate/Filesystem/FilesystemManager.php(153): Illuminate/Filesystem/FilesystemManager->createS3Driver(Array, 'supabase')
#11 C:/Users/EMANUELCLEMENTEMARTI/Downloads/sistema hotel/vendor/laravel/framework/src/Illuminate/Filesystem/FilesystemManager.php(121): Illuminate/Filesystem/FilesystemManager->resolve('supabase')
#12 C:/Users/EMANUELCLEMENTEMARTI/Downloads/sistema hotel/vendor/laravel/framework/src/Illuminate/Filesystem/FilesystemManager.php(84): Illuminate/Filesystem/FilesystemManager->get('supabase')
#13 C:/Users/EMANUELCLEMENTEMARTI/Downloads/sistema hotel/vendor/laravel/framework/src/Illuminate/Support/Facades/Facade.php(363): Illuminate/Filesystem/FilesystemManager->disk('supabase')
#14 C:/Users/EMANUELCLEMENTEMARTI/Downloads/sistema hotel/vendor/livewire/livewire/src/Features/SupportFileUploads/TemporaryUploadedFile.php(20): Illuminate/Support/Facades/Facade::__callStatic('disk', Array)
#15 C:/Users/EMANUELCLEMENTEMARTI/Downloads/sistema hotel/vendor/livewire/livewire/src/Features/SupportFileUploads/TemporaryUploadedFile.php(200): Livewire/Features/SupportFileUploads/TemporaryUploadedFile->__construct('PTLbW8yKFQPqKNO...', 'supabase')
#16 C:/Users/EMANUELCLEMENTEMARTI/Downloads/sistema hotel/vendor/livewire/livewire/src/Features/SupportFileUploads/WithFileUploads.php(49): Livewire/Features/SupportFileUploads/TemporaryUploadedFile::createFromLivewire('PTLbW8yKFQPqKNO...')
#17 C:/Users/EMANUELCLEMENTEMARTI/Downloads/sistema hotel/vendor/laravel/framework/src/Illuminate/Container/BoundMethod.php(36): App/Livewire/ImageManager->_finishUpload('imagen', Array, false, false)
#18 C:/Users/EMANUELCLEMENTEMARTI/Downloads/sistema hotel/vendor/laravel/framework/src/Illuminate/Container/Util.php(43): Illuminate/Container/BoundMethod::{closure:Illuminate/Container/BoundMethod::call():35}()
#19 C:/Users/EMANUELCLEMENTEMARTI/Downloads/sistema hotel/vendor/laravel/framework/src/Illuminate/Container/BoundMethod.php(96): Illuminate/Container/Util::unwrapIfClosure(Object(Closure))
#20 C:/Users/EMANUELCLEMENTEMARTI/Downloads/sistema hotel/vendor/laravel/framework/src/Illuminate/Container/BoundMethod.php(35): Illuminate/Container/BoundMethod::callBoundMethod(Object(Illuminate/Foundation/Application), Array, Object(Closure))
#21 C:/Users/EMANUELCLEMENTEMARTI/Downloads/sistema hotel/vendor/livewire/livewire/src/Wrapped.php(23): Illuminate/Container/BoundMethod::call(Object(Illuminate/Foundation/Application), Array, Array)
#22 C:/Users/EMANUELCLEMENTEMARTI/Downloads/sistema hotel/vendor/livewire/livewire/src/Mechanisms/HandleComponents/HandleComponents.php(492): Livewire/Wrapped->__call('_finishUpload', Array)
#23 C:/Users/EMANUELCLEMENTEMARTI/Downloads/sistema hotel/vendor/livewire/livewire/src/Mechanisms/HandleComponents/HandleComponents.php(101): Livewire/Mechanisms/HandleComponents/HandleComponents->callMethods(Object(App/Livewire/ImageManager), Array, Object(Livewire/Mechanisms/HandleComponents/ComponentContext))
#24 C:/Users/EMANUELCLEMENTEMARTI/Downloads/sistema hotel/vendor/livewire/livewire/src/LivewireManager.php(102): Livewire/Mechanisms/HandleComponents/HandleComponents->update(Array, Array, Array)
#25 C:/Users/EMANUELCLEMENTEMARTI/Downloads/sistema hotel/vendor/livewire/livewire/src/Mechanisms/HandleRequests/HandleRequests.php(131): Livewire/LivewireManager->update(Array, Array, Array)
#26 C:/Users/EMANUELCLEMENTEMARTI/Downloads/sistema hotel/vendor/laravel/framework/src/Illuminate/Routing/ControllerDispatcher.php(46): Livewire/Mechanisms/HandleRequests/HandleRequests->handleUpdate()
#27 C:/Users/EMANUELCLEMENTEMARTI/Downloads/sistema hotel/vendor/laravel/framework/src/Illuminate/Routing/Route.php(265): Illuminate/Routing/ControllerDispatcher->dispatch(Object(Illuminate/Routing/Route), Object(Livewire/Mechanisms/HandleRequests/HandleRequests), 'handleUpdate')
#28 C:/Users/EMANUELCLEMENTEMARTI/Downloads/sistema hotel/vendor/laravel/framework/src/Illuminate/Routing/Route.php(211): Illuminate/Routing/Route->runController()
#29 C:/Users/EMANUELCLEMENTEMARTI/Downloads/sistema hotel/vendor/laravel/framework/src/Illuminate/Routing/Router.php(822): Illuminate/Routing/Route->run()
#30 C:/Users/EMANUELCLEMENTEMARTI/Downloads/sistema hotel/vendor/laravel/framework/src/Illuminate/Pipeline/Pipeline.php(180): Illuminate/Routing/Router->{closure:Illuminate/Routing/Router::runRouteWithinStack():821}(Object(Illuminate/Http/Request))
#31 C:/Users/EMANUELCLEMENTEMARTI/Downloads/sistema hotel/vendor/laravel/framework/src/Illuminate/Routing/Middleware/SubstituteBindings.php(50): Illuminate/Pipeline/Pipeline->{closure:Illuminate/Pipeline/Pipeline::prepareDestination():178}(Object(Illuminate/Http/Request))
#32 C:/Users/EMANUELCLEMENTEMARTI/Downloads/sistema hotel/vendor/laravel/framework/src/Illuminate/Pipeline/Pipeline.php(219): Illuminate/Routing/Middleware/SubstituteBindings->handle(Object(Illuminate/Http/Request), Object(Closure))
#33 C:/Users/EMANUELCLEMENTEMARTI/Downloads/sistema hotel/vendor/laravel/framework/src/Illuminate/Foundation/Http/Middleware/VerifyCsrfToken.php(87): Illuminate/Pipeline/Pipeline->{closure:{closure:Illuminate/Pipeline/Pipeline::carry():194}:195}(Object(Illuminate/Http/Request))
#34 C:/Users/EMANUELCLEMENTEMARTI/Downloads/sistema hotel/vendor/laravel/framework/src/Illuminate/Pipeline/Pipeline.php(219): Illuminate/Foundation/Http/Middleware/VerifyCsrfToken->handle(Object(Illuminate/Http/Request), Object(Closure))
#35 C:/Users/EMANUELCLEMENTEMARTI/Downloads/sistema hotel/vendor/laravel/framework/src/Illuminate/View/Middleware/ShareErrorsFromSession.php(48): Illuminate/Pipeline/Pipeline->{closure:{closure:Illuminate/Pipeline/Pipeline::carry():194}:195}(Object(Illuminate/Http/Request))
#36 C:/Users/EMANUELCLEMENTEMARTI/Downloads/sistema hotel/vendor/laravel/framework/src/Illuminate/Pipeline/Pipeline.php(219): Illuminate/View/Middleware/ShareErrorsFromSession->handle(Object(Illuminate/Http/Request), Object(Closure))
#37 C:/Users/EMANUELCLEMENTEMARTI/Downloads/sistema hotel/vendor/laravel/framework/src/Illuminate/Session/Middleware/StartSession.php(120): Illuminate/Pipeline/Pipeline->{closure:{closure:Illuminate/Pipeline/Pipeline::carry():194}:195}(Object(Illuminate/Http/Request))
#38 C:/Users/EMANUELCLEMENTEMARTI/Downloads/sistema hotel/vendor/laravel/framework/src/Illuminate/Session/Middleware/StartSession.php(63): Illuminate/Session/Middleware/StartSession->handleStatefulRequest(Object(Illuminate/Http/Request), Object(Illuminate/Session/Store), Object(Closure))
#39 C:/Users/EMANUELCLEMENTEMARTI/Downloads/sistema hotel/vendor/laravel/framework/src/Illuminate/Pipeline/Pipeline.php(219): Illuminate/Session/Middleware/StartSession->handle(Object(Illuminate/Http/Request), Object(Closure))
#40 C:/Users/EMANUELCLEMENTEMARTI/Downloads/sistema hotel/vendor/laravel/framework/src/Illuminate/Cookie/Middleware/AddQueuedCookiesToResponse.php(36): Illuminate/Pipeline/Pipeline->{closure:{closure:Illuminate/Pipeline/Pipeline::carry():194}:195}(Object(Illuminate/Http/Request))
#41 C:/Users/EMANUELCLEMENTEMARTI/Downloads/sistema hotel/vendor/laravel/framework/src/Illuminate/Pipeline/Pipeline.php(219): Illuminate/Cookie/Middleware/AddQueuedCookiesToResponse->handle(Object(Illuminate/Http/Request), Object(Closure))
#42 C:/Users/EMANUELCLEMENTEMARTI/Downloads/sistema hotel/vendor/laravel/framework/src/Illuminate/Cookie/Middleware/EncryptCookies.php(74): Illuminate/Pipeline/Pipeline->{closure:{closure:Illuminate/Pipeline/Pipeline::carry():194}:195}(Object(Illuminate/Http/Request))
#43 C:/Users/EMANUELCLEMENTEMARTI/Downloads/sistema hotel/vendor/laravel/framework/src/Illuminate/Pipeline/Pipeline.php(219): Illuminate/Cookie/Middleware/EncryptCookies->handle(Object(Illuminate/Http/Request), Object(Closure))
#44 C:/Users/EMANUELCLEMENTEMARTI/Downloads/sistema hotel/vendor/laravel/framework/src/Illuminate/Pipeline/Pipeline.php(137): Illuminate/Pipeline/Pipeline->{closure:{closure:Illuminate/Pipeline/Pipeline::carry():194}:195}(Object(Illuminate/Http/Request))
#45 C:/Users/EMANUELCLEMENTEMARTI/Downloads/sistema hotel/vendor/laravel/framework/src/Illuminate/Routing/Router.php(821): Illuminate/Pipeline/Pipeline->then(Object(Closure))
#46 C:/Users/EMANUELCLEMENTEMARTI/Downloads/sistema hotel/vendor/laravel/framework/src/Illuminate/Routing/Router.php(800): Illuminate/Routing/Router->runRouteWithinStack(Object(Illuminate/Routing/Route), Object(Illuminate/Http/Request))
#47 C:/Users/EMANUELCLEMENTEMARTI/Downloads/sistema hotel/vendor/laravel/framework/src/Illuminate/Routing/Router.php(764): Illuminate/Routing/Router->runRoute(Object(Illuminate/Http/Request), Object(Illuminate/Routing/Route))
#48 C:/Users/EMANUELCLEMENTEMARTI/Downloads/sistema hotel/vendor/laravel/framework/src/Illuminate/Routing/Router.php(753): Illuminate/Routing/Router->dispatchToRoute(Object(Illuminate/Http/Request))
#49 C:/Users/EMANUELCLEMENTEMARTI/Downloads/sistema hotel/vendor/laravel/framework/src/Illuminate/Foundation/Http/Kernel.php(200): Illuminate/Routing/Router->dispatch(Object(Illuminate/Http/Request))
#50 C:/Users/EMANUELCLEMENTEMARTI/Downloads/sistema hotel/vendor/laravel/framework/src/Illuminate/Pipeline/Pipeline.php(180): Illuminate/Foundation/Http/Kernel->{closure:Illuminate/Foundation/Http/Kernel::dispatchToRouter():197}(Object(Illuminate/Http/Request))
#51 C:/Users/EMANUELCLEMENTEMARTI/Downloads/sistema hotel/vendor/livewire/livewire/src/Features/SupportDisablingBackButtonCache/DisableBackButtonCacheMiddleware.php(19): Illuminate/Pipeline/Pipeline->{closure:Illuminate/Pipeline/Pipeline::prepareDestination():178}(Object(Illuminate/Http/Request))
#52 C:/Users/EMANUELCLEMENTEMARTI/Downloads/sistema hotel/vendor/laravel/framework/src/Illuminate/Pipeline/Pipeline.php(219): Livewire/Features/SupportDisablingBackButtonCache/DisableBackButtonCacheMiddleware->handle(Object(Illuminate/Http/Request), Object(Closure))
#53 C:/Users/EMANUELCLEMENTEMARTI/Downloads/sistema hotel/vendor/laravel/framework/src/Illuminate/Foundation/Http/Middleware/ConvertEmptyStringsToNull.php(27): Illuminate/Pipeline/Pipeline->{closure:{closure:Illuminate/Pipeline/Pipeline::carry():194}:195}(Object(Illuminate/Http/Request))
#54 C:/Users/EMANUELCLEMENTEMARTI/Downloads/sistema hotel/vendor/laravel/framework/src/Illuminate/Pipeline/Pipeline.php(219): Illuminate/Foundation/Http/Middleware/ConvertEmptyStringsToNull->handle(Object(Illuminate/Http/Request), Object(Closure))
#55 C:/Users/EMANUELCLEMENTEMARTI/Downloads/sistema hotel/vendor/laravel/framework/src/Illuminate/Foundation/Http/Middleware/TrimStrings.php(47): Illuminate/Pipeline/Pipeline->{closure:{closure:Illuminate/Pipeline/Pipeline::carry():194}:195}(Object(Illuminate/Http/Request))
#56 C:/Users/EMANUELCLEMENTEMARTI/Downloads/sistema hotel/vendor/laravel/framework/src/Illuminate/Pipeline/Pipeline.php(219): Illuminate/Foundation/Http/Middleware/TrimStrings->handle(Object(Illuminate/Http/Request), Object(Closure))
#57 C:/Users/EMANUELCLEMENTEMARTI/Downloads/sistema hotel/vendor/laravel/framework/src/Illuminate/Http/Middleware/ValidatePostSize.php(27): Illuminate/Pipeline/Pipeline->{closure:{closure:Illuminate/Pipeline/Pipeline::carry():194}:195}(Object(Illuminate/Http/Request))
#58 C:/Users/EMANUELCLEMENTEMARTI/Downloads/sistema hotel/vendor/laravel/framework/src/Illuminate/Pipeline/Pipeline.php(219): Illuminate/Http/Middleware/ValidatePostSize->handle(Object(Illuminate/Http/Request), Object(Closure))
#59 C:/Users/EMANUELCLEMENTEMARTI/Downloads/sistema hotel/vendor/laravel/framework/src/Illuminate/Foundation/Http/Middleware/PreventRequestsDuringMaintenance.php(109): Illuminate/Pipeline/Pipeline->{closure:{closure:Illuminate/Pipeline/Pipeline::carry():194}:195}(Object(Illuminate/Http/Request))
#60 C:/Users/EMANUELCLEMENTEMARTI/Downloads/sistema hotel/vendor/laravel/framework/src/Illuminate/Pipeline/Pipeline.php(219): Illuminate/Foundation/Http/Middleware/PreventRequestsDuringMaintenance->handle(Object(Illuminate/Http/Request), Object(Closure))
#61 C:/Users/EMANUELCLEMENTEMARTI/Downloads/sistema hotel/vendor/laravel/framework/src/Illuminate/Http/Middleware/HandleCors.php(61): Illuminate/Pipeline/Pipeline->{closure:{closure:Illuminate/Pipeline/Pipeline::carry():194}:195}(Object(Illuminate/Http/Request))
#62 C:/Users/EMANUELCLEMENTEMARTI/Downloads/sistema hotel/vendor/laravel/framework/src/Illuminate/Pipeline/Pipeline.php(219): Illuminate/Http/Middleware/HandleCors->handle(Object(Illuminate/Http/Request), Object(Closure))
#63 C:/Users/EMANUELCLEMENTEMARTI/Downloads/sistema hotel/vendor/laravel/framework/src/Illuminate/Http/Middleware/TrustProxies.php(58): Illuminate/Pipeline/Pipeline->{closure:{closure:Illuminate/Pipeline/Pipeline::carry():194}:195}(Object(Illuminate/Http/Request))
#64 C:/Users/EMANUELCLEMENTEMARTI/Downloads/sistema hotel/vendor/laravel/framework/src/Illuminate/Pipeline/Pipeline.php(219): Illuminate/Http/Middleware/TrustProxies->handle(Object(Illuminate/Http/Request), Object(Closure))
#65 C:/Users/EMANUELCLEMENTEMARTI/Downloads/sistema hotel/vendor/laravel/framework/src/Illuminate/Foundation/Http/Middleware/InvokeDeferredCallbacks.php(22): Illuminate/Pipeline/Pipeline->{closure:{closure:Illuminate/Pipeline/Pipeline::carry():194}:195}(Object(Illuminate/Http/Request))
#66 C:/Users/EMANUELCLEMENTEMARTI/Downloads/sistema hotel/vendor/laravel/framework/src/Illuminate/Pipeline/Pipeline.php(219): Illuminate/Foundation/Http/Middleware/InvokeDeferredCallbacks->handle(Object(Illuminate/Http/Request), Object(Closure))
#67 C:/Users/EMANUELCLEMENTEMARTI/Downloads/sistema hotel/vendor/laravel/framework/src/Illuminate/Http/Middleware/ValidatePathEncoding.php(26): Illuminate/Pipeline/Pipeline->{closure:{closure:Illuminate/Pipeline/Pipeline::carry():194}:195}(Object(Illuminate/Http/Request))
#68 C:/Users/EMANUELCLEMENTEMARTI/Downloads/sistema hotel/vendor/laravel/framework/src/Illuminate/Pipeline/Pipeline.php(219): Illuminate/Http/Middleware/ValidatePathEncoding->handle(Object(Illuminate/Http/Request), Object(Closure))
#69 C:/Users/EMANUELCLEMENTEMARTI/Downloads/sistema hotel/vendor/laravel/framework/src/Illuminate/Pipeline/Pipeline.php(137): Illuminate/Pipeline/Pipeline->{closure:{closure:Illuminate/Pipeline/Pipeline::carry():194}:195}(Object(Illuminate/Http/Request))
#70 C:/Users/EMANUELCLEMENTEMARTI/Downloads/sistema hotel/vendor/laravel/framework/src/Illuminate/Foundation/Http/Kernel.php(175): Illuminate/Pipeline/Pipeline->then(Object(Closure))
#71 C:/Users/EMANUELCLEMENTEMARTI/Downloads/sistema hotel/vendor/laravel/framework/src/Illuminate/Foundation/Http/Kernel.php(144): Illuminate/Foundation/Http/Kernel->sendRequestThroughRouter(Object(Illuminate/Http/Request))
#72 C:/Users/EMANUELCLEMENTEMARTI/Downloads/sistema hotel/vendor/laravel/framework/src/Illuminate/Foundation/Application.php(1220): Illuminate/Foundation/Http/Kernel->handle(Object(Illuminate/Http/Request))
#73 C:/Users/EMANUELCLEMENTEMARTI/Downloads/sistema hotel/public/index.php(17): Illuminate/Foundation/Application->handleRequest(Object(Illuminate/Http/Request))
#74 C:/Users/EMANUELCLEMENTEMARTI/Downloads/sistema hotel/vendor/laravel/framework/src/Illuminate/Foundation/resources/server.php(23): require_once('C://Users//EMANUE...')
#75 {main}
"} 
[2026-03-31 18:15:24] laravel.WARNING: League\Flysystem\AwsS3V3\AwsS3V3Adapter::__construct(): Implicitly marking parameter $visibility as nullable is deprecated, the explicit nullable type must be used instead in C:\Users\EMANUELCLEMENTEMARTI\Downloads\sistema hotel\vendor\league\flysystem-aws-s3-v3\AwsS3V3Adapter.php on line 108  
[2026-03-31 18:15:24] laravel.EMERGENCY: Unable to create configured logger. Using emergency logger. {"exception":"[object] (InvalidArgumentException(code: 0): Driver [null] is not supported. at C:/Users/EMANUELCLEMENTEMARTI/Downloads/sistema hotel/vendor/laravel/framework/src/Illuminate/Log/LogManager.php:235)
[stacktrace]
#0 C:/Users/EMANUELCLEMENTEMARTI/Downloads/sistema hotel/vendor/laravel/framework/src/Illuminate/Log/LogManager.php(138): Illuminate/Log/LogManager->resolve('deprecations', Array)
#1 C:/Users/EMANUELCLEMENTEMARTI/Downloads/sistema hotel/vendor/laravel/framework/src/Illuminate/Log/LogManager.php(125): Illuminate/Log/LogManager->get('deprecations')
#2 C:/Users/EMANUELCLEMENTEMARTI/Downloads/sistema hotel/vendor/laravel/framework/src/Illuminate/Log/LogManager.php(114): Illuminate/Log/LogManager->driver('deprecations')
#3 C:/Users/EMANUELCLEMENTEMARTI/Downloads/sistema hotel/vendor/laravel/framework/src/Illuminate/Foundation/Bootstrap/HandleExceptions.php(105): Illuminate/Log/LogManager->channel('deprecations')
#4 C:/Users/EMANUELCLEMENTEMARTI/Downloads/sistema hotel/vendor/laravel/framework/src/Illuminate/Foundation/Bootstrap/HandleExceptions.php(74): Illuminate/Foundation/Bootstrap/HandleExceptions->handleDeprecationError('League//Flysyste...', 'C://Users//EMANUE...', 0, 8192)
#5 C:/Users/EMANUELCLEMENTEMARTI/Downloads/sistema hotel/vendor/laravel/framework/src/Illuminate/Foundation/Bootstrap/HandleExceptions.php(258): Illuminate/Foundation/Bootstrap/HandleExceptions->handleError(8192, 'League//Flysyste...', 'C://Users//EMANUE...', 0)
#6 C:/Users/EMANUELCLEMENTEMARTI/Downloads/sistema hotel/vendor/composer/ClassLoader.php(576): Illuminate/Foundation/Bootstrap/HandleExceptions->{closure:Illuminate/Foundation/Bootstrap/HandleExceptions::forwardsTo():257}(8192, 'League//Flysyste...', 'C://Users//EMANUE...', 0)
#7 C:/Users/EMANUELCLEMENTEMARTI/Downloads/sistema hotel/vendor/composer/ClassLoader.php(576): include('C://Users//EMANUE...')
#8 C:/Users/EMANUELCLEMENTEMARTI/Downloads/sistema hotel/vendor/composer/ClassLoader.php(427): {closure:Composer/Autoload/ClassLoader::initializeIncludeClosure():575}('C://Users//EMANUE...')
#9 C:/Users/EMANUELCLEMENTEMARTI/Downloads/sistema hotel/vendor/laravel/framework/src/Illuminate/Filesystem/FilesystemManager.php(257): Composer/Autoload/ClassLoader->loadClass('League//Flysyste...')
#10 C:/Users/EMANUELCLEMENTEMARTI/Downloads/sistema hotel/vendor/laravel/framework/src/Illuminate/Filesystem/FilesystemManager.php(153): Illuminate/Filesystem/FilesystemManager->createS3Driver(Array, 'supabase')
#11 C:/Users/EMANUELCLEMENTEMARTI/Downloads/sistema hotel/vendor/laravel/framework/src/Illuminate/Filesystem/FilesystemManager.php(121): Illuminate/Filesystem/FilesystemManager->resolve('supabase')
#12 C:/Users/EMANUELCLEMENTEMARTI/Downloads/sistema hotel/vendor/laravel/framework/src/Illuminate/Filesystem/FilesystemManager.php(84): Illuminate/Filesystem/FilesystemManager->get('supabase')
#13 C:/Users/EMANUELCLEMENTEMARTI/Downloads/sistema hotel/vendor/laravel/framework/src/Illuminate/Support/Facades/Facade.php(363): Illuminate/Filesystem/FilesystemManager->disk('supabase')
#14 C:/Users/EMANUELCLEMENTEMARTI/Downloads/sistema hotel/vendor/livewire/livewire/src/Features/SupportFileUploads/TemporaryUploadedFile.php(20): Illuminate/Support/Facades/Facade::__callStatic('disk', Array)
#15 C:/Users/EMANUELCLEMENTEMARTI/Downloads/sistema hotel/vendor/livewire/livewire/src/Features/SupportFileUploads/TemporaryUploadedFile.php(200): Livewire/Features/SupportFileUploads/TemporaryUploadedFile->__construct('PTLbW8yKFQPqKNO...', 'supabase')
#16 C:/Users/EMANUELCLEMENTEMARTI/Downloads/sistema hotel/vendor/livewire/livewire/src/Features/SupportFileUploads/WithFileUploads.php(49): Livewire/Features/SupportFileUploads/TemporaryUploadedFile::createFromLivewire('PTLbW8yKFQPqKNO...')
#17 C:/Users/EMANUELCLEMENTEMARTI/Downloads/sistema hotel/vendor/laravel/framework/src/Illuminate/Container/BoundMethod.php(36): App/Livewire/ImageManager->_finishUpload('imagen', Array, false, false)
#18 C:/Users/EMANUELCLEMENTEMARTI/Downloads/sistema hotel/vendor/laravel/framework/src/Illuminate/Container/Util.php(43): Illuminate/Container/BoundMethod::{closure:Illuminate/Container/BoundMethod::call():35}()
#19 C:/Users/EMANUELCLEMENTEMARTI/Downloads/sistema hotel/vendor/laravel/framework/src/Illuminate/Container/BoundMethod.php(96): Illuminate/Container/Util::unwrapIfClosure(Object(Closure))
#20 C:/Users/EMANUELCLEMENTEMARTI/Downloads/sistema hotel/vendor/laravel/framework/src/Illuminate/Container/BoundMethod.php(35): Illuminate/Container/BoundMethod::callBoundMethod(Object(Illuminate/Foundation/Application), Array, Object(Closure))
#21 C:/Users/EMANUELCLEMENTEMARTI/Downloads/sistema hotel/vendor/livewire/livewire/src/Wrapped.php(23): Illuminate/Container/BoundMethod::call(Object(Illuminate/Foundation/Application), Array, Array)
#22 C:/Users/EMANUELCLEMENTEMARTI/Downloads/sistema hotel/vendor/livewire/livewire/src/Mechanisms/HandleComponents/HandleComponents.php(492): Livewire/Wrapped->__call('_finishUpload', Array)
#23 C:/Users/EMANUELCLEMENTEMARTI/Downloads/sistema hotel/vendor/livewire/livewire/src/Mechanisms/HandleComponents/HandleComponents.php(101): Livewire/Mechanisms/HandleComponents/HandleComponents->callMethods(Object(App/Livewire/ImageManager), Array, Object(Livewire/Mechanisms/HandleComponents/ComponentContext))
#24 C:/Users/EMANUELCLEMENTEMARTI/Downloads/sistema hotel/vendor/livewire/livewire/src/LivewireManager.php(102): Livewire/Mechanisms/HandleComponents/HandleComponents->update(Array, Array, Array)
#25 C:/Users/EMANUELCLEMENTEMARTI/Downloads/sistema hotel/vendor/livewire/livewire/src/Mechanisms/HandleRequests/HandleRequests.php(131): Livewire/LivewireManager->update(Array, Array, Array)
#26 C:/Users/EMANUELCLEMENTEMARTI/Downloads/sistema hotel/vendor/laravel/framework/src/Illuminate/Routing/ControllerDispatcher.php(46): Livewire/Mechanisms/HandleRequests/HandleRequests->handleUpdate()
#27 C:/Users/EMANUELCLEMENTEMARTI/Downloads/sistema hotel/vendor/laravel/framework/src/Illuminate/Routing/Route.php(265): Illuminate/Routing/ControllerDispatcher->dispatch(Object(Illuminate/Routing/Route), Object(Livewire/Mechanisms/HandleRequests/HandleRequests), 'handleUpdate')
#28 C:/Users/EMANUELCLEMENTEMARTI/Downloads/sistema hotel/vendor/laravel/framework/src/Illuminate/Routing/Route.php(211): Illuminate/Routing/Route->runController()
#29 C:/Users/EMANUELCLEMENTEMARTI/Downloads/sistema hotel/vendor/laravel/framework/src/Illuminate/Routing/Router.php(822): Illuminate/Routing/Route->run()
#30 C:/Users/EMANUELCLEMENTEMARTI/Downloads/sistema hotel/vendor/laravel/framework/src/Illuminate/Pipeline/Pipeline.php(180): Illuminate/Routing/Router->{closure:Illuminate/Routing/Router::runRouteWithinStack():821}(Object(Illuminate/Http/Request))
#31 C:/Users/EMANUELCLEMENTEMARTI/Downloads/sistema hotel/vendor/laravel/framework/src/Illuminate/Routing/Middleware/SubstituteBindings.php(50): Illuminate/Pipeline/Pipeline->{closure:Illuminate/Pipeline/Pipeline::prepareDestination():178}(Object(Illuminate/Http/Request))
#32 C:/Users/EMANUELCLEMENTEMARTI/Downloads/sistema hotel/vendor/laravel/framework/src/Illuminate/Pipeline/Pipeline.php(219): Illuminate/Routing/Middleware/SubstituteBindings->handle(Object(Illuminate/Http/Request), Object(Closure))
#33 C:/Users/EMANUELCLEMENTEMARTI/Downloads/sistema hotel/vendor/laravel/framework/src/Illuminate/Foundation/Http/Middleware/VerifyCsrfToken.php(87): Illuminate/Pipeline/Pipeline->{closure:{closure:Illuminate/Pipeline/Pipeline::carry():194}:195}(Object(Illuminate/Http/Request))
#34 C:/Users/EMANUELCLEMENTEMARTI/Downloads/sistema hotel/vendor/laravel/framework/src/Illuminate/Pipeline/Pipeline.php(219): Illuminate/Foundation/Http/Middleware/VerifyCsrfToken->handle(Object(Illuminate/Http/Request), Object(Closure))
#35 C:/Users/EMANUELCLEMENTEMARTI/Downloads/sistema hotel/vendor/laravel/framework/src/Illuminate/View/Middleware/ShareErrorsFromSession.php(48): Illuminate/Pipeline/Pipeline->{closure:{closure:Illuminate/Pipeline/Pipeline::carry():194}:195}(Object(Illuminate/Http/Request))
#36 C:/Users/EMANUELCLEMENTEMARTI/Downloads/sistema hotel/vendor/laravel/framework/src/Illuminate/Pipeline/Pipeline.php(219): Illuminate/View/Middleware/ShareErrorsFromSession->handle(Object(Illuminate/Http/Request), Object(Closure))
#37 C:/Users/EMANUELCLEMENTEMARTI/Downloads/sistema hotel/vendor/laravel/framework/src/Illuminate/Session/Middleware/StartSession.php(120): Illuminate/Pipeline/Pipeline->{closure:{closure:Illuminate/Pipeline/Pipeline::carry():194}:195}(Object(Illuminate/Http/Request))
#38 C:/Users/EMANUELCLEMENTEMARTI/Downloads/sistema hotel/vendor/laravel/framework/src/Illuminate/Session/Middleware/StartSession.php(63): Illuminate/Session/Middleware/StartSession->handleStatefulRequest(Object(Illuminate/Http/Request), Object(Illuminate/Session/Store), Object(Closure))
#39 C:/Users/EMANUELCLEMENTEMARTI/Downloads/sistema hotel/vendor/laravel/framework/src/Illuminate/Pipeline/Pipeline.php(219): Illuminate/Session/Middleware/StartSession->handle(Object(Illuminate/Http/Request), Object(Closure))
#40 C:/Users/EMANUELCLEMENTEMARTI/Downloads/sistema hotel/vendor/laravel/framework/src/Illuminate/Cookie/Middleware/AddQueuedCookiesToResponse.php(36): Illuminate/Pipeline/Pipeline->{closure:{closure:Illuminate/Pipeline/Pipeline::carry():194}:195}(Object(Illuminate/Http/Request))
#41 C:/Users/EMANUELCLEMENTEMARTI/Downloads/sistema hotel/vendor/laravel/framework/src/Illuminate/Pipeline/Pipeline.php(219): Illuminate/Cookie/Middleware/AddQueuedCookiesToResponse->handle(Object(Illuminate/Http/Request), Object(Closure))
#42 C:/Users/EMANUELCLEMENTEMARTI/Downloads/sistema hotel/vendor/laravel/framework/src/Illuminate/Cookie/Middleware/EncryptCookies.php(74): Illuminate/Pipeline/Pipeline->{closure:{closure:Illuminate/Pipeline/Pipeline::carry():194}:195}(Object(Illuminate/Http/Request))
#43 C:/Users/EMANUELCLEMENTEMARTI/Downloads/sistema hotel/vendor/laravel/framework/src/Illuminate/Pipeline/Pipeline.php(219): Illuminate/Cookie/Middleware/EncryptCookies->handle(Object(Illuminate/Http/Request), Object(Closure))
#44 C:/Users/EMANUELCLEMENTEMARTI/Downloads/sistema hotel/vendor/laravel/framework/src/Illuminate/Pipeline/Pipeline.php(137): Illuminate/Pipeline/Pipeline->{closure:{closure:Illuminate/Pipeline/Pipeline::carry():194}:195}(Object(Illuminate/Http/Request))
#45 C:/Users/EMANUELCLEMENTEMARTI/Downloads/sistema hotel/vendor/laravel/framework/src/Illuminate/Routing/Router.php(821): Illuminate/Pipeline/Pipeline->then(Object(Closure))
#46 C:/Users/EMANUELCLEMENTEMARTI/Downloads/sistema hotel/vendor/laravel/framework/src/Illuminate/Routing/Router.php(800): Illuminate/Routing/Router->runRouteWithinStack(Object(Illuminate/Routing/Route), Object(Illuminate/Http/Request))
#47 C:/Users/EMANUELCLEMENTEMARTI/Downloads/sistema hotel/vendor/laravel/framework/src/Illuminate/Routing/Router.php(764): Illuminate/Routing/Router->runRoute(Object(Illuminate/Http/Request), Object(Illuminate/Routing/Route))
#48 C:/Users/EMANUELCLEMENTEMARTI/Downloads/sistema hotel/vendor/laravel/framework/src/Illuminate/Routing/Router.php(753): Illuminate/Routing/Router->dispatchToRoute(Object(Illuminate/Http/Request))
#49 C:/Users/EMANUELCLEMENTEMARTI/Downloads/sistema hotel/vendor/laravel/framework/src/Illuminate/Foundation/Http/Kernel.php(200): Illuminate/Routing/Router->dispatch(Object(Illuminate/Http/Request))
#50 C:/Users/EMANUELCLEMENTEMARTI/Downloads/sistema hotel/vendor/laravel/framework/src/Illuminate/Pipeline/Pipeline.php(180): Illuminate/Foundation/Http/Kernel->{closure:Illuminate/Foundation/Http/Kernel::dispatchToRouter():197}(Object(Illuminate/Http/Request))
#51 C:/Users/EMANUELCLEMENTEMARTI/Downloads/sistema hotel/vendor/livewire/livewire/src/Features/SupportDisablingBackButtonCache/DisableBackButtonCacheMiddleware.php(19): Illuminate/Pipeline/Pipeline->{closure:Illuminate/Pipeline/Pipeline::prepareDestination():178}(Object(Illuminate/Http/Request))
#52 C:/Users/EMANUELCLEMENTEMARTI/Downloads/sistema hotel/vendor/laravel/framework/src/Illuminate/Pipeline/Pipeline.php(219): Livewire/Features/SupportDisablingBackButtonCache/DisableBackButtonCacheMiddleware->handle(Object(Illuminate/Http/Request), Object(Closure))
#53 C:/Users/EMANUELCLEMENTEMARTI/Downloads/sistema hotel/vendor/laravel/framework/src/Illuminate/Foundation/Http/Middleware/ConvertEmptyStringsToNull.php(27): Illuminate/Pipeline/Pipeline->{closure:{closure:Illuminate/Pipeline/Pipeline::carry():194}:195}(Object(Illuminate/Http/Request))
#54 C:/Users/EMANUELCLEMENTEMARTI/Downloads/sistema hotel/vendor/laravel/framework/src/Illuminate/Pipeline/Pipeline.php(219): Illuminate/Foundation/Http/Middleware/ConvertEmptyStringsToNull->handle(Object(Illuminate/Http/Request), Object(Closure))
#55 C:/Users/EMANUELCLEMENTEMARTI/Downloads/sistema hotel/vendor/laravel/framework/src/Illuminate/Foundation/Http/Middleware/TrimStrings.php(47): Illuminate/Pipeline/Pipeline->{closure:{closure:Illuminate/Pipeline/Pipeline::carry():194}:195}(Object(Illuminate/Http/Request))
#56 C:/Users/EMANUELCLEMENTEMARTI/Downloads/sistema hotel/vendor/laravel/framework/src/Illuminate/Pipeline/Pipeline.php(219): Illuminate/Foundation/Http/Middleware/TrimStrings->handle(Object(Illuminate/Http/Request), Object(Closure))
#57 C:/Users/EMANUELCLEMENTEMARTI/Downloads/sistema hotel/vendor/laravel/framework/src/Illuminate/Http/Middleware/ValidatePostSize.php(27): Illuminate/Pipeline/Pipeline->{closure:{closure:Illuminate/Pipeline/Pipeline::carry():194}:195}(Object(Illuminate/Http/Request))
#58 C:/Users/EMANUELCLEMENTEMARTI/Downloads/sistema hotel/vendor/laravel/framework/src/Illuminate/Pipeline/Pipeline.php(219): Illuminate/Http/Middleware/ValidatePostSize->handle(Object(Illuminate/Http/Request), Object(Closure))
#59 C:/Users/EMANUELCLEMENTEMARTI/Downloads/sistema hotel/vendor/laravel/framework/src/Illuminate/Foundation/Http/Middleware/PreventRequestsDuringMaintenance.php(109): Illuminate/Pipeline/Pipeline->{closure:{closure:Illuminate/Pipeline/Pipeline::carry():194}:195}(Object(Illuminate/Http/Request))
#60 C:/Users/EMANUELCLEMENTEMARTI/Downloads/sistema hotel/vendor/laravel/framework/src/Illuminate/Pipeline/Pipeline.php(219): Illuminate/Foundation/Http/Middleware/PreventRequestsDuringMaintenance->handle(Object(Illuminate/Http/Request), Object(Closure))
#61 C:/Users/EMANUELCLEMENTEMARTI/Downloads/sistema hotel/vendor/laravel/framework/src/Illuminate/Http/Middleware/HandleCors.php(61): Illuminate/Pipeline/Pipeline->{closure:{closure:Illuminate/Pipeline/Pipeline::carry():194}:195}(Object(Illuminate/Http/Request))
#62 C:/Users/EMANUELCLEMENTEMARTI/Downloads/sistema hotel/vendor/laravel/framework/src/Illuminate/Pipeline/Pipeline.php(219): Illuminate/Http/Middleware/HandleCors->handle(Object(Illuminate/Http/Request), Object(Closure))
#63 C:/Users/EMANUELCLEMENTEMARTI/Downloads/sistema hotel/vendor/laravel/framework/src/Illuminate/Http/Middleware/TrustProxies.php(58): Illuminate/Pipeline/Pipeline->{closure:{closure:Illuminate/Pipeline/Pipeline::carry():194}:195}(Object(Illuminate/Http/Request))
#64 C:/Users/EMANUELCLEMENTEMARTI/Downloads/sistema hotel/vendor/laravel/framework/src/Illuminate/Pipeline/Pipeline.php(219): Illuminate/Http/Middleware/TrustProxies->handle(Object(Illuminate/Http/Request), Object(Closure))
#65 C:/Users/EMANUELCLEMENTEMARTI/Downloads/sistema hotel/vendor/laravel/framework/src/Illuminate/Foundation/Http/Middleware/InvokeDeferredCallbacks.php(22): Illuminate/Pipeline/Pipeline->{closure:{closure:Illuminate/Pipeline/Pipeline::carry():194}:195}(Object(Illuminate/Http/Request))
#66 C:/Users/EMANUELCLEMENTEMARTI/Downloads/sistema hotel/vendor/laravel/framework/src/Illuminate/Pipeline/Pipeline.php(219): Illuminate/Foundation/Http/Middleware/InvokeDeferredCallbacks->handle(Object(Illuminate/Http/Request), Object(Closure))
#67 C:/Users/EMANUELCLEMENTEMARTI/Downloads/sistema hotel/vendor/laravel/framework/src/Illuminate/Http/Middleware/ValidatePathEncoding.php(26): Illuminate/Pipeline/Pipeline->{closure:{closure:Illuminate/Pipeline/Pipeline::carry():194}:195}(Object(Illuminate/Http/Request))
#68 C:/Users/EMANUELCLEMENTEMARTI/Downloads/sistema hotel/vendor/laravel/framework/src/Illuminate/Pipeline/Pipeline.php(219): Illuminate/Http/Middleware/ValidatePathEncoding->handle(Object(Illuminate/Http/Request), Object(Closure))
#69 C:/Users/EMANUELCLEMENTEMARTI/Downloads/sistema hotel/vendor/laravel/framework/src/Illuminate/Pipeline/Pipeline.php(137): Illuminate/Pipeline/Pipeline->{closure:{closure:Illuminate/Pipeline/Pipeline::carry():194}:195}(Object(Illuminate/Http/Request))
#70 C:/Users/EMANUELCLEMENTEMARTI/Downloads/sistema hotel/vendor/laravel/framework/src/Illuminate/Foundation/Http/Kernel.php(175): Illuminate/Pipeline/Pipeline->then(Object(Closure))
#71 C:/Users/EMANUELCLEMENTEMARTI/Downloads/sistema hotel/vendor/laravel/framework/src/Illuminate/Foundation/Http/Kernel.php(144): Illuminate/Foundation/Http/Kernel->sendRequestThroughRouter(Object(Illuminate/Http/Request))
#72 C:/Users/EMANUELCLEMENTEMARTI/Downloads/sistema hotel/vendor/laravel/framework/src/Illuminate/Foundation/Application.php(1220): Illuminate/Foundation/Http/Kernel->handle(Object(Illuminate/Http/Request))
#73 C:/Users/EMANUELCLEMENTEMARTI/Downloads/sistema hotel/public/index.php(17): Illuminate/Foundation/Application->handleRequest(Object(Illuminate/Http/Request))
#74 C:/Users/EMANUELCLEMENTEMARTI/Downloads/sistema hotel/vendor/laravel/framework/src/Illuminate/Foundation/resources/server.php(23): require_once('C://Users//EMANUE...')
#75 {main}
"} 
[2026-03-31 18:15:24] laravel.WARNING: League\Flysystem\AwsS3V3\AwsS3V3Adapter::__construct(): Implicitly marking parameter $mimeTypeDetector as nullable is deprecated, the explicit nullable type must be used instead in C:\Users\EMANUELCLEMENTEMARTI\Downloads\sistema hotel\vendor\league\flysystem-aws-s3-v3\AwsS3V3Adapter.php on line 0  
[2026-03-31 18:15:24] laravel.EMERGENCY: Unable to create configured logger. Using emergency logger. {"exception":"[object] (InvalidArgumentException(code: 0): Driver [null] is not supported. at C:/Users/EMANUELCLEMENTEMARTI/Downloads/sistema hotel/vendor/laravel/framework/src/Illuminate/Log/LogManager.php:235)
[stacktrace]
#0 C:/Users/EMANUELCLEMENTEMARTI/Downloads/sistema hotel/vendor/laravel/framework/src/Illuminate/Log/LogManager.php(138): Illuminate/Log/LogManager->resolve('deprecations', Array)
#1 C:/Users/EMANUELCLEMENTEMARTI/Downloads/sistema hotel/vendor/laravel/framework/src/Illuminate/Log/LogManager.php(125): Illuminate/Log/LogManager->get('deprecations')
#2 C:/Users/EMANUELCLEMENTEMARTI/Downloads/sistema hotel/vendor/laravel/framework/src/Illuminate/Log/LogManager.php(114): Illuminate/Log/LogManager->driver('deprecations')
#3 C:/Users/EMANUELCLEMENTEMARTI/Downloads/sistema hotel/vendor/laravel/framework/src/Illuminate/Foundation/Bootstrap/HandleExceptions.php(105): Illuminate/Log/LogManager->channel('deprecations')
#4 C:/Users/EMANUELCLEMENTEMARTI/Downloads/sistema hotel/vendor/laravel/framework/src/Illuminate/Foundation/Bootstrap/HandleExceptions.php(74): Illuminate/Foundation/Bootstrap/HandleExceptions->handleDeprecationError('League//Flysyste...', 'C://Users//EMANUE...', 295, 8192)
#5 C:/Users/EMANUELCLEMENTEMARTI/Downloads/sistema hotel/vendor/laravel/framework/src/Illuminate/Foundation/Bootstrap/HandleExceptions.php(258): Illuminate/Foundation/Bootstrap/HandleExceptions->handleError(8192, 'League//Flysyste...', 'C://Users//EMANUE...', 295)
#6 C:/Users/EMANUELCLEMENTEMARTI/Downloads/sistema hotel/vendor/composer/ClassLoader.php(576): Illuminate/Foundation/Bootstrap/HandleExceptions->{closure:Illuminate/Foundation/Bootstrap/HandleExceptions::forwardsTo():257}(8192, 'League//Flysyste...', 'C://Users//EMANUE...', 295)
#7 C:/Users/EMANUELCLEMENTEMARTI/Downloads/sistema hotel/vendor/composer/ClassLoader.php(576): include('C://Users//EMANUE...')
#8 C:/Users/EMANUELCLEMENTEMARTI/Downloads/sistema hotel/vendor/composer/ClassLoader.php(427): {closure:Composer/Autoload/ClassLoader::initializeIncludeClosure():575}('C://Users//EMANUE...')
#9 C:/Users/EMANUELCLEMENTEMARTI/Downloads/sistema hotel/vendor/laravel/framework/src/Illuminate/Filesystem/FilesystemManager.php(257): Composer/Autoload/ClassLoader->loadClass('League//Flysyste...')
#10 C:/Users/EMANUELCLEMENTEMARTI/Downloads/sistema hotel/vendor/laravel/framework/src/Illuminate/Filesystem/FilesystemManager.php(153): Illuminate/Filesystem/FilesystemManager->createS3Driver(Array, 'supabase')
#11 C:/Users/EMANUELCLEMENTEMARTI/Downloads/sistema hotel/vendor/laravel/framework/src/Illuminate/Filesystem/FilesystemManager.php(121): Illuminate/Filesystem/FilesystemManager->resolve('supabase')
#12 C:/Users/EMANUELCLEMENTEMARTI/Downloads/sistema hotel/vendor/laravel/framework/src/Illuminate/Filesystem/FilesystemManager.php(84): Illuminate/Filesystem/FilesystemManager->get('supabase')
#13 C:/Users/EMANUELCLEMENTEMARTI/Downloads/sistema hotel/vendor/laravel/framework/src/Illuminate/Support/Facades/Facade.php(363): Illuminate/Filesystem/FilesystemManager->disk('supabase')
#14 C:/Users/EMANUELCLEMENTEMARTI/Downloads/sistema hotel/vendor/livewire/livewire/src/Features/SupportFileUploads/TemporaryUploadedFile.php(20): Illuminate/Support/Facades/Facade::__callStatic('disk', Array)
#15 C:/Users/EMANUELCLEMENTEMARTI/Downloads/sistema hotel/vendor/livewire/livewire/src/Features/SupportFileUploads/TemporaryUploadedFile.php(200): Livewire/Features/SupportFileUploads/TemporaryUploadedFile->__construct('PTLbW8yKFQPqKNO...', 'supabase')
#16 C:/Users/EMANUELCLEMENTEMARTI/Downloads/sistema hotel/vendor/livewire/livewire/src/Features/SupportFileUploads/WithFileUploads.php(49): Livewire/Features/SupportFileUploads/TemporaryUploadedFile::createFromLivewire('PTLbW8yKFQPqKNO...')
#17 C:/Users/EMANUELCLEMENTEMARTI/Downloads/sistema hotel/vendor/laravel/framework/src/Illuminate/Container/BoundMethod.php(36): App/Livewire/ImageManager->_finishUpload('imagen', Array, false, false)
#18 C:/Users/EMANUELCLEMENTEMARTI/Downloads/sistema hotel/vendor/laravel/framework/src/Illuminate/Container/Util.php(43): Illuminate/Container/BoundMethod::{closure:Illuminate/Container/BoundMethod::call():35}()
#19 C:/Users/EMANUELCLEMENTEMARTI/Downloads/sistema hotel/vendor/laravel/framework/src/Illuminate/Container/BoundMethod.php(96): Illuminate/Container/Util::unwrapIfClosure(Object(Closure))
#20 C:/Users/EMANUELCLEMENTEMARTI/Downloads/sistema hotel/vendor/laravel/framework/src/Illuminate/Container/BoundMethod.php(35): Illuminate/Container/BoundMethod::callBoundMethod(Object(Illuminate/Foundation/Application), Array, Object(Closure))
#21 C:/Users/EMANUELCLEMENTEMARTI/Downloads/sistema hotel/vendor/livewire/livewire/src/Wrapped.php(23): Illuminate/Container/BoundMethod::call(Object(Illuminate/Foundation/Application), Array, Array)
#22 C:/Users/EMANUELCLEMENTEMARTI/Downloads/sistema hotel/vendor/livewire/livewire/src/Mechanisms/HandleComponents/HandleComponents.php(492): Livewire/Wrapped->__call('_finishUpload', Array)
#23 C:/Users/EMANUELCLEMENTEMARTI/Downloads/sistema hotel/vendor/livewire/livewire/src/Mechanisms/HandleComponents/HandleComponents.php(101): Livewire/Mechanisms/HandleComponents/HandleComponents->callMethods(Object(App/Livewire/ImageManager), Array, Object(Livewire/Mechanisms/HandleComponents/ComponentContext))
#24 C:/Users/EMANUELCLEMENTEMARTI/Downloads/sistema hotel/vendor/livewire/livewire/src/LivewireManager.php(102): Livewire/Mechanisms/HandleComponents/HandleComponents->update(Array, Array, Array)
#25 C:/Users/EMANUELCLEMENTEMARTI/Downloads/sistema hotel/vendor/livewire/livewire/src/Mechanisms/HandleRequests/HandleRequests.php(131): Livewire/LivewireManager->update(Array, Array, Array)
#26 C:/Users/EMANUELCLEMENTEMARTI/Downloads/sistema hotel/vendor/laravel/framework/src/Illuminate/Routing/ControllerDispatcher.php(46): Livewire/Mechanisms/HandleRequests/HandleRequests->handleUpdate()
#27 C:/Users/EMANUELCLEMENTEMARTI/Downloads/sistema hotel/vendor/laravel/framework/src/Illuminate/Routing/Route.php(265): Illuminate/Routing/ControllerDispatcher->dispatch(Object(Illuminate/Routing/Route), Object(Livewire/Mechanisms/HandleRequests/HandleRequests), 'handleUpdate')
#28 C:/Users/EMANUELCLEMENTEMARTI/Downloads/sistema hotel/vendor/laravel/framework/src/Illuminate/Routing/Route.php(211): Illuminate/Routing/Route->runController()
#29 C:/Users/EMANUELCLEMENTEMARTI/Downloads/sistema hotel/vendor/laravel/framework/src/Illuminate/Routing/Router.php(822): Illuminate/Routing/Route->run()
#30 C:/Users/EMANUELCLEMENTEMARTI/Downloads/sistema hotel/vendor/laravel/framework/src/Illuminate/Pipeline/Pipeline.php(180): Illuminate/Routing/Router->{closure:Illuminate/Routing/Router::runRouteWithinStack():821}(Object(Illuminate/Http/Request))
#31 C:/Users/EMANUELCLEMENTEMARTI/Downloads/sistema hotel/vendor/laravel/framework/src/Illuminate/Routing/Middleware/SubstituteBindings.php(50): Illuminate/Pipeline/Pipeline->{closure:Illuminate/Pipeline/Pipeline::prepareDestination():178}(Object(Illuminate/Http/Request))
#32 C:/Users/EMANUELCLEMENTEMARTI/Downloads/sistema hotel/vendor/laravel/framework/src/Illuminate/Pipeline/Pipeline.php(219): Illuminate/Routing/Middleware/SubstituteBindings->handle(Object(Illuminate/Http/Request), Object(Closure))
#33 C:/Users/EMANUELCLEMENTEMARTI/Downloads/sistema hotel/vendor/laravel/framework/src/Illuminate/Foundation/Http/Middleware/VerifyCsrfToken.php(87): Illuminate/Pipeline/Pipeline->{closure:{closure:Illuminate/Pipeline/Pipeline::carry():194}:195}(Object(Illuminate/Http/Request))
#34 C:/Users/EMANUELCLEMENTEMARTI/Downloads/sistema hotel/vendor/laravel/framework/src/Illuminate/Pipeline/Pipeline.php(219): Illuminate/Foundation/Http/Middleware/VerifyCsrfToken->handle(Object(Illuminate/Http/Request), Object(Closure))
#35 C:/Users/EMANUELCLEMENTEMARTI/Downloads/sistema hotel/vendor/laravel/framework/src/Illuminate/View/Middleware/ShareErrorsFromSession.php(48): Illuminate/Pipeline/Pipeline->{closure:{closure:Illuminate/Pipeline/Pipeline::carry():194}:195}(Object(Illuminate/Http/Request))
#36 C:/Users/EMANUELCLEMENTEMARTI/Downloads/sistema hotel/vendor/laravel/framework/src/Illuminate/Pipeline/Pipeline.php(219): Illuminate/View/Middleware/ShareErrorsFromSession->handle(Object(Illuminate/Http/Request), Object(Closure))
#37 C:/Users/EMANUELCLEMENTEMARTI/Downloads/sistema hotel/vendor/laravel/framework/src/Illuminate/Session/Middleware/StartSession.php(120): Illuminate/Pipeline/Pipeline->{closure:{closure:Illuminate/Pipeline/Pipeline::carry():194}:195}(Object(Illuminate/Http/Request))
#38 C:/Users/EMANUELCLEMENTEMARTI/Downloads/sistema hotel/vendor/laravel/framework/src/Illuminate/Session/Middleware/StartSession.php(63): Illuminate/Session/Middleware/StartSession->handleStatefulRequest(Object(Illuminate/Http/Request), Object(Illuminate/Session/Store), Object(Closure))
#39 C:/Users/EMANUELCLEMENTEMARTI/Downloads/sistema hotel/vendor/laravel/framework/src/Illuminate/Pipeline/Pipeline.php(219): Illuminate/Session/Middleware/StartSession->handle(Object(Illuminate/Http/Request), Object(Closure))
#40 C:/Users/EMANUELCLEMENTEMARTI/Downloads/sistema hotel/vendor/laravel/framework/src/Illuminate/Cookie/Middleware/AddQueuedCookiesToResponse.php(36): Illuminate/Pipeline/Pipeline->{closure:{closure:Illuminate/Pipeline/Pipeline::carry():194}:195}(Object(Illuminate/Http/Request))
#41 C:/Users/EMANUELCLEMENTEMARTI/Downloads/sistema hotel/vendor/laravel/framework/src/Illuminate/Pipeline/Pipeline.php(219): Illuminate/Cookie/Middleware/AddQueuedCookiesToResponse->handle(Object(Illuminate/Http/Request), Object(Closure))
#42 C:/Users/EMANUELCLEMENTEMARTI/Downloads/sistema hotel/vendor/laravel/framework/src/Illuminate/Cookie/Middleware/EncryptCookies.php(74): Illuminate/Pipeline/Pipeline->{closure:{closure:Illuminate/Pipeline/Pipeline::carry():194}:195}(Object(Illuminate/Http/Request))
#43 C:/Users/EMANUELCLEMENTEMARTI/Downloads/sistema hotel/vendor/laravel/framework/src/Illuminate/Pipeline/Pipeline.php(219): Illuminate/Cookie/Middleware/EncryptCookies->handle(Object(Illuminate/Http/Request), Object(Closure))
#44 C:/Users/EMANUELCLEMENTEMARTI/Downloads/sistema hotel/vendor/laravel/framework/src/Illuminate/Pipeline/Pipeline.php(137): Illuminate/Pipeline/Pipeline->{closure:{closure:Illuminate/Pipeline/Pipeline::carry():194}:195}(Object(Illuminate/Http/Request))
#45 C:/Users/EMANUELCLEMENTEMARTI/Downloads/sistema hotel/vendor/laravel/framework/src/Illuminate/Routing/Router.php(821): Illuminate/Pipeline/Pipeline->then(Object(Closure))
#46 C:/Users/EMANUELCLEMENTEMARTI/Downloads/sistema hotel/vendor/laravel/framework/src/Illuminate/Routing/Router.php(800): Illuminate/Routing/Router->runRouteWithinStack(Object(Illuminate/Routing/Route), Object(Illuminate/Http/Request))
#47 C:/Users/EMANUELCLEMENTEMARTI/Downloads/sistema hotel/vendor/laravel/framework/src/Illuminate/Routing/Router.php(764): Illuminate/Routing/Router->runRoute(Object(Illuminate/Http/Request), Object(Illuminate/Routing/Route))
#48 C:/Users/EMANUELCLEMENTEMARTI/Downloads/sistema hotel/vendor/laravel/framework/src/Illuminate/Routing/Router.php(753): Illuminate/Routing/Router->dispatchToRoute(Object(Illuminate/Http/Request))
#49 C:/Users/EMANUELCLEMENTEMARTI/Downloads/sistema hotel/vendor/laravel/framework/src/Illuminate/Foundation/Http/Kernel.php(200): Illuminate/Routing/Router->dispatch(Object(Illuminate/Http/Request))
#50 C:/Users/EMANUELCLEMENTEMARTI/Downloads/sistema hotel/vendor/laravel/framework/src/Illuminate/Pipeline/Pipeline.php(180): Illuminate/Foundation/Http/Kernel->{closure:Illuminate/Foundation/Http/Kernel::dispatchToRouter():197}(Object(Illuminate/Http/Request))
#51 C:/Users/EMANUELCLEMENTEMARTI/Downloads/sistema hotel/vendor/livewire/livewire/src/Features/SupportDisablingBackButtonCache/DisableBackButtonCacheMiddleware.php(19): Illuminate/Pipeline/Pipeline->{closure:Illuminate/Pipeline/Pipeline::prepareDestination():178}(Object(Illuminate/Http/Request))
#52 C:/Users/EMANUELCLEMENTEMARTI/Downloads/sistema hotel/vendor/laravel/framework/src/Illuminate/Pipeline/Pipeline.php(219): Livewire/Features/SupportDisablingBackButtonCache/DisableBackButtonCacheMiddleware->handle(Object(Illuminate/Http/Request), Object(Closure))
#53 C:/Users/EMANUELCLEMENTEMARTI/Downloads/sistema hotel/vendor/laravel/framework/src/Illuminate/Foundation/Http/Middleware/ConvertEmptyStringsToNull.php(27): Illuminate/Pipeline/Pipeline->{closure:{closure:Illuminate/Pipeline/Pipeline::carry():194}:195}(Object(Illuminate/Http/Request))
#54 C:/Users/EMANUELCLEMENTEMARTI/Downloads/sistema hotel/vendor/laravel/framework/src/Illuminate/Pipeline/Pipeline.php(219): Illuminate/Foundation/Http/Middleware/ConvertEmptyStringsToNull->handle(Object(Illuminate/Http/Request), Object(Closure))
#55 C:/Users/EMANUELCLEMENTEMARTI/Downloads/sistema hotel/vendor/laravel/framework/src/Illuminate/Foundation/Http/Middleware/TrimStrings.php(47): Illuminate/Pipeline/Pipeline->{closure:{closure:Illuminate/Pipeline/Pipeline::carry():194}:195}(Object(Illuminate/Http/Request))
#56 C:/Users/EMANUELCLEMENTEMARTI/Downloads/sistema hotel/vendor/laravel/framework/src/Illuminate/Pipeline/Pipeline.php(219): Illuminate/Foundation/Http/Middleware/TrimStrings->handle(Object(Illuminate/Http/Request), Object(Closure))
#57 C:/Users/EMANUELCLEMENTEMARTI/Downloads/sistema hotel/vendor/laravel/framework/src/Illuminate/Http/Middleware/ValidatePostSize.php(27): Illuminate/Pipeline/Pipeline->{closure:{closure:Illuminate/Pipeline/Pipeline::carry():194}:195}(Object(Illuminate/Http/Request))
#58 C:/Users/EMANUELCLEMENTEMARTI/Downloads/sistema hotel/vendor/laravel/framework/src/Illuminate/Pipeline/Pipeline.php(219): Illuminate/Http/Middleware/ValidatePostSize->handle(Object(Illuminate/Http/Request), Object(Closure))
#59 C:/Users/EMANUELCLEMENTEMARTI/Downloads/sistema hotel/vendor/laravel/framework/src/Illuminate/Foundation/Http/Middleware/PreventRequestsDuringMaintenance.php(109): Illuminate/Pipeline/Pipeline->{closure:{closure:Illuminate/Pipeline/Pipeline::carry():194}:195}(Object(Illuminate/Http/Request))
#60 C:/Users/EMANUELCLEMENTEMARTI/Downloads/sistema hotel/vendor/laravel/framework/src/Illuminate/Pipeline/Pipeline.php(219): Illuminate/Foundation/Http/Middleware/PreventRequestsDuringMaintenance->handle(Object(Illuminate/Http/Request), Object(Closure))
#61 C:/Users/EMANUELCLEMENTEMARTI/Downloads/sistema hotel/vendor/laravel/framework/src/Illuminate/Http/Middleware/HandleCors.php(61): Illuminate/Pipeline/Pipeline->{closure:{closure:Illuminate/Pipeline/Pipeline::carry():194}:195}(Object(Illuminate/Http/Request))
#62 C:/Users/EMANUELCLEMENTEMARTI/Downloads/sistema hotel/vendor/laravel/framework/src/Illuminate/Pipeline/Pipeline.php(219): Illuminate/Http/Middleware/HandleCors->handle(Object(Illuminate/Http/Request), Object(Closure))
#63 C:/Users/EMANUELCLEMENTEMARTI/Downloads/sistema hotel/vendor/laravel/framework/src/Illuminate/Http/Middleware/TrustProxies.php(58): Illuminate/Pipeline/Pipeline->{closure:{closure:Illuminate/Pipeline/Pipeline::carry():194}:195}(Object(Illuminate/Http/Request))
#64 C:/Users/EMANUELCLEMENTEMARTI/Downloads/sistema hotel/vendor/laravel/framework/src/Illuminate/Pipeline/Pipeline.php(219): Illuminate/Http/Middleware/TrustProxies->handle(Object(Illuminate/Http/Request), Object(Closure))
#65 C:/Users/EMANUELCLEMENTEMARTI/Downloads/sistema hotel/vendor/laravel/framework/src/Illuminate/Foundation/Http/Middleware/InvokeDeferredCallbacks.php(22): Illuminate/Pipeline/Pipeline->{closure:{closure:Illuminate/Pipeline/Pipeline::carry():194}:195}(Object(Illuminate/Http/Request))
#66 C:/Users/EMANUELCLEMENTEMARTI/Downloads/sistema hotel/vendor/laravel/framework/src/Illuminate/Pipeline/Pipeline.php(219): Illuminate/Foundation/Http/Middleware/InvokeDeferredCallbacks->handle(Object(Illuminate/Http/Request), Object(Closure))
#67 C:/Users/EMANUELCLEMENTEMARTI/Downloads/sistema hotel/vendor/laravel/framework/src/Illuminate/Http/Middleware/ValidatePathEncoding.php(26): Illuminate/Pipeline/Pipeline->{closure:{closure:Illuminate/Pipeline/Pipeline::carry():194}:195}(Object(Illuminate/Http/Request))
#68 C:/Users/EMANUELCLEMENTEMARTI/Downloads/sistema hotel/vendor/laravel/framework/src/Illuminate/Pipeline/Pipeline.php(219): Illuminate/Http/Middleware/ValidatePathEncoding->handle(Object(Illuminate/Http/Request), Object(Closure))
#69 C:/Users/EMANUELCLEMENTEMARTI/Downloads/sistema hotel/vendor/laravel/framework/src/Illuminate/Pipeline/Pipeline.php(137): Illuminate/Pipeline/Pipeline->{closure:{closure:Illuminate/Pipeline/Pipeline::carry():194}:195}(Object(Illuminate/Http/Request))
#70 C:/Users/EMANUELCLEMENTEMARTI/Downloads/sistema hotel/vendor/laravel/framework/src/Illuminate/Foundation/Http/Kernel.php(175): Illuminate/Pipeline/Pipeline->then(Object(Closure))
#71 C:/Users/EMANUELCLEMENTEMARTI/Downloads/sistema hotel/vendor/laravel/framework/src/Illuminate/Foundation/Http/Kernel.php(144): Illuminate/Foundation/Http/Kernel->sendRequestThroughRouter(Object(Illuminate/Http/Request))
#72 C:/Users/EMANUELCLEMENTEMARTI/Downloads/sistema hotel/vendor/laravel/framework/src/Illuminate/Foundation/Application.php(1220): Illuminate/Foundation/Http/Kernel->handle(Object(Illuminate/Http/Request))
#73 C:/Users/EMANUELCLEMENTEMARTI/Downloads/sistema hotel/public/index.php(17): Illuminate/Foundation/Application->handleRequest(Object(Illuminate/Http/Request))
#74 C:/Users/EMANUELCLEMENTEMARTI/Downloads/sistema hotel/vendor/laravel/framework/src/Illuminate/Foundation/resources/server.php(23): require_once('C://Users//EMANUE...')
#75 {main}
"} 
[2026-03-31 18:15:24] laravel.WARNING: League\Flysystem\AwsS3V3\AwsS3V3Adapter::mapS3ObjectMetadata(): Implicitly marking parameter $path as nullable is deprecated, the explicit nullable type must be used instead in C:\Users\EMANUELCLEMENTEMARTI\Downloads\sistema hotel\vendor\league\flysystem-aws-s3-v3\AwsS3V3Adapter.php on line 295  
[2026-03-31 18:15:42] laravel.EMERGENCY: Unable to create configured logger. Using emergency logger. {"exception":"[object] (InvalidArgumentException(code: 0): Driver [null] is not supported. at C:/Users/EMANUELCLEMENTEMARTI/Downloads/sistema hotel/vendor/laravel/framework/src/Illuminate/Log/LogManager.php:235)
[stacktrace]
#0 C:/Users/EMANUELCLEMENTEMARTI/Downloads/sistema hotel/vendor/laravel/framework/src/Illuminate/Log/LogManager.php(138): Illuminate/Log/LogManager->resolve('deprecations', Array)
#1 C:/Users/EMANUELCLEMENTEMARTI/Downloads/sistema hotel/vendor/laravel/framework/src/Illuminate/Log/LogManager.php(125): Illuminate/Log/LogManager->get('deprecations')
#2 C:/Users/EMANUELCLEMENTEMARTI/Downloads/sistema hotel/vendor/laravel/framework/src/Illuminate/Log/LogManager.php(114): Illuminate/Log/LogManager->driver('deprecations')
#3 C:/Users/EMANUELCLEMENTEMARTI/Downloads/sistema hotel/vendor/laravel/framework/src/Illuminate/Foundation/Bootstrap/HandleExceptions.php(105): Illuminate/Log/LogManager->channel('deprecations')
#4 C:/Users/EMANUELCLEMENTEMARTI/Downloads/sistema hotel/vendor/laravel/framework/src/Illuminate/Foundation/Bootstrap/HandleExceptions.php(74): Illuminate/Foundation/Bootstrap/HandleExceptions->handleDeprecationError('League//Flysyste...', 'C://Users//EMANUE...', 108, 8192)
#5 C:/Users/EMANUELCLEMENTEMARTI/Downloads/sistema hotel/vendor/laravel/framework/src/Illuminate/Foundation/Bootstrap/HandleExceptions.php(258): Illuminate/Foundation/Bootstrap/HandleExceptions->handleError(8192, 'League//Flysyste...', 'C://Users//EMANUE...', 108)
#6 C:/Users/EMANUELCLEMENTEMARTI/Downloads/sistema hotel/vendor/composer/ClassLoader.php(576): Illuminate/Foundation/Bootstrap/HandleExceptions->{closure:Illuminate/Foundation/Bootstrap/HandleExceptions::forwardsTo():257}(8192, 'League//Flysyste...', 'C://Users//EMANUE...', 108)
#7 C:/Users/EMANUELCLEMENTEMARTI/Downloads/sistema hotel/vendor/composer/ClassLoader.php(576): include('C://Users//EMANUE...')
#8 C:/Users/EMANUELCLEMENTEMARTI/Downloads/sistema hotel/vendor/composer/ClassLoader.php(427): {closure:Composer/Autoload/ClassLoader::initializeIncludeClosure():575}('C://Users//EMANUE...')
#9 C:/Users/EMANUELCLEMENTEMARTI/Downloads/sistema hotel/vendor/laravel/framework/src/Illuminate/Filesystem/FilesystemManager.php(257): Composer/Autoload/ClassLoader->loadClass('League//Flysyste...')
#10 C:/Users/EMANUELCLEMENTEMARTI/Downloads/sistema hotel/vendor/laravel/framework/src/Illuminate/Filesystem/FilesystemManager.php(153): Illuminate/Filesystem/FilesystemManager->createS3Driver(Array, 'supabase')
#11 C:/Users/EMANUELCLEMENTEMARTI/Downloads/sistema hotel/vendor/laravel/framework/src/Illuminate/Filesystem/FilesystemManager.php(121): Illuminate/Filesystem/FilesystemManager->resolve('supabase')
#12 C:/Users/EMANUELCLEMENTEMARTI/Downloads/sistema hotel/vendor/laravel/framework/src/Illuminate/Filesystem/FilesystemManager.php(84): Illuminate/Filesystem/FilesystemManager->get('supabase')
#13 C:/Users/EMANUELCLEMENTEMARTI/Downloads/sistema hotel/vendor/laravel/framework/src/Illuminate/Support/Facades/Facade.php(363): Illuminate/Filesystem/FilesystemManager->disk('supabase')
#14 C:/Users/EMANUELCLEMENTEMARTI/Downloads/sistema hotel/vendor/livewire/livewire/src/Features/SupportFileUploads/TemporaryUploadedFile.php(20): Illuminate/Support/Facades/Facade::__callStatic('disk', Array)
#15 C:/Users/EMANUELCLEMENTEMARTI/Downloads/sistema hotel/vendor/livewire/livewire/src/Features/SupportFileUploads/TemporaryUploadedFile.php(200): Livewire/Features/SupportFileUploads/TemporaryUploadedFile->__construct(Object(Illuminate/Support/Stringable), 'supabase')
#16 C:/Users/EMANUELCLEMENTEMARTI/Downloads/sistema hotel/vendor/livewire/livewire/src/Features/SupportFileUploads/TemporaryUploadedFile.php(222): Livewire/Features/SupportFileUploads/TemporaryUploadedFile::createFromLivewire(Object(Illuminate/Support/Stringable))
#17 C:/Users/EMANUELCLEMENTEMARTI/Downloads/sistema hotel/vendor/livewire/livewire/src/Features/SupportFileUploads/FileUploadSynth.php(63): Livewire/Features/SupportFileUploads/TemporaryUploadedFile::unserializeFromLivewireRequest('livewire-file:P...')
#18 C:/Users/EMANUELCLEMENTEMARTI/Downloads/sistema hotel/vendor/livewire/livewire/src/Mechanisms/HandleComponents/HandleComponents.php(214): Livewire/Features/SupportFileUploads/FileUploadSynth->hydrate('livewire-file:P...', Array, Object(Closure))
#19 C:/Users/EMANUELCLEMENTEMARTI/Downloads/sistema hotel/vendor/livewire/livewire/src/Mechanisms/HandleComponents/HandleComponents.php(192): Livewire/Mechanisms/HandleComponents/HandleComponents->hydrate(Array, Object(Livewire/Mechanisms/HandleComponents/ComponentContext), 'imagen')
#20 C:/Users/EMANUELCLEMENTEMARTI/Downloads/sistema hotel/vendor/livewire/livewire/src/Mechanisms/HandleComponents/HandleComponents.php(136): Livewire/Mechanisms/HandleComponents/HandleComponents->hydrateProperties(Object(App/Livewire/ImageManager), Array, Object(Livewire/Mechanisms/HandleComponents/ComponentContext))
#21 C:/Users/EMANUELCLEMENTEMARTI/Downloads/sistema hotel/vendor/livewire/livewire/src/Mechanisms/HandleComponents/HandleComponents.php(92): Livewire/Mechanisms/HandleComponents/HandleComponents->fromSnapshot(Array)
#22 C:/Users/EMANUELCLEMENTEMARTI/Downloads/sistema hotel/vendor/livewire/livewire/src/LivewireManager.php(102): Livewire/Mechanisms/HandleComponents/HandleComponents->update(Array, Array, Array)
#23 C:/Users/EMANUELCLEMENTEMARTI/Downloads/sistema hotel/vendor/livewire/livewire/src/Mechanisms/HandleRequests/HandleRequests.php(131): Livewire/LivewireManager->update(Array, Array, Array)
#24 C:/Users/EMANUELCLEMENTEMARTI/Downloads/sistema hotel/vendor/laravel/framework/src/Illuminate/Routing/ControllerDispatcher.php(46): Livewire/Mechanisms/HandleRequests/HandleRequests->handleUpdate()
#25 C:/Users/EMANUELCLEMENTEMARTI/Downloads/sistema hotel/vendor/laravel/framework/src/Illuminate/Routing/Route.php(265): Illuminate/Routing/ControllerDispatcher->dispatch(Object(Illuminate/Routing/Route), Object(Livewire/Mechanisms/HandleRequests/HandleRequests), 'handleUpdate')
#26 C:/Users/EMANUELCLEMENTEMARTI/Downloads/sistema hotel/vendor/laravel/framework/src/Illuminate/Routing/Route.php(211): Illuminate/Routing/Route->runController()
#27 C:/Users/EMANUELCLEMENTEMARTI/Downloads/sistema hotel/vendor/laravel/framework/src/Illuminate/Routing/Router.php(822): Illuminate/Routing/Route->run()
#28 C:/Users/EMANUELCLEMENTEMARTI/Downloads/sistema hotel/vendor/laravel/framework/src/Illuminate/Pipeline/Pipeline.php(180): Illuminate/Routing/Router->{closure:Illuminate/Routing/Router::runRouteWithinStack():821}(Object(Illuminate/Http/Request))
#29 C:/Users/EMANUELCLEMENTEMARTI/Downloads/sistema hotel/vendor/laravel/framework/src/Illuminate/Routing/Middleware/SubstituteBindings.php(50): Illuminate/Pipeline/Pipeline->{closure:Illuminate/Pipeline/Pipeline::prepareDestination():178}(Object(Illuminate/Http/Request))
#30 C:/Users/EMANUELCLEMENTEMARTI/Downloads/sistema hotel/vendor/laravel/framework/src/Illuminate/Pipeline/Pipeline.php(219): Illuminate/Routing/Middleware/SubstituteBindings->handle(Object(Illuminate/Http/Request), Object(Closure))
#31 C:/Users/EMANUELCLEMENTEMARTI/Downloads/sistema hotel/vendor/laravel/framework/src/Illuminate/Foundation/Http/Middleware/VerifyCsrfToken.php(87): Illuminate/Pipeline/Pipeline->{closure:{closure:Illuminate/Pipeline/Pipeline::carry():194}:195}(Object(Illuminate/Http/Request))
#32 C:/Users/EMANUELCLEMENTEMARTI/Downloads/sistema hotel/vendor/laravel/framework/src/Illuminate/Pipeline/Pipeline.php(219): Illuminate/Foundation/Http/Middleware/VerifyCsrfToken->handle(Object(Illuminate/Http/Request), Object(Closure))
#33 C:/Users/EMANUELCLEMENTEMARTI/Downloads/sistema hotel/vendor/laravel/framework/src/Illuminate/View/Middleware/ShareErrorsFromSession.php(48): Illuminate/Pipeline/Pipeline->{closure:{closure:Illuminate/Pipeline/Pipeline::carry():194}:195}(Object(Illuminate/Http/Request))
#34 C:/Users/EMANUELCLEMENTEMARTI/Downloads/sistema hotel/vendor/laravel/framework/src/Illuminate/Pipeline/Pipeline.php(219): Illuminate/View/Middleware/ShareErrorsFromSession->handle(Object(Illuminate/Http/Request), Object(Closure))
#35 C:/Users/EMANUELCLEMENTEMARTI/Downloads/sistema hotel/vendor/laravel/framework/src/Illuminate/Session/Middleware/StartSession.php(120): Illuminate/Pipeline/Pipeline->{closure:{closure:Illuminate/Pipeline/Pipeline::carry():194}:195}(Object(Illuminate/Http/Request))
#36 C:/Users/EMANUELCLEMENTEMARTI/Downloads/sistema hotel/vendor/laravel/framework/src/Illuminate/Session/Middleware/StartSession.php(63): Illuminate/Session/Middleware/StartSession->handleStatefulRequest(Object(Illuminate/Http/Request), Object(Illuminate/Session/Store), Object(Closure))
#37 C:/Users/EMANUELCLEMENTEMARTI/Downloads/sistema hotel/vendor/laravel/framework/src/Illuminate/Pipeline/Pipeline.php(219): Illuminate/Session/Middleware/StartSession->handle(Object(Illuminate/Http/Request), Object(Closure))
#38 C:/Users/EMANUELCLEMENTEMARTI/Downloads/sistema hotel/vendor/laravel/framework/src/Illuminate/Cookie/Middleware/AddQueuedCookiesToResponse.php(36): Illuminate/Pipeline/Pipeline->{closure:{closure:Illuminate/Pipeline/Pipeline::carry():194}:195}(Object(Illuminate/Http/Request))
#39 C:/Users/EMANUELCLEMENTEMARTI/Downloads/sistema hotel/vendor/laravel/framework/src/Illuminate/Pipeline/Pipeline.php(219): Illuminate/Cookie/Middleware/AddQueuedCookiesToResponse->handle(Object(Illuminate/Http/Request), Object(Closure))
#40 C:/Users/EMANUELCLEMENTEMARTI/Downloads/sistema hotel/vendor/laravel/framework/src/Illuminate/Cookie/Middleware/EncryptCookies.php(74): Illuminate/Pipeline/Pipeline->{closure:{closure:Illuminate/Pipeline/Pipeline::carry():194}:195}(Object(Illuminate/Http/Request))
#41 C:/Users/EMANUELCLEMENTEMARTI/Downloads/sistema hotel/vendor/laravel/framework/src/Illuminate/Pipeline/Pipeline.php(219): Illuminate/Cookie/Middleware/EncryptCookies->handle(Object(Illuminate/Http/Request), Object(Closure))
#42 C:/Users/EMANUELCLEMENTEMARTI/Downloads/sistema hotel/vendor/laravel/framework/src/Illuminate/Pipeline/Pipeline.php(137): Illuminate/Pipeline/Pipeline->{closure:{closure:Illuminate/Pipeline/Pipeline::carry():194}:195}(Object(Illuminate/Http/Request))
#43 C:/Users/EMANUELCLEMENTEMARTI/Downloads/sistema hotel/vendor/laravel/framework/src/Illuminate/Routing/Router.php(821): Illuminate/Pipeline/Pipeline->then(Object(Closure))
#44 C:/Users/EMANUELCLEMENTEMARTI/Downloads/sistema hotel/vendor/laravel/framework/src/Illuminate/Routing/Router.php(800): Illuminate/Routing/Router->runRouteWithinStack(Object(Illuminate/Routing/Route), Object(Illuminate/Http/Request))
#45 C:/Users/EMANUELCLEMENTEMARTI/Downloads/sistema hotel/vendor/laravel/framework/src/Illuminate/Routing/Router.php(764): Illuminate/Routing/Router->runRoute(Object(Illuminate/Http/Request), Object(Illuminate/Routing/Route))
#46 C:/Users/EMANUELCLEMENTEMARTI/Downloads/sistema hotel/vendor/laravel/framework/src/Illuminate/Routing/Router.php(753): Illuminate/Routing/Router->dispatchToRoute(Object(Illuminate/Http/Request))
#47 C:/Users/EMANUELCLEMENTEMARTI/Downloads/sistema hotel/vendor/laravel/framework/src/Illuminate/Foundation/Http/Kernel.php(200): Illuminate/Routing/Router->dispatch(Object(Illuminate/Http/Request))
#48 C:/Users/EMANUELCLEMENTEMARTI/Downloads/sistema hotel/vendor/laravel/framework/src/Illuminate/Pipeline/Pipeline.php(180): Illuminate/Foundation/Http/Kernel->{closure:Illuminate/Foundation/Http/Kernel::dispatchToRouter():197}(Object(Illuminate/Http/Request))
#49 C:/Users/EMANUELCLEMENTEMARTI/Downloads/sistema hotel/vendor/livewire/livewire/src/Features/SupportDisablingBackButtonCache/DisableBackButtonCacheMiddleware.php(19): Illuminate/Pipeline/Pipeline->{closure:Illuminate/Pipeline/Pipeline::prepareDestination():178}(Object(Illuminate/Http/Request))
#50 C:/Users/EMANUELCLEMENTEMARTI/Downloads/sistema hotel/vendor/laravel/framework/src/Illuminate/Pipeline/Pipeline.php(219): Livewire/Features/SupportDisablingBackButtonCache/DisableBackButtonCacheMiddleware->handle(Object(Illuminate/Http/Request), Object(Closure))
#51 C:/Users/EMANUELCLEMENTEMARTI/Downloads/sistema hotel/vendor/laravel/framework/src/Illuminate/Foundation/Http/Middleware/ConvertEmptyStringsToNull.php(27): Illuminate/Pipeline/Pipeline->{closure:{closure:Illuminate/Pipeline/Pipeline::carry():194}:195}(Object(Illuminate/Http/Request))
#52 C:/Users/EMANUELCLEMENTEMARTI/Downloads/sistema hotel/vendor/laravel/framework/src/Illuminate/Pipeline/Pipeline.php(219): Illuminate/Foundation/Http/Middleware/ConvertEmptyStringsToNull->handle(Object(Illuminate/Http/Request), Object(Closure))
#53 C:/Users/EMANUELCLEMENTEMARTI/Downloads/sistema hotel/vendor/laravel/framework/src/Illuminate/Foundation/Http/Middleware/TrimStrings.php(47): Illuminate/Pipeline/Pipeline->{closure:{closure:Illuminate/Pipeline/Pipeline::carry():194}:195}(Object(Illuminate/Http/Request))
#54 C:/Users/EMANUELCLEMENTEMARTI/Downloads/sistema hotel/vendor/laravel/framework/src/Illuminate/Pipeline/Pipeline.php(219): Illuminate/Foundation/Http/Middleware/TrimStrings->handle(Object(Illuminate/Http/Request), Object(Closure))
#55 C:/Users/EMANUELCLEMENTEMARTI/Downloads/sistema hotel/vendor/laravel/framework/src/Illuminate/Http/Middleware/ValidatePostSize.php(27): Illuminate/Pipeline/Pipeline->{closure:{closure:Illuminate/Pipeline/Pipeline::carry():194}:195}(Object(Illuminate/Http/Request))
#56 C:/Users/EMANUELCLEMENTEMARTI/Downloads/sistema hotel/vendor/laravel/framework/src/Illuminate/Pipeline/Pipeline.php(219): Illuminate/Http/Middleware/ValidatePostSize->handle(Object(Illuminate/Http/Request), Object(Closure))
#57 C:/Users/EMANUELCLEMENTEMARTI/Downloads/sistema hotel/vendor/laravel/framework/src/Illuminate/Foundation/Http/Middleware/PreventRequestsDuringMaintenance.php(109): Illuminate/Pipeline/Pipeline->{closure:{closure:Illuminate/Pipeline/Pipeline::carry():194}:195}(Object(Illuminate/Http/Request))
#58 C:/Users/EMANUELCLEMENTEMARTI/Downloads/sistema hotel/vendor/laravel/framework/src/Illuminate/Pipeline/Pipeline.php(219): Illuminate/Foundation/Http/Middleware/PreventRequestsDuringMaintenance->handle(Object(Illuminate/Http/Request), Object(Closure))
#59 C:/Users/EMANUELCLEMENTEMARTI/Downloads/sistema hotel/vendor/laravel/framework/src/Illuminate/Http/Middleware/HandleCors.php(61): Illuminate/Pipeline/Pipeline->{closure:{closure:Illuminate/Pipeline/Pipeline::carry():194}:195}(Object(Illuminate/Http/Request))
#60 C:/Users/EMANUELCLEMENTEMARTI/Downloads/sistema hotel/vendor/laravel/framework/src/Illuminate/Pipeline/Pipeline.php(219): Illuminate/Http/Middleware/HandleCors->handle(Object(Illuminate/Http/Request), Object(Closure))
#61 C:/Users/EMANUELCLEMENTEMARTI/Downloads/sistema hotel/vendor/laravel/framework/src/Illuminate/Http/Middleware/TrustProxies.php(58): Illuminate/Pipeline/Pipeline->{closure:{closure:Illuminate/Pipeline/Pipeline::carry():194}:195}(Object(Illuminate/Http/Request))
#62 C:/Users/EMANUELCLEMENTEMARTI/Downloads/sistema hotel/vendor/laravel/framework/src/Illuminate/Pipeline/Pipeline.php(219): Illuminate/Http/Middleware/TrustProxies->handle(Object(Illuminate/Http/Request), Object(Closure))
#63 C:/Users/EMANUELCLEMENTEMARTI/Downloads/sistema hotel/vendor/laravel/framework/src/Illuminate/Foundation/Http/Middleware/InvokeDeferredCallbacks.php(22): Illuminate/Pipeline/Pipeline->{closure:{closure:Illuminate/Pipeline/Pipeline::carry():194}:195}(Object(Illuminate/Http/Request))
#64 C:/Users/EMANUELCLEMENTEMARTI/Downloads/sistema hotel/vendor/laravel/framework/src/Illuminate/Pipeline/Pipeline.php(219): Illuminate/Foundation/Http/Middleware/InvokeDeferredCallbacks->handle(Object(Illuminate/Http/Request), Object(Closure))
#65 C:/Users/EMANUELCLEMENTEMARTI/Downloads/sistema hotel/vendor/laravel/framework/src/Illuminate/Http/Middleware/ValidatePathEncoding.php(26): Illuminate/Pipeline/Pipeline->{closure:{closure:Illuminate/Pipeline/Pipeline::carry():194}:195}(Object(Illuminate/Http/Request))
#66 C:/Users/EMANUELCLEMENTEMARTI/Downloads/sistema hotel/vendor/laravel/framework/src/Illuminate/Pipeline/Pipeline.php(219): Illuminate/Http/Middleware/ValidatePathEncoding->handle(Object(Illuminate/Http/Request), Object(Closure))
#67 C:/Users/EMANUELCLEMENTEMARTI/Downloads/sistema hotel/vendor/laravel/framework/src/Illuminate/Pipeline/Pipeline.php(137): Illuminate/Pipeline/Pipeline->{closure:{closure:Illuminate/Pipeline/Pipeline::carry():194}:195}(Object(Illuminate/Http/Request))
#68 C:/Users/EMANUELCLEMENTEMARTI/Downloads/sistema hotel/vendor/laravel/framework/src/Illuminate/Foundation/Http/Kernel.php(175): Illuminate/Pipeline/Pipeline->then(Object(Closure))
#69 C:/Users/EMANUELCLEMENTEMARTI/Downloads/sistema hotel/vendor/laravel/framework/src/Illuminate/Foundation/Http/Kernel.php(144): Illuminate/Foundation/Http/Kernel->sendRequestThroughRouter(Object(Illuminate/Http/Request))
#70 C:/Users/EMANUELCLEMENTEMARTI/Downloads/sistema hotel/vendor/laravel/framework/src/Illuminate/Foundation/Application.php(1220): Illuminate/Foundation/Http/Kernel->handle(Object(Illuminate/Http/Request))
#71 C:/Users/EMANUELCLEMENTEMARTI/Downloads/sistema hotel/public/index.php(17): Illuminate/Foundation/Application->handleRequest(Object(Illuminate/Http/Request))
#72 C:/Users/EMANUELCLEMENTEMARTI/Downloads/sistema hotel/vendor/laravel/framework/src/Illuminate/Foundation/resources/server.php(23): require_once('C://Users//EMANUE...')
#73 {main}
"} 
[2026-03-31 18:15:42] laravel.WARNING: League\Flysystem\AwsS3V3\AwsS3V3Adapter::__construct(): Implicitly marking parameter $visibility as nullable is deprecated, the explicit nullable type must be used instead in C:\Users\EMANUELCLEMENTEMARTI\Downloads\sistema hotel\vendor\league\flysystem-aws-s3-v3\AwsS3V3Adapter.php on line 108  
[2026-03-31 18:15:42] laravel.EMERGENCY: Unable to create configured logger. Using emergency logger. {"exception":"[object] (InvalidArgumentException(code: 0): Driver [null] is not supported. at C:/Users/EMANUELCLEMENTEMARTI/Downloads/sistema hotel/vendor/laravel/framework/src/Illuminate/Log/LogManager.php:235)
[stacktrace]
#0 C:/Users/EMANUELCLEMENTEMARTI/Downloads/sistema hotel/vendor/laravel/framework/src/Illuminate/Log/LogManager.php(138): Illuminate/Log/LogManager->resolve('deprecations', Array)
#1 C:/Users/EMANUELCLEMENTEMARTI/Downloads/sistema hotel/vendor/laravel/framework/src/Illuminate/Log/LogManager.php(125): Illuminate/Log/LogManager->get('deprecations')
#2 C:/Users/EMANUELCLEMENTEMARTI/Downloads/sistema hotel/vendor/laravel/framework/src/Illuminate/Log/LogManager.php(114): Illuminate/Log/LogManager->driver('deprecations')
#3 C:/Users/EMANUELCLEMENTEMARTI/Downloads/sistema hotel/vendor/laravel/framework/src/Illuminate/Foundation/Bootstrap/HandleExceptions.php(105): Illuminate/Log/LogManager->channel('deprecations')
#4 C:/Users/EMANUELCLEMENTEMARTI/Downloads/sistema hotel/vendor/laravel/framework/src/Illuminate/Foundation/Bootstrap/HandleExceptions.php(74): Illuminate/Foundation/Bootstrap/HandleExceptions->handleDeprecationError('League//Flysyste...', 'C://Users//EMANUE...', 0, 8192)
#5 C:/Users/EMANUELCLEMENTEMARTI/Downloads/sistema hotel/vendor/laravel/framework/src/Illuminate/Foundation/Bootstrap/HandleExceptions.php(258): Illuminate/Foundation/Bootstrap/HandleExceptions->handleError(8192, 'League//Flysyste...', 'C://Users//EMANUE...', 0)
#6 C:/Users/EMANUELCLEMENTEMARTI/Downloads/sistema hotel/vendor/composer/ClassLoader.php(576): Illuminate/Foundation/Bootstrap/HandleExceptions->{closure:Illuminate/Foundation/Bootstrap/HandleExceptions::forwardsTo():257}(8192, 'League//Flysyste...', 'C://Users//EMANUE...', 0)
#7 C:/Users/EMANUELCLEMENTEMARTI/Downloads/sistema hotel/vendor/composer/ClassLoader.php(576): include('C://Users//EMANUE...')
#8 C:/Users/EMANUELCLEMENTEMARTI/Downloads/sistema hotel/vendor/composer/ClassLoader.php(427): {closure:Composer/Autoload/ClassLoader::initializeIncludeClosure():575}('C://Users//EMANUE...')
#9 C:/Users/EMANUELCLEMENTEMARTI/Downloads/sistema hotel/vendor/laravel/framework/src/Illuminate/Filesystem/FilesystemManager.php(257): Composer/Autoload/ClassLoader->loadClass('League//Flysyste...')
#10 C:/Users/EMANUELCLEMENTEMARTI/Downloads/sistema hotel/vendor/laravel/framework/src/Illuminate/Filesystem/FilesystemManager.php(153): Illuminate/Filesystem/FilesystemManager->createS3Driver(Array, 'supabase')
#11 C:/Users/EMANUELCLEMENTEMARTI/Downloads/sistema hotel/vendor/laravel/framework/src/Illuminate/Filesystem/FilesystemManager.php(121): Illuminate/Filesystem/FilesystemManager->resolve('supabase')
#12 C:/Users/EMANUELCLEMENTEMARTI/Downloads/sistema hotel/vendor/laravel/framework/src/Illuminate/Filesystem/FilesystemManager.php(84): Illuminate/Filesystem/FilesystemManager->get('supabase')
#13 C:/Users/EMANUELCLEMENTEMARTI/Downloads/sistema hotel/vendor/laravel/framework/src/Illuminate/Support/Facades/Facade.php(363): Illuminate/Filesystem/FilesystemManager->disk('supabase')
#14 C:/Users/EMANUELCLEMENTEMARTI/Downloads/sistema hotel/vendor/livewire/livewire/src/Features/SupportFileUploads/TemporaryUploadedFile.php(20): Illuminate/Support/Facades/Facade::__callStatic('disk', Array)
#15 C:/Users/EMANUELCLEMENTEMARTI/Downloads/sistema hotel/vendor/livewire/livewire/src/Features/SupportFileUploads/TemporaryUploadedFile.php(200): Livewire/Features/SupportFileUploads/TemporaryUploadedFile->__construct(Object(Illuminate/Support/Stringable), 'supabase')
#16 C:/Users/EMANUELCLEMENTEMARTI/Downloads/sistema hotel/vendor/livewire/livewire/src/Features/SupportFileUploads/TemporaryUploadedFile.php(222): Livewire/Features/SupportFileUploads/TemporaryUploadedFile::createFromLivewire(Object(Illuminate/Support/Stringable))
#17 C:/Users/EMANUELCLEMENTEMARTI/Downloads/sistema hotel/vendor/livewire/livewire/src/Features/SupportFileUploads/FileUploadSynth.php(63): Livewire/Features/SupportFileUploads/TemporaryUploadedFile::unserializeFromLivewireRequest('livewire-file:P...')
#18 C:/Users/EMANUELCLEMENTEMARTI/Downloads/sistema hotel/vendor/livewire/livewire/src/Mechanisms/HandleComponents/HandleComponents.php(214): Livewire/Features/SupportFileUploads/FileUploadSynth->hydrate('livewire-file:P...', Array, Object(Closure))
#19 C:/Users/EMANUELCLEMENTEMARTI/Downloads/sistema hotel/vendor/livewire/livewire/src/Mechanisms/HandleComponents/HandleComponents.php(192): Livewire/Mechanisms/HandleComponents/HandleComponents->hydrate(Array, Object(Livewire/Mechanisms/HandleComponents/ComponentContext), 'imagen')
#20 C:/Users/EMANUELCLEMENTEMARTI/Downloads/sistema hotel/vendor/livewire/livewire/src/Mechanisms/HandleComponents/HandleComponents.php(136): Livewire/Mechanisms/HandleComponents/HandleComponents->hydrateProperties(Object(App/Livewire/ImageManager), Array, Object(Livewire/Mechanisms/HandleComponents/ComponentContext))
#21 C:/Users/EMANUELCLEMENTEMARTI/Downloads/sistema hotel/vendor/livewire/livewire/src/Mechanisms/HandleComponents/HandleComponents.php(92): Livewire/Mechanisms/HandleComponents/HandleComponents->fromSnapshot(Array)
#22 C:/Users/EMANUELCLEMENTEMARTI/Downloads/sistema hotel/vendor/livewire/livewire/src/LivewireManager.php(102): Livewire/Mechanisms/HandleComponents/HandleComponents->update(Array, Array, Array)
#23 C:/Users/EMANUELCLEMENTEMARTI/Downloads/sistema hotel/vendor/livewire/livewire/src/Mechanisms/HandleRequests/HandleRequests.php(131): Livewire/LivewireManager->update(Array, Array, Array)
#24 C:/Users/EMANUELCLEMENTEMARTI/Downloads/sistema hotel/vendor/laravel/framework/src/Illuminate/Routing/ControllerDispatcher.php(46): Livewire/Mechanisms/HandleRequests/HandleRequests->handleUpdate()
#25 C:/Users/EMANUELCLEMENTEMARTI/Downloads/sistema hotel/vendor/laravel/framework/src/Illuminate/Routing/Route.php(265): Illuminate/Routing/ControllerDispatcher->dispatch(Object(Illuminate/Routing/Route), Object(Livewire/Mechanisms/HandleRequests/HandleRequests), 'handleUpdate')
#26 C:/Users/EMANUELCLEMENTEMARTI/Downloads/sistema hotel/vendor/laravel/framework/src/Illuminate/Routing/Route.php(211): Illuminate/Routing/Route->runController()
#27 C:/Users/EMANUELCLEMENTEMARTI/Downloads/sistema hotel/vendor/laravel/framework/src/Illuminate/Routing/Router.php(822): Illuminate/Routing/Route->run()
#28 C:/Users/EMANUELCLEMENTEMARTI/Downloads/sistema hotel/vendor/laravel/framework/src/Illuminate/Pipeline/Pipeline.php(180): Illuminate/Routing/Router->{closure:Illuminate/Routing/Router::runRouteWithinStack():821}(Object(Illuminate/Http/Request))
#29 C:/Users/EMANUELCLEMENTEMARTI/Downloads/sistema hotel/vendor/laravel/framework/src/Illuminate/Routing/Middleware/SubstituteBindings.php(50): Illuminate/Pipeline/Pipeline->{closure:Illuminate/Pipeline/Pipeline::prepareDestination():178}(Object(Illuminate/Http/Request))
#30 C:/Users/EMANUELCLEMENTEMARTI/Downloads/sistema hotel/vendor/laravel/framework/src/Illuminate/Pipeline/Pipeline.php(219): Illuminate/Routing/Middleware/SubstituteBindings->handle(Object(Illuminate/Http/Request), Object(Closure))
#31 C:/Users/EMANUELCLEMENTEMARTI/Downloads/sistema hotel/vendor/laravel/framework/src/Illuminate/Foundation/Http/Middleware/VerifyCsrfToken.php(87): Illuminate/Pipeline/Pipeline->{closure:{closure:Illuminate/Pipeline/Pipeline::carry():194}:195}(Object(Illuminate/Http/Request))
#32 C:/Users/EMANUELCLEMENTEMARTI/Downloads/sistema hotel/vendor/laravel/framework/src/Illuminate/Pipeline/Pipeline.php(219): Illuminate/Foundation/Http/Middleware/VerifyCsrfToken->handle(Object(Illuminate/Http/Request), Object(Closure))
#33 C:/Users/EMANUELCLEMENTEMARTI/Downloads/sistema hotel/vendor/laravel/framework/src/Illuminate/View/Middleware/ShareErrorsFromSession.php(48): Illuminate/Pipeline/Pipeline->{closure:{closure:Illuminate/Pipeline/Pipeline::carry():194}:195}(Object(Illuminate/Http/Request))
#34 C:/Users/EMANUELCLEMENTEMARTI/Downloads/sistema hotel/vendor/laravel/framework/src/Illuminate/Pipeline/Pipeline.php(219): Illuminate/View/Middleware/ShareErrorsFromSession->handle(Object(Illuminate/Http/Request), Object(Closure))
#35 C:/Users/EMANUELCLEMENTEMARTI/Downloads/sistema hotel/vendor/laravel/framework/src/Illuminate/Session/Middleware/StartSession.php(120): Illuminate/Pipeline/Pipeline->{closure:{closure:Illuminate/Pipeline/Pipeline::carry():194}:195}(Object(Illuminate/Http/Request))
#36 C:/Users/EMANUELCLEMENTEMARTI/Downloads/sistema hotel/vendor/laravel/framework/src/Illuminate/Session/Middleware/StartSession.php(63): Illuminate/Session/Middleware/StartSession->handleStatefulRequest(Object(Illuminate/Http/Request), Object(Illuminate/Session/Store), Object(Closure))
#37 C:/Users/EMANUELCLEMENTEMARTI/Downloads/sistema hotel/vendor/laravel/framework/src/Illuminate/Pipeline/Pipeline.php(219): Illuminate/Session/Middleware/StartSession->handle(Object(Illuminate/Http/Request), Object(Closure))
#38 C:/Users/EMANUELCLEMENTEMARTI/Downloads/sistema hotel/vendor/laravel/framework/src/Illuminate/Cookie/Middleware/AddQueuedCookiesToResponse.php(36): Illuminate/Pipeline/Pipeline->{closure:{closure:Illuminate/Pipeline/Pipeline::carry():194}:195}(Object(Illuminate/Http/Request))
#39 C:/Users/EMANUELCLEMENTEMARTI/Downloads/sistema hotel/vendor/laravel/framework/src/Illuminate/Pipeline/Pipeline.php(219): Illuminate/Cookie/Middleware/AddQueuedCookiesToResponse->handle(Object(Illuminate/Http/Request), Object(Closure))
#40 C:/Users/EMANUELCLEMENTEMARTI/Downloads/sistema hotel/vendor/laravel/framework/src/Illuminate/Cookie/Middleware/EncryptCookies.php(74): Illuminate/Pipeline/Pipeline->{closure:{closure:Illuminate/Pipeline/Pipeline::carry():194}:195}(Object(Illuminate/Http/Request))
#41 C:/Users/EMANUELCLEMENTEMARTI/Downloads/sistema hotel/vendor/laravel/framework/src/Illuminate/Pipeline/Pipeline.php(219): Illuminate/Cookie/Middleware/EncryptCookies->handle(Object(Illuminate/Http/Request), Object(Closure))
#42 C:/Users/EMANUELCLEMENTEMARTI/Downloads/sistema hotel/vendor/laravel/framework/src/Illuminate/Pipeline/Pipeline.php(137): Illuminate/Pipeline/Pipeline->{closure:{closure:Illuminate/Pipeline/Pipeline::carry():194}:195}(Object(Illuminate/Http/Request))
#43 C:/Users/EMANUELCLEMENTEMARTI/Downloads/sistema hotel/vendor/laravel/framework/src/Illuminate/Routing/Router.php(821): Illuminate/Pipeline/Pipeline->then(Object(Closure))
#44 C:/Users/EMANUELCLEMENTEMARTI/Downloads/sistema hotel/vendor/laravel/framework/src/Illuminate/Routing/Router.php(800): Illuminate/Routing/Router->runRouteWithinStack(Object(Illuminate/Routing/Route), Object(Illuminate/Http/Request))
#45 C:/Users/EMANUELCLEMENTEMARTI/Downloads/sistema hotel/vendor/laravel/framework/src/Illuminate/Routing/Router.php(764): Illuminate/Routing/Router->runRoute(Object(Illuminate/Http/Request), Object(Illuminate/Routing/Route))
#46 C:/Users/EMANUELCLEMENTEMARTI/Downloads/sistema hotel/vendor/laravel/framework/src/Illuminate/Routing/Router.php(753): Illuminate/Routing/Router->dispatchToRoute(Object(Illuminate/Http/Request))
#47 C:/Users/EMANUELCLEMENTEMARTI/Downloads/sistema hotel/vendor/laravel/framework/src/Illuminate/Foundation/Http/Kernel.php(200): Illuminate/Routing/Router->dispatch(Object(Illuminate/Http/Request))
#48 C:/Users/EMANUELCLEMENTEMARTI/Downloads/sistema hotel/vendor/laravel/framework/src/Illuminate/Pipeline/Pipeline.php(180): Illuminate/Foundation/Http/Kernel->{closure:Illuminate/Foundation/Http/Kernel::dispatchToRouter():197}(Object(Illuminate/Http/Request))
#49 C:/Users/EMANUELCLEMENTEMARTI/Downloads/sistema hotel/vendor/livewire/livewire/src/Features/SupportDisablingBackButtonCache/DisableBackButtonCacheMiddleware.php(19): Illuminate/Pipeline/Pipeline->{closure:Illuminate/Pipeline/Pipeline::prepareDestination():178}(Object(Illuminate/Http/Request))
#50 C:/Users/EMANUELCLEMENTEMARTI/Downloads/sistema hotel/vendor/laravel/framework/src/Illuminate/Pipeline/Pipeline.php(219): Livewire/Features/SupportDisablingBackButtonCache/DisableBackButtonCacheMiddleware->handle(Object(Illuminate/Http/Request), Object(Closure))
#51 C:/Users/EMANUELCLEMENTEMARTI/Downloads/sistema hotel/vendor/laravel/framework/src/Illuminate/Foundation/Http/Middleware/ConvertEmptyStringsToNull.php(27): Illuminate/Pipeline/Pipeline->{closure:{closure:Illuminate/Pipeline/Pipeline::carry():194}:195}(Object(Illuminate/Http/Request))
#52 C:/Users/EMANUELCLEMENTEMARTI/Downloads/sistema hotel/vendor/laravel/framework/src/Illuminate/Pipeline/Pipeline.php(219): Illuminate/Foundation/Http/Middleware/ConvertEmptyStringsToNull->handle(Object(Illuminate/Http/Request), Object(Closure))
#53 C:/Users/EMANUELCLEMENTEMARTI/Downloads/sistema hotel/vendor/laravel/framework/src/Illuminate/Foundation/Http/Middleware/TrimStrings.php(47): Illuminate/Pipeline/Pipeline->{closure:{closure:Illuminate/Pipeline/Pipeline::carry():194}:195}(Object(Illuminate/Http/Request))
#54 C:/Users/EMANUELCLEMENTEMARTI/Downloads/sistema hotel/vendor/laravel/framework/src/Illuminate/Pipeline/Pipeline.php(219): Illuminate/Foundation/Http/Middleware/TrimStrings->handle(Object(Illuminate/Http/Request), Object(Closure))
#55 C:/Users/EMANUELCLEMENTEMARTI/Downloads/sistema hotel/vendor/laravel/framework/src/Illuminate/Http/Middleware/ValidatePostSize.php(27): Illuminate/Pipeline/Pipeline->{closure:{closure:Illuminate/Pipeline/Pipeline::carry():194}:195}(Object(Illuminate/Http/Request))
#56 C:/Users/EMANUELCLEMENTEMARTI/Downloads/sistema hotel/vendor/laravel/framework/src/Illuminate/Pipeline/Pipeline.php(219): Illuminate/Http/Middleware/ValidatePostSize->handle(Object(Illuminate/Http/Request), Object(Closure))
#57 C:/Users/EMANUELCLEMENTEMARTI/Downloads/sistema hotel/vendor/laravel/framework/src/Illuminate/Foundation/Http/Middleware/PreventRequestsDuringMaintenance.php(109): Illuminate/Pipeline/Pipeline->{closure:{closure:Illuminate/Pipeline/Pipeline::carry():194}:195}(Object(Illuminate/Http/Request))
#58 C:/Users/EMANUELCLEMENTEMARTI/Downloads/sistema hotel/vendor/laravel/framework/src/Illuminate/Pipeline/Pipeline.php(219): Illuminate/Foundation/Http/Middleware/PreventRequestsDuringMaintenance->handle(Object(Illuminate/Http/Request), Object(Closure))
#59 C:/Users/EMANUELCLEMENTEMARTI/Downloads/sistema hotel/vendor/laravel/framework/src/Illuminate/Http/Middleware/HandleCors.php(61): Illuminate/Pipeline/Pipeline->{closure:{closure:Illuminate/Pipeline/Pipeline::carry():194}:195}(Object(Illuminate/Http/Request))
#60 C:/Users/EMANUELCLEMENTEMARTI/Downloads/sistema hotel/vendor/laravel/framework/src/Illuminate/Pipeline/Pipeline.php(219): Illuminate/Http/Middleware/HandleCors->handle(Object(Illuminate/Http/Request), Object(Closure))
#61 C:/Users/EMANUELCLEMENTEMARTI/Downloads/sistema hotel/vendor/laravel/framework/src/Illuminate/Http/Middleware/TrustProxies.php(58): Illuminate/Pipeline/Pipeline->{closure:{closure:Illuminate/Pipeline/Pipeline::carry():194}:195}(Object(Illuminate/Http/Request))
#62 C:/Users/EMANUELCLEMENTEMARTI/Downloads/sistema hotel/vendor/laravel/framework/src/Illuminate/Pipeline/Pipeline.php(219): Illuminate/Http/Middleware/TrustProxies->handle(Object(Illuminate/Http/Request), Object(Closure))
#63 C:/Users/EMANUELCLEMENTEMARTI/Downloads/sistema hotel/vendor/laravel/framework/src/Illuminate/Foundation/Http/Middleware/InvokeDeferredCallbacks.php(22): Illuminate/Pipeline/Pipeline->{closure:{closure:Illuminate/Pipeline/Pipeline::carry():194}:195}(Object(Illuminate/Http/Request))
#64 C:/Users/EMANUELCLEMENTEMARTI/Downloads/sistema hotel/vendor/laravel/framework/src/Illuminate/Pipeline/Pipeline.php(219): Illuminate/Foundation/Http/Middleware/InvokeDeferredCallbacks->handle(Object(Illuminate/Http/Request), Object(Closure))
#65 C:/Users/EMANUELCLEMENTEMARTI/Downloads/sistema hotel/vendor/laravel/framework/src/Illuminate/Http/Middleware/ValidatePathEncoding.php(26): Illuminate/Pipeline/Pipeline->{closure:{closure:Illuminate/Pipeline/Pipeline::carry():194}:195}(Object(Illuminate/Http/Request))
#66 C:/Users/EMANUELCLEMENTEMARTI/Downloads/sistema hotel/vendor/laravel/framework/src/Illuminate/Pipeline/Pipeline.php(219): Illuminate/Http/Middleware/ValidatePathEncoding->handle(Object(Illuminate/Http/Request), Object(Closure))
#67 C:/Users/EMANUELCLEMENTEMARTI/Downloads/sistema hotel/vendor/laravel/framework/src/Illuminate/Pipeline/Pipeline.php(137): Illuminate/Pipeline/Pipeline->{closure:{closure:Illuminate/Pipeline/Pipeline::carry():194}:195}(Object(Illuminate/Http/Request))
#68 C:/Users/EMANUELCLEMENTEMARTI/Downloads/sistema hotel/vendor/laravel/framework/src/Illuminate/Foundation/Http/Kernel.php(175): Illuminate/Pipeline/Pipeline->then(Object(Closure))
#69 C:/Users/EMANUELCLEMENTEMARTI/Downloads/sistema hotel/vendor/laravel/framework/src/Illuminate/Foundation/Http/Kernel.php(144): Illuminate/Foundation/Http/Kernel->sendRequestThroughRouter(Object(Illuminate/Http/Request))
#70 C:/Users/EMANUELCLEMENTEMARTI/Downloads/sistema hotel/vendor/laravel/framework/src/Illuminate/Foundation/Application.php(1220): Illuminate/Foundation/Http/Kernel->handle(Object(Illuminate/Http/Request))
#71 C:/Users/EMANUELCLEMENTEMARTI/Downloads/sistema hotel/public/index.php(17): Illuminate/Foundation/Application->handleRequest(Object(Illuminate/Http/Request))
#72 C:/Users/EMANUELCLEMENTEMARTI/Downloads/sistema hotel/vendor/laravel/framework/src/Illuminate/Foundation/resources/server.php(23): require_once('C://Users//EMANUE...')
#73 {main}
"} 
[2026-03-31 18:15:42] laravel.WARNING: League\Flysystem\AwsS3V3\AwsS3V3Adapter::__construct(): Implicitly marking parameter $mimeTypeDetector as nullable is deprecated, the explicit nullable type must be used instead in C:\Users\EMANUELCLEMENTEMARTI\Downloads\sistema hotel\vendor\league\flysystem-aws-s3-v3\AwsS3V3Adapter.php on line 0  
[2026-03-31 18:15:42] laravel.EMERGENCY: Unable to create configured logger. Using emergency logger. {"exception":"[object] (InvalidArgumentException(code: 0): Driver [null] is not supported. at C:/Users/EMANUELCLEMENTEMARTI/Downloads/sistema hotel/vendor/laravel/framework/src/Illuminate/Log/LogManager.php:235)
[stacktrace]
#0 C:/Users/EMANUELCLEMENTEMARTI/Downloads/sistema hotel/vendor/laravel/framework/src/Illuminate/Log/LogManager.php(138): Illuminate/Log/LogManager->resolve('deprecations', Array)
#1 C:/Users/EMANUELCLEMENTEMARTI/Downloads/sistema hotel/vendor/laravel/framework/src/Illuminate/Log/LogManager.php(125): Illuminate/Log/LogManager->get('deprecations')
#2 C:/Users/EMANUELCLEMENTEMARTI/Downloads/sistema hotel/vendor/laravel/framework/src/Illuminate/Log/LogManager.php(114): Illuminate/Log/LogManager->driver('deprecations')
#3 C:/Users/EMANUELCLEMENTEMARTI/Downloads/sistema hotel/vendor/laravel/framework/src/Illuminate/Foundation/Bootstrap/HandleExceptions.php(105): Illuminate/Log/LogManager->channel('deprecations')
#4 C:/Users/EMANUELCLEMENTEMARTI/Downloads/sistema hotel/vendor/laravel/framework/src/Illuminate/Foundation/Bootstrap/HandleExceptions.php(74): Illuminate/Foundation/Bootstrap/HandleExceptions->handleDeprecationError('League//Flysyste...', 'C://Users//EMANUE...', 295, 8192)
#5 C:/Users/EMANUELCLEMENTEMARTI/Downloads/sistema hotel/vendor/laravel/framework/src/Illuminate/Foundation/Bootstrap/HandleExceptions.php(258): Illuminate/Foundation/Bootstrap/HandleExceptions->handleError(8192, 'League//Flysyste...', 'C://Users//EMANUE...', 295)
#6 C:/Users/EMANUELCLEMENTEMARTI/Downloads/sistema hotel/vendor/composer/ClassLoader.php(576): Illuminate/Foundation/Bootstrap/HandleExceptions->{closure:Illuminate/Foundation/Bootstrap/HandleExceptions::forwardsTo():257}(8192, 'League//Flysyste...', 'C://Users//EMANUE...', 295)
#7 C:/Users/EMANUELCLEMENTEMARTI/Downloads/sistema hotel/vendor/composer/ClassLoader.php(576): include('C://Users//EMANUE...')
#8 C:/Users/EMANUELCLEMENTEMARTI/Downloads/sistema hotel/vendor/composer/ClassLoader.php(427): {closure:Composer/Autoload/ClassLoader::initializeIncludeClosure():575}('C://Users//EMANUE...')
#9 C:/Users/EMANUELCLEMENTEMARTI/Downloads/sistema hotel/vendor/laravel/framework/src/Illuminate/Filesystem/FilesystemManager.php(257): Composer/Autoload/ClassLoader->loadClass('League//Flysyste...')
#10 C:/Users/EMANUELCLEMENTEMARTI/Downloads/sistema hotel/vendor/laravel/framework/src/Illuminate/Filesystem/FilesystemManager.php(153): Illuminate/Filesystem/FilesystemManager->createS3Driver(Array, 'supabase')
#11 C:/Users/EMANUELCLEMENTEMARTI/Downloads/sistema hotel/vendor/laravel/framework/src/Illuminate/Filesystem/FilesystemManager.php(121): Illuminate/Filesystem/FilesystemManager->resolve('supabase')
#12 C:/Users/EMANUELCLEMENTEMARTI/Downloads/sistema hotel/vendor/laravel/framework/src/Illuminate/Filesystem/FilesystemManager.php(84): Illuminate/Filesystem/FilesystemManager->get('supabase')
#13 C:/Users/EMANUELCLEMENTEMARTI/Downloads/sistema hotel/vendor/laravel/framework/src/Illuminate/Support/Facades/Facade.php(363): Illuminate/Filesystem/FilesystemManager->disk('supabase')
#14 C:/Users/EMANUELCLEMENTEMARTI/Downloads/sistema hotel/vendor/livewire/livewire/src/Features/SupportFileUploads/TemporaryUploadedFile.php(20): Illuminate/Support/Facades/Facade::__callStatic('disk', Array)
#15 C:/Users/EMANUELCLEMENTEMARTI/Downloads/sistema hotel/vendor/livewire/livewire/src/Features/SupportFileUploads/TemporaryUploadedFile.php(200): Livewire/Features/SupportFileUploads/TemporaryUploadedFile->__construct(Object(Illuminate/Support/Stringable), 'supabase')
#16 C:/Users/EMANUELCLEMENTEMARTI/Downloads/sistema hotel/vendor/livewire/livewire/src/Features/SupportFileUploads/TemporaryUploadedFile.php(222): Livewire/Features/SupportFileUploads/TemporaryUploadedFile::createFromLivewire(Object(Illuminate/Support/Stringable))
#17 C:/Users/EMANUELCLEMENTEMARTI/Downloads/sistema hotel/vendor/livewire/livewire/src/Features/SupportFileUploads/FileUploadSynth.php(63): Livewire/Features/SupportFileUploads/TemporaryUploadedFile::unserializeFromLivewireRequest('livewire-file:P...')
#18 C:/Users/EMANUELCLEMENTEMARTI/Downloads/sistema hotel/vendor/livewire/livewire/src/Mechanisms/HandleComponents/HandleComponents.php(214): Livewire/Features/SupportFileUploads/FileUploadSynth->hydrate('livewire-file:P...', Array, Object(Closure))
#19 C:/Users/EMANUELCLEMENTEMARTI/Downloads/sistema hotel/vendor/livewire/livewire/src/Mechanisms/HandleComponents/HandleComponents.php(192): Livewire/Mechanisms/HandleComponents/HandleComponents->hydrate(Array, Object(Livewire/Mechanisms/HandleComponents/ComponentContext), 'imagen')
#20 C:/Users/EMANUELCLEMENTEMARTI/Downloads/sistema hotel/vendor/livewire/livewire/src/Mechanisms/HandleComponents/HandleComponents.php(136): Livewire/Mechanisms/HandleComponents/HandleComponents->hydrateProperties(Object(App/Livewire/ImageManager), Array, Object(Livewire/Mechanisms/HandleComponents/ComponentContext))
#21 C:/Users/EMANUELCLEMENTEMARTI/Downloads/sistema hotel/vendor/livewire/livewire/src/Mechanisms/HandleComponents/HandleComponents.php(92): Livewire/Mechanisms/HandleComponents/HandleComponents->fromSnapshot(Array)
#22 C:/Users/EMANUELCLEMENTEMARTI/Downloads/sistema hotel/vendor/livewire/livewire/src/LivewireManager.php(102): Livewire/Mechanisms/HandleComponents/HandleComponents->update(Array, Array, Array)
#23 C:/Users/EMANUELCLEMENTEMARTI/Downloads/sistema hotel/vendor/livewire/livewire/src/Mechanisms/HandleRequests/HandleRequests.php(131): Livewire/LivewireManager->update(Array, Array, Array)
#24 C:/Users/EMANUELCLEMENTEMARTI/Downloads/sistema hotel/vendor/laravel/framework/src/Illuminate/Routing/ControllerDispatcher.php(46): Livewire/Mechanisms/HandleRequests/HandleRequests->handleUpdate()
#25 C:/Users/EMANUELCLEMENTEMARTI/Downloads/sistema hotel/vendor/laravel/framework/src/Illuminate/Routing/Route.php(265): Illuminate/Routing/ControllerDispatcher->dispatch(Object(Illuminate/Routing/Route), Object(Livewire/Mechanisms/HandleRequests/HandleRequests), 'handleUpdate')
#26 C:/Users/EMANUELCLEMENTEMARTI/Downloads/sistema hotel/vendor/laravel/framework/src/Illuminate/Routing/Route.php(211): Illuminate/Routing/Route->runController()
#27 C:/Users/EMANUELCLEMENTEMARTI/Downloads/sistema hotel/vendor/laravel/framework/src/Illuminate/Routing/Router.php(822): Illuminate/Routing/Route->run()
#28 C:/Users/EMANUELCLEMENTEMARTI/Downloads/sistema hotel/vendor/laravel/framework/src/Illuminate/Pipeline/Pipeline.php(180): Illuminate/Routing/Router->{closure:Illuminate/Routing/Router::runRouteWithinStack():821}(Object(Illuminate/Http/Request))
#29 C:/Users/EMANUELCLEMENTEMARTI/Downloads/sistema hotel/vendor/laravel/framework/src/Illuminate/Routing/Middleware/SubstituteBindings.php(50): Illuminate/Pipeline/Pipeline->{closure:Illuminate/Pipeline/Pipeline::prepareDestination():178}(Object(Illuminate/Http/Request))
#30 C:/Users/EMANUELCLEMENTEMARTI/Downloads/sistema hotel/vendor/laravel/framework/src/Illuminate/Pipeline/Pipeline.php(219): Illuminate/Routing/Middleware/SubstituteBindings->handle(Object(Illuminate/Http/Request), Object(Closure))
#31 C:/Users/EMANUELCLEMENTEMARTI/Downloads/sistema hotel/vendor/laravel/framework/src/Illuminate/Foundation/Http/Middleware/VerifyCsrfToken.php(87): Illuminate/Pipeline/Pipeline->{closure:{closure:Illuminate/Pipeline/Pipeline::carry():194}:195}(Object(Illuminate/Http/Request))
#32 C:/Users/EMANUELCLEMENTEMARTI/Downloads/sistema hotel/vendor/laravel/framework/src/Illuminate/Pipeline/Pipeline.php(219): Illuminate/Foundation/Http/Middleware/VerifyCsrfToken->handle(Object(Illuminate/Http/Request), Object(Closure))
#33 C:/Users/EMANUELCLEMENTEMARTI/Downloads/sistema hotel/vendor/laravel/framework/src/Illuminate/View/Middleware/ShareErrorsFromSession.php(48): Illuminate/Pipeline/Pipeline->{closure:{closure:Illuminate/Pipeline/Pipeline::carry():194}:195}(Object(Illuminate/Http/Request))
#34 C:/Users/EMANUELCLEMENTEMARTI/Downloads/sistema hotel/vendor/laravel/framework/src/Illuminate/Pipeline/Pipeline.php(219): Illuminate/View/Middleware/ShareErrorsFromSession->handle(Object(Illuminate/Http/Request), Object(Closure))
#35 C:/Users/EMANUELCLEMENTEMARTI/Downloads/sistema hotel/vendor/laravel/framework/src/Illuminate/Session/Middleware/StartSession.php(120): Illuminate/Pipeline/Pipeline->{closure:{closure:Illuminate/Pipeline/Pipeline::carry():194}:195}(Object(Illuminate/Http/Request))
#36 C:/Users/EMANUELCLEMENTEMARTI/Downloads/sistema hotel/vendor/laravel/framework/src/Illuminate/Session/Middleware/StartSession.php(63): Illuminate/Session/Middleware/StartSession->handleStatefulRequest(Object(Illuminate/Http/Request), Object(Illuminate/Session/Store), Object(Closure))
#37 C:/Users/EMANUELCLEMENTEMARTI/Downloads/sistema hotel/vendor/laravel/framework/src/Illuminate/Pipeline/Pipeline.php(219): Illuminate/Session/Middleware/StartSession->handle(Object(Illuminate/Http/Request), Object(Closure))
#38 C:/Users/EMANUELCLEMENTEMARTI/Downloads/sistema hotel/vendor/laravel/framework/src/Illuminate/Cookie/Middleware/AddQueuedCookiesToResponse.php(36): Illuminate/Pipeline/Pipeline->{closure:{closure:Illuminate/Pipeline/Pipeline::carry():194}:195}(Object(Illuminate/Http/Request))
#39 C:/Users/EMANUELCLEMENTEMARTI/Downloads/sistema hotel/vendor/laravel/framework/src/Illuminate/Pipeline/Pipeline.php(219): Illuminate/Cookie/Middleware/AddQueuedCookiesToResponse->handle(Object(Illuminate/Http/Request), Object(Closure))
#40 C:/Users/EMANUELCLEMENTEMARTI/Downloads/sistema hotel/vendor/laravel/framework/src/Illuminate/Cookie/Middleware/EncryptCookies.php(74): Illuminate/Pipeline/Pipeline->{closure:{closure:Illuminate/Pipeline/Pipeline::carry():194}:195}(Object(Illuminate/Http/Request))
#41 C:/Users/EMANUELCLEMENTEMARTI/Downloads/sistema hotel/vendor/laravel/framework/src/Illuminate/Pipeline/Pipeline.php(219): Illuminate/Cookie/Middleware/EncryptCookies->handle(Object(Illuminate/Http/Request), Object(Closure))
#42 C:/Users/EMANUELCLEMENTEMARTI/Downloads/sistema hotel/vendor/laravel/framework/src/Illuminate/Pipeline/Pipeline.php(137): Illuminate/Pipeline/Pipeline->{closure:{closure:Illuminate/Pipeline/Pipeline::carry():194}:195}(Object(Illuminate/Http/Request))
#43 C:/Users/EMANUELCLEMENTEMARTI/Downloads/sistema hotel/vendor/laravel/framework/src/Illuminate/Routing/Router.php(821): Illuminate/Pipeline/Pipeline->then(Object(Closure))
#44 C:/Users/EMANUELCLEMENTEMARTI/Downloads/sistema hotel/vendor/laravel/framework/src/Illuminate/Routing/Router.php(800): Illuminate/Routing/Router->runRouteWithinStack(Object(Illuminate/Routing/Route), Object(Illuminate/Http/Request))
#45 C:/Users/EMANUELCLEMENTEMARTI/Downloads/sistema hotel/vendor/laravel/framework/src/Illuminate/Routing/Router.php(764): Illuminate/Routing/Router->runRoute(Object(Illuminate/Http/Request), Object(Illuminate/Routing/Route))
#46 C:/Users/EMANUELCLEMENTEMARTI/Downloads/sistema hotel/vendor/laravel/framework/src/Illuminate/Routing/Router.php(753): Illuminate/Routing/Router->dispatchToRoute(Object(Illuminate/Http/Request))
#47 C:/Users/EMANUELCLEMENTEMARTI/Downloads/sistema hotel/vendor/laravel/framework/src/Illuminate/Foundation/Http/Kernel.php(200): Illuminate/Routing/Router->dispatch(Object(Illuminate/Http/Request))
#48 C:/Users/EMANUELCLEMENTEMARTI/Downloads/sistema hotel/vendor/laravel/framework/src/Illuminate/Pipeline/Pipeline.php(180): Illuminate/Foundation/Http/Kernel->{closure:Illuminate/Foundation/Http/Kernel::dispatchToRouter():197}(Object(Illuminate/Http/Request))
#49 C:/Users/EMANUELCLEMENTEMARTI/Downloads/sistema hotel/vendor/livewire/livewire/src/Features/SupportDisablingBackButtonCache/DisableBackButtonCacheMiddleware.php(19): Illuminate/Pipeline/Pipeline->{closure:Illuminate/Pipeline/Pipeline::prepareDestination():178}(Object(Illuminate/Http/Request))
#50 C:/Users/EMANUELCLEMENTEMARTI/Downloads/sistema hotel/vendor/laravel/framework/src/Illuminate/Pipeline/Pipeline.php(219): Livewire/Features/SupportDisablingBackButtonCache/DisableBackButtonCacheMiddleware->handle(Object(Illuminate/Http/Request), Object(Closure))
#51 C:/Users/EMANUELCLEMENTEMARTI/Downloads/sistema hotel/vendor/laravel/framework/src/Illuminate/Foundation/Http/Middleware/ConvertEmptyStringsToNull.php(27): Illuminate/Pipeline/Pipeline->{closure:{closure:Illuminate/Pipeline/Pipeline::carry():194}:195}(Object(Illuminate/Http/Request))
#52 C:/Users/EMANUELCLEMENTEMARTI/Downloads/sistema hotel/vendor/laravel/framework/src/Illuminate/Pipeline/Pipeline.php(219): Illuminate/Foundation/Http/Middleware/ConvertEmptyStringsToNull->handle(Object(Illuminate/Http/Request), Object(Closure))
#53 C:/Users/EMANUELCLEMENTEMARTI/Downloads/sistema hotel/vendor/laravel/framework/src/Illuminate/Foundation/Http/Middleware/TrimStrings.php(47): Illuminate/Pipeline/Pipeline->{closure:{closure:Illuminate/Pipeline/Pipeline::carry():194}:195}(Object(Illuminate/Http/Request))
#54 C:/Users/EMANUELCLEMENTEMARTI/Downloads/sistema hotel/vendor/laravel/framework/src/Illuminate/Pipeline/Pipeline.php(219): Illuminate/Foundation/Http/Middleware/TrimStrings->handle(Object(Illuminate/Http/Request), Object(Closure))
#55 C:/Users/EMANUELCLEMENTEMARTI/Downloads/sistema hotel/vendor/laravel/framework/src/Illuminate/Http/Middleware/ValidatePostSize.php(27): Illuminate/Pipeline/Pipeline->{closure:{closure:Illuminate/Pipeline/Pipeline::carry():194}:195}(Object(Illuminate/Http/Request))
#56 C:/Users/EMANUELCLEMENTEMARTI/Downloads/sistema hotel/vendor/laravel/framework/src/Illuminate/Pipeline/Pipeline.php(219): Illuminate/Http/Middleware/ValidatePostSize->handle(Object(Illuminate/Http/Request), Object(Closure))
#57 C:/Users/EMANUELCLEMENTEMARTI/Downloads/sistema hotel/vendor/laravel/framework/src/Illuminate/Foundation/Http/Middleware/PreventRequestsDuringMaintenance.php(109): Illuminate/Pipeline/Pipeline->{closure:{closure:Illuminate/Pipeline/Pipeline::carry():194}:195}(Object(Illuminate/Http/Request))
#58 C:/Users/EMANUELCLEMENTEMARTI/Downloads/sistema hotel/vendor/laravel/framework/src/Illuminate/Pipeline/Pipeline.php(219): Illuminate/Foundation/Http/Middleware/PreventRequestsDuringMaintenance->handle(Object(Illuminate/Http/Request), Object(Closure))
#59 C:/Users/EMANUELCLEMENTEMARTI/Downloads/sistema hotel/vendor/laravel/framework/src/Illuminate/Http/Middleware/HandleCors.php(61): Illuminate/Pipeline/Pipeline->{closure:{closure:Illuminate/Pipeline/Pipeline::carry():194}:195}(Object(Illuminate/Http/Request))
#60 C:/Users/EMANUELCLEMENTEMARTI/Downloads/sistema hotel/vendor/laravel/framework/src/Illuminate/Pipeline/Pipeline.php(219): Illuminate/Http/Middleware/HandleCors->handle(Object(Illuminate/Http/Request), Object(Closure))
#61 C:/Users/EMANUELCLEMENTEMARTI/Downloads/sistema hotel/vendor/laravel/framework/src/Illuminate/Http/Middleware/TrustProxies.php(58): Illuminate/Pipeline/Pipeline->{closure:{closure:Illuminate/Pipeline/Pipeline::carry():194}:195}(Object(Illuminate/Http/Request))
#62 C:/Users/EMANUELCLEMENTEMARTI/Downloads/sistema hotel/vendor/laravel/framework/src/Illuminate/Pipeline/Pipeline.php(219): Illuminate/Http/Middleware/TrustProxies->handle(Object(Illuminate/Http/Request), Object(Closure))
#63 C:/Users/EMANUELCLEMENTEMARTI/Downloads/sistema hotel/vendor/laravel/framework/src/Illuminate/Foundation/Http/Middleware/InvokeDeferredCallbacks.php(22): Illuminate/Pipeline/Pipeline->{closure:{closure:Illuminate/Pipeline/Pipeline::carry():194}:195}(Object(Illuminate/Http/Request))
#64 C:/Users/EMANUELCLEMENTEMARTI/Downloads/sistema hotel/vendor/laravel/framework/src/Illuminate/Pipeline/Pipeline.php(219): Illuminate/Foundation/Http/Middleware/InvokeDeferredCallbacks->handle(Object(Illuminate/Http/Request), Object(Closure))
#65 C:/Users/EMANUELCLEMENTEMARTI/Downloads/sistema hotel/vendor/laravel/framework/src/Illuminate/Http/Middleware/ValidatePathEncoding.php(26): Illuminate/Pipeline/Pipeline->{closure:{closure:Illuminate/Pipeline/Pipeline::carry():194}:195}(Object(Illuminate/Http/Request))
#66 C:/Users/EMANUELCLEMENTEMARTI/Downloads/sistema hotel/vendor/laravel/framework/src/Illuminate/Pipeline/Pipeline.php(219): Illuminate/Http/Middleware/ValidatePathEncoding->handle(Object(Illuminate/Http/Request), Object(Closure))
#67 C:/Users/EMANUELCLEMENTEMARTI/Downloads/sistema hotel/vendor/laravel/framework/src/Illuminate/Pipeline/Pipeline.php(137): Illuminate/Pipeline/Pipeline->{closure:{closure:Illuminate/Pipeline/Pipeline::carry():194}:195}(Object(Illuminate/Http/Request))
#68 C:/Users/EMANUELCLEMENTEMARTI/Downloads/sistema hotel/vendor/laravel/framework/src/Illuminate/Foundation/Http/Kernel.php(175): Illuminate/Pipeline/Pipeline->then(Object(Closure))
#69 C:/Users/EMANUELCLEMENTEMARTI/Downloads/sistema hotel/vendor/laravel/framework/src/Illuminate/Foundation/Http/Kernel.php(144): Illuminate/Foundation/Http/Kernel->sendRequestThroughRouter(Object(Illuminate/Http/Request))
#70 C:/Users/EMANUELCLEMENTEMARTI/Downloads/sistema hotel/vendor/laravel/framework/src/Illuminate/Foundation/Application.php(1220): Illuminate/Foundation/Http/Kernel->handle(Object(Illuminate/Http/Request))
#71 C:/Users/EMANUELCLEMENTEMARTI/Downloads/sistema hotel/public/index.php(17): Illuminate/Foundation/Application->handleRequest(Object(Illuminate/Http/Request))
#72 C:/Users/EMANUELCLEMENTEMARTI/Downloads/sistema hotel/vendor/laravel/framework/src/Illuminate/Foundation/resources/server.php(23): require_once('C://Users//EMANUE...')
#73 {main}
"} 
[2026-03-31 18:15:42] laravel.WARNING: League\Flysystem\AwsS3V3\AwsS3V3Adapter::mapS3ObjectMetadata(): Implicitly marking parameter $path as nullable is deprecated, the explicit nullable type must be used instead in C:\Users\EMANUELCLEMENTEMARTI\Downloads\sistema hotel\vendor\league\flysystem-aws-s3-v3\AwsS3V3Adapter.php on line 295  
[2026-03-31 18:43:36] laravel.EMERGENCY: Unable to create configured logger. Using emergency logger. {"exception":"[object] (InvalidArgumentException(code: 0): Driver [null] is not supported. at C:/Users/EMANUELCLEMENTEMARTI/Downloads/sistema hotel/vendor/laravel/framework/src/Illuminate/Log/LogManager.php:235)
[stacktrace]
#0 C:/Users/EMANUELCLEMENTEMARTI/Downloads/sistema hotel/vendor/laravel/framework/src/Illuminate/Log/LogManager.php(138): Illuminate/Log/LogManager->resolve('deprecations', Array)
#1 C:/Users/EMANUELCLEMENTEMARTI/Downloads/sistema hotel/vendor/laravel/framework/src/Illuminate/Log/LogManager.php(125): Illuminate/Log/LogManager->get('deprecations')
#2 C:/Users/EMANUELCLEMENTEMARTI/Downloads/sistema hotel/vendor/laravel/framework/src/Illuminate/Log/LogManager.php(114): Illuminate/Log/LogManager->driver('deprecations')
#3 C:/Users/EMANUELCLEMENTEMARTI/Downloads/sistema hotel/vendor/laravel/framework/src/Illuminate/Foundation/Bootstrap/HandleExceptions.php(105): Illuminate/Log/LogManager->channel('deprecations')
#4 C:/Users/EMANUELCLEMENTEMARTI/Downloads/sistema hotel/vendor/laravel/framework/src/Illuminate/Foundation/Bootstrap/HandleExceptions.php(74): Illuminate/Foundation/Bootstrap/HandleExceptions->handleDeprecationError('League//Flysyste...', 'C://Users//EMANUE...', 108, 8192)
#5 C:/Users/EMANUELCLEMENTEMARTI/Downloads/sistema hotel/vendor/laravel/framework/src/Illuminate/Foundation/Bootstrap/HandleExceptions.php(258): Illuminate/Foundation/Bootstrap/HandleExceptions->handleError(8192, 'League//Flysyste...', 'C://Users//EMANUE...', 108)
#6 C:/Users/EMANUELCLEMENTEMARTI/Downloads/sistema hotel/vendor/composer/ClassLoader.php(576): Illuminate/Foundation/Bootstrap/HandleExceptions->{closure:Illuminate/Foundation/Bootstrap/HandleExceptions::forwardsTo():257}(8192, 'League//Flysyste...', 'C://Users//EMANUE...', 108)
#7 C:/Users/EMANUELCLEMENTEMARTI/Downloads/sistema hotel/vendor/composer/ClassLoader.php(576): include('C://Users//EMANUE...')
#8 C:/Users/EMANUELCLEMENTEMARTI/Downloads/sistema hotel/vendor/composer/ClassLoader.php(427): {closure:Composer/Autoload/ClassLoader::initializeIncludeClosure():575}('C://Users//EMANUE...')
#9 C:/Users/EMANUELCLEMENTEMARTI/Downloads/sistema hotel/vendor/laravel/framework/src/Illuminate/Filesystem/FilesystemManager.php(257): Composer/Autoload/ClassLoader->loadClass('League//Flysyste...')
#10 C:/Users/EMANUELCLEMENTEMARTI/Downloads/sistema hotel/vendor/laravel/framework/src/Illuminate/Filesystem/FilesystemManager.php(153): Illuminate/Filesystem/FilesystemManager->createS3Driver(Array, 'supabase')
#11 C:/Users/EMANUELCLEMENTEMARTI/Downloads/sistema hotel/vendor/laravel/framework/src/Illuminate/Filesystem/FilesystemManager.php(121): Illuminate/Filesystem/FilesystemManager->resolve('supabase')
#12 C:/Users/EMANUELCLEMENTEMARTI/Downloads/sistema hotel/vendor/laravel/framework/src/Illuminate/Filesystem/FilesystemManager.php(84): Illuminate/Filesystem/FilesystemManager->get('supabase')
#13 C:/Users/EMANUELCLEMENTEMARTI/Downloads/sistema hotel/vendor/laravel/framework/src/Illuminate/Support/Facades/Facade.php(363): Illuminate/Filesystem/FilesystemManager->disk('supabase')
#14 C:/Users/EMANUELCLEMENTEMARTI/Downloads/sistema hotel/vendor/livewire/livewire/src/Features/SupportFileUploads/TemporaryUploadedFile.php(168): Illuminate/Support/Facades/Facade::__callStatic('disk', Array)
#15 C:/Users/EMANUELCLEMENTEMARTI/Downloads/sistema hotel/app/Livewire/ImageManager.php(84): Livewire/Features/SupportFileUploads/TemporaryUploadedFile->storeAs('rooms', 'room_1_17749826...', Array)
#16 C:/Users/EMANUELCLEMENTEMARTI/Downloads/sistema hotel/vendor/laravel/framework/src/Illuminate/Container/BoundMethod.php(36): App/Livewire/ImageManager->uploadImage()
#17 C:/Users/EMANUELCLEMENTEMARTI/Downloads/sistema hotel/vendor/laravel/framework/src/Illuminate/Container/Util.php(43): Illuminate/Container/BoundMethod::{closure:Illuminate/Container/BoundMethod::call():35}()
#18 C:/Users/EMANUELCLEMENTEMARTI/Downloads/sistema hotel/vendor/laravel/framework/src/Illuminate/Container/BoundMethod.php(96): Illuminate/Container/Util::unwrapIfClosure(Object(Closure))
#19 C:/Users/EMANUELCLEMENTEMARTI/Downloads/sistema hotel/vendor/laravel/framework/src/Illuminate/Container/BoundMethod.php(35): Illuminate/Container/BoundMethod::callBoundMethod(Object(Illuminate/Foundation/Application), Array, Object(Closure))
#20 C:/Users/EMANUELCLEMENTEMARTI/Downloads/sistema hotel/vendor/livewire/livewire/src/Wrapped.php(23): Illuminate/Container/BoundMethod::call(Object(Illuminate/Foundation/Application), Array, Array)
#21 C:/Users/EMANUELCLEMENTEMARTI/Downloads/sistema hotel/vendor/livewire/livewire/src/Mechanisms/HandleComponents/HandleComponents.php(492): Livewire/Wrapped->__call('uploadImage', Array)
#22 C:/Users/EMANUELCLEMENTEMARTI/Downloads/sistema hotel/vendor/livewire/livewire/src/Mechanisms/HandleComponents/HandleComponents.php(101): Livewire/Mechanisms/HandleComponents/HandleComponents->callMethods(Object(App/Livewire/ImageManager), Array, Object(Livewire/Mechanisms/HandleComponents/ComponentContext))
#23 C:/Users/EMANUELCLEMENTEMARTI/Downloads/sistema hotel/vendor/livewire/livewire/src/LivewireManager.php(102): Livewire/Mechanisms/HandleComponents/HandleComponents->update(Array, Array, Array)
#24 C:/Users/EMANUELCLEMENTEMARTI/Downloads/sistema hotel/vendor/livewire/livewire/src/Mechanisms/HandleRequests/HandleRequests.php(131): Livewire/LivewireManager->update(Array, Array, Array)
#25 C:/Users/EMANUELCLEMENTEMARTI/Downloads/sistema hotel/vendor/laravel/framework/src/Illuminate/Routing/ControllerDispatcher.php(46): Livewire/Mechanisms/HandleRequests/HandleRequests->handleUpdate()
#26 C:/Users/EMANUELCLEMENTEMARTI/Downloads/sistema hotel/vendor/laravel/framework/src/Illuminate/Routing/Route.php(265): Illuminate/Routing/ControllerDispatcher->dispatch(Object(Illuminate/Routing/Route), Object(Livewire/Mechanisms/HandleRequests/HandleRequests), 'handleUpdate')
#27 C:/Users/EMANUELCLEMENTEMARTI/Downloads/sistema hotel/vendor/laravel/framework/src/Illuminate/Routing/Route.php(211): Illuminate/Routing/Route->runController()
#28 C:/Users/EMANUELCLEMENTEMARTI/Downloads/sistema hotel/vendor/laravel/framework/src/Illuminate/Routing/Router.php(822): Illuminate/Routing/Route->run()
#29 C:/Users/EMANUELCLEMENTEMARTI/Downloads/sistema hotel/vendor/laravel/framework/src/Illuminate/Pipeline/Pipeline.php(180): Illuminate/Routing/Router->{closure:Illuminate/Routing/Router::runRouteWithinStack():821}(Object(Illuminate/Http/Request))
#30 C:/Users/EMANUELCLEMENTEMARTI/Downloads/sistema hotel/vendor/laravel/framework/src/Illuminate/Routing/Middleware/SubstituteBindings.php(50): Illuminate/Pipeline/Pipeline->{closure:Illuminate/Pipeline/Pipeline::prepareDestination():178}(Object(Illuminate/Http/Request))
#31 C:/Users/EMANUELCLEMENTEMARTI/Downloads/sistema hotel/vendor/laravel/framework/src/Illuminate/Pipeline/Pipeline.php(219): Illuminate/Routing/Middleware/SubstituteBindings->handle(Object(Illuminate/Http/Request), Object(Closure))
#32 C:/Users/EMANUELCLEMENTEMARTI/Downloads/sistema hotel/vendor/laravel/framework/src/Illuminate/Foundation/Http/Middleware/VerifyCsrfToken.php(87): Illuminate/Pipeline/Pipeline->{closure:{closure:Illuminate/Pipeline/Pipeline::carry():194}:195}(Object(Illuminate/Http/Request))
#33 C:/Users/EMANUELCLEMENTEMARTI/Downloads/sistema hotel/vendor/laravel/framework/src/Illuminate/Pipeline/Pipeline.php(219): Illuminate/Foundation/Http/Middleware/VerifyCsrfToken->handle(Object(Illuminate/Http/Request), Object(Closure))
#34 C:/Users/EMANUELCLEMENTEMARTI/Downloads/sistema hotel/vendor/laravel/framework/src/Illuminate/View/Middleware/ShareErrorsFromSession.php(48): Illuminate/Pipeline/Pipeline->{closure:{closure:Illuminate/Pipeline/Pipeline::carry():194}:195}(Object(Illuminate/Http/Request))
#35 C:/Users/EMANUELCLEMENTEMARTI/Downloads/sistema hotel/vendor/laravel/framework/src/Illuminate/Pipeline/Pipeline.php(219): Illuminate/View/Middleware/ShareErrorsFromSession->handle(Object(Illuminate/Http/Request), Object(Closure))
#36 C:/Users/EMANUELCLEMENTEMARTI/Downloads/sistema hotel/vendor/laravel/framework/src/Illuminate/Session/Middleware/StartSession.php(120): Illuminate/Pipeline/Pipeline->{closure:{closure:Illuminate/Pipeline/Pipeline::carry():194}:195}(Object(Illuminate/Http/Request))
#37 C:/Users/EMANUELCLEMENTEMARTI/Downloads/sistema hotel/vendor/laravel/framework/src/Illuminate/Session/Middleware/StartSession.php(63): Illuminate/Session/Middleware/StartSession->handleStatefulRequest(Object(Illuminate/Http/Request), Object(Illuminate/Session/Store), Object(Closure))
#38 C:/Users/EMANUELCLEMENTEMARTI/Downloads/sistema hotel/vendor/laravel/framework/src/Illuminate/Pipeline/Pipeline.php(219): Illuminate/Session/Middleware/StartSession->handle(Object(Illuminate/Http/Request), Object(Closure))
#39 C:/Users/EMANUELCLEMENTEMARTI/Downloads/sistema hotel/vendor/laravel/framework/src/Illuminate/Cookie/Middleware/AddQueuedCookiesToResponse.php(36): Illuminate/Pipeline/Pipeline->{closure:{closure:Illuminate/Pipeline/Pipeline::carry():194}:195}(Object(Illuminate/Http/Request))
#40 C:/Users/EMANUELCLEMENTEMARTI/Downloads/sistema hotel/vendor/laravel/framework/src/Illuminate/Pipeline/Pipeline.php(219): Illuminate/Cookie/Middleware/AddQueuedCookiesToResponse->handle(Object(Illuminate/Http/Request), Object(Closure))
#41 C:/Users/EMANUELCLEMENTEMARTI/Downloads/sistema hotel/vendor/laravel/framework/src/Illuminate/Cookie/Middleware/EncryptCookies.php(74): Illuminate/Pipeline/Pipeline->{closure:{closure:Illuminate/Pipeline/Pipeline::carry():194}:195}(Object(Illuminate/Http/Request))
#42 C:/Users/EMANUELCLEMENTEMARTI/Downloads/sistema hotel/vendor/laravel/framework/src/Illuminate/Pipeline/Pipeline.php(219): Illuminate/Cookie/Middleware/EncryptCookies->handle(Object(Illuminate/Http/Request), Object(Closure))
#43 C:/Users/EMANUELCLEMENTEMARTI/Downloads/sistema hotel/vendor/laravel/framework/src/Illuminate/Pipeline/Pipeline.php(137): Illuminate/Pipeline/Pipeline->{closure:{closure:Illuminate/Pipeline/Pipeline::carry():194}:195}(Object(Illuminate/Http/Request))
#44 C:/Users/EMANUELCLEMENTEMARTI/Downloads/sistema hotel/vendor/laravel/framework/src/Illuminate/Routing/Router.php(821): Illuminate/Pipeline/Pipeline->then(Object(Closure))
#45 C:/Users/EMANUELCLEMENTEMARTI/Downloads/sistema hotel/vendor/laravel/framework/src/Illuminate/Routing/Router.php(800): Illuminate/Routing/Router->runRouteWithinStack(Object(Illuminate/Routing/Route), Object(Illuminate/Http/Request))
#46 C:/Users/EMANUELCLEMENTEMARTI/Downloads/sistema hotel/vendor/laravel/framework/src/Illuminate/Routing/Router.php(764): Illuminate/Routing/Router->runRoute(Object(Illuminate/Http/Request), Object(Illuminate/Routing/Route))
#47 C:/Users/EMANUELCLEMENTEMARTI/Downloads/sistema hotel/vendor/laravel/framework/src/Illuminate/Routing/Router.php(753): Illuminate/Routing/Router->dispatchToRoute(Object(Illuminate/Http/Request))
#48 C:/Users/EMANUELCLEMENTEMARTI/Downloads/sistema hotel/vendor/laravel/framework/src/Illuminate/Foundation/Http/Kernel.php(200): Illuminate/Routing/Router->dispatch(Object(Illuminate/Http/Request))
#49 C:/Users/EMANUELCLEMENTEMARTI/Downloads/sistema hotel/vendor/laravel/framework/src/Illuminate/Pipeline/Pipeline.php(180): Illuminate/Foundation/Http/Kernel->{closure:Illuminate/Foundation/Http/Kernel::dispatchToRouter():197}(Object(Illuminate/Http/Request))
#50 C:/Users/EMANUELCLEMENTEMARTI/Downloads/sistema hotel/vendor/livewire/livewire/src/Features/SupportDisablingBackButtonCache/DisableBackButtonCacheMiddleware.php(19): Illuminate/Pipeline/Pipeline->{closure:Illuminate/Pipeline/Pipeline::prepareDestination():178}(Object(Illuminate/Http/Request))
#51 C:/Users/EMANUELCLEMENTEMARTI/Downloads/sistema hotel/vendor/laravel/framework/src/Illuminate/Pipeline/Pipeline.php(219): Livewire/Features/SupportDisablingBackButtonCache/DisableBackButtonCacheMiddleware->handle(Object(Illuminate/Http/Request), Object(Closure))
#52 C:/Users/EMANUELCLEMENTEMARTI/Downloads/sistema hotel/vendor/laravel/framework/src/Illuminate/Foundation/Http/Middleware/ConvertEmptyStringsToNull.php(27): Illuminate/Pipeline/Pipeline->{closure:{closure:Illuminate/Pipeline/Pipeline::carry():194}:195}(Object(Illuminate/Http/Request))
#53 C:/Users/EMANUELCLEMENTEMARTI/Downloads/sistema hotel/vendor/laravel/framework/src/Illuminate/Pipeline/Pipeline.php(219): Illuminate/Foundation/Http/Middleware/ConvertEmptyStringsToNull->handle(Object(Illuminate/Http/Request), Object(Closure))
#54 C:/Users/EMANUELCLEMENTEMARTI/Downloads/sistema hotel/vendor/laravel/framework/src/Illuminate/Foundation/Http/Middleware/TrimStrings.php(47): Illuminate/Pipeline/Pipeline->{closure:{closure:Illuminate/Pipeline/Pipeline::carry():194}:195}(Object(Illuminate/Http/Request))
#55 C:/Users/EMANUELCLEMENTEMARTI/Downloads/sistema hotel/vendor/laravel/framework/src/Illuminate/Pipeline/Pipeline.php(219): Illuminate/Foundation/Http/Middleware/TrimStrings->handle(Object(Illuminate/Http/Request), Object(Closure))
#56 C:/Users/EMANUELCLEMENTEMARTI/Downloads/sistema hotel/vendor/laravel/framework/src/Illuminate/Http/Middleware/ValidatePostSize.php(27): Illuminate/Pipeline/Pipeline->{closure:{closure:Illuminate/Pipeline/Pipeline::carry():194}:195}(Object(Illuminate/Http/Request))
#57 C:/Users/EMANUELCLEMENTEMARTI/Downloads/sistema hotel/vendor/laravel/framework/src/Illuminate/Pipeline/Pipeline.php(219): Illuminate/Http/Middleware/ValidatePostSize->handle(Object(Illuminate/Http/Request), Object(Closure))
#58 C:/Users/EMANUELCLEMENTEMARTI/Downloads/sistema hotel/vendor/laravel/framework/src/Illuminate/Foundation/Http/Middleware/PreventRequestsDuringMaintenance.php(109): Illuminate/Pipeline/Pipeline->{closure:{closure:Illuminate/Pipeline/Pipeline::carry():194}:195}(Object(Illuminate/Http/Request))
#59 C:/Users/EMANUELCLEMENTEMARTI/Downloads/sistema hotel/vendor/laravel/framework/src/Illuminate/Pipeline/Pipeline.php(219): Illuminate/Foundation/Http/Middleware/PreventRequestsDuringMaintenance->handle(Object(Illuminate/Http/Request), Object(Closure))
#60 C:/Users/EMANUELCLEMENTEMARTI/Downloads/sistema hotel/vendor/laravel/framework/src/Illuminate/Http/Middleware/HandleCors.php(61): Illuminate/Pipeline/Pipeline->{closure:{closure:Illuminate/Pipeline/Pipeline::carry():194}:195}(Object(Illuminate/Http/Request))
#61 C:/Users/EMANUELCLEMENTEMARTI/Downloads/sistema hotel/vendor/laravel/framework/src/Illuminate/Pipeline/Pipeline.php(219): Illuminate/Http/Middleware/HandleCors->handle(Object(Illuminate/Http/Request), Object(Closure))
#62 C:/Users/EMANUELCLEMENTEMARTI/Downloads/sistema hotel/vendor/laravel/framework/src/Illuminate/Http/Middleware/TrustProxies.php(58): Illuminate/Pipeline/Pipeline->{closure:{closure:Illuminate/Pipeline/Pipeline::carry():194}:195}(Object(Illuminate/Http/Request))
#63 C:/Users/EMANUELCLEMENTEMARTI/Downloads/sistema hotel/vendor/laravel/framework/src/Illuminate/Pipeline/Pipeline.php(219): Illuminate/Http/Middleware/TrustProxies->handle(Object(Illuminate/Http/Request), Object(Closure))
#64 C:/Users/EMANUELCLEMENTEMARTI/Downloads/sistema hotel/vendor/laravel/framework/src/Illuminate/Foundation/Http/Middleware/InvokeDeferredCallbacks.php(22): Illuminate/Pipeline/Pipeline->{closure:{closure:Illuminate/Pipeline/Pipeline::carry():194}:195}(Object(Illuminate/Http/Request))
#65 C:/Users/EMANUELCLEMENTEMARTI/Downloads/sistema hotel/vendor/laravel/framework/src/Illuminate/Pipeline/Pipeline.php(219): Illuminate/Foundation/Http/Middleware/InvokeDeferredCallbacks->handle(Object(Illuminate/Http/Request), Object(Closure))
#66 C:/Users/EMANUELCLEMENTEMARTI/Downloads/sistema hotel/vendor/laravel/framework/src/Illuminate/Http/Middleware/ValidatePathEncoding.php(26): Illuminate/Pipeline/Pipeline->{closure:{closure:Illuminate/Pipeline/Pipeline::carry():194}:195}(Object(Illuminate/Http/Request))
#67 C:/Users/EMANUELCLEMENTEMARTI/Downloads/sistema hotel/vendor/laravel/framework/src/Illuminate/Pipeline/Pipeline.php(219): Illuminate/Http/Middleware/ValidatePathEncoding->handle(Object(Illuminate/Http/Request), Object(Closure))
#68 C:/Users/EMANUELCLEMENTEMARTI/Downloads/sistema hotel/vendor/laravel/framework/src/Illuminate/Pipeline/Pipeline.php(137): Illuminate/Pipeline/Pipeline->{closure:{closure:Illuminate/Pipeline/Pipeline::carry():194}:195}(Object(Illuminate/Http/Request))
#69 C:/Users/EMANUELCLEMENTEMARTI/Downloads/sistema hotel/vendor/laravel/framework/src/Illuminate/Foundation/Http/Kernel.php(175): Illuminate/Pipeline/Pipeline->then(Object(Closure))
#70 C:/Users/EMANUELCLEMENTEMARTI/Downloads/sistema hotel/vendor/laravel/framework/src/Illuminate/Foundation/Http/Kernel.php(144): Illuminate/Foundation/Http/Kernel->sendRequestThroughRouter(Object(Illuminate/Http/Request))
#71 C:/Users/EMANUELCLEMENTEMARTI/Downloads/sistema hotel/vendor/laravel/framework/src/Illuminate/Foundation/Application.php(1220): Illuminate/Foundation/Http/Kernel->handle(Object(Illuminate/Http/Request))
#72 C:/Users/EMANUELCLEMENTEMARTI/Downloads/sistema hotel/public/index.php(17): Illuminate/Foundation/Application->handleRequest(Object(Illuminate/Http/Request))
#73 C:/Users/EMANUELCLEMENTEMARTI/Downloads/sistema hotel/vendor/laravel/framework/src/Illuminate/Foundation/resources/server.php(23): require_once('C://Users//EMANUE...')
#74 {main}
"} 
[2026-03-31 18:43:36] laravel.WARNING: League\Flysystem\AwsS3V3\AwsS3V3Adapter::__construct(): Implicitly marking parameter $visibility as nullable is deprecated, the explicit nullable type must be used instead in C:\Users\EMANUELCLEMENTEMARTI\Downloads\sistema hotel\vendor\league\flysystem-aws-s3-v3\AwsS3V3Adapter.php on line 108  
[2026-03-31 18:43:36] laravel.EMERGENCY: Unable to create configured logger. Using emergency logger. {"exception":"[object] (InvalidArgumentException(code: 0): Driver [null] is not supported. at C:/Users/EMANUELCLEMENTEMARTI/Downloads/sistema hotel/vendor/laravel/framework/src/Illuminate/Log/LogManager.php:235)
[stacktrace]
#0 C:/Users/EMANUELCLEMENTEMARTI/Downloads/sistema hotel/vendor/laravel/framework/src/Illuminate/Log/LogManager.php(138): Illuminate/Log/LogManager->resolve('deprecations', Array)
#1 C:/Users/EMANUELCLEMENTEMARTI/Downloads/sistema hotel/vendor/laravel/framework/src/Illuminate/Log/LogManager.php(125): Illuminate/Log/LogManager->get('deprecations')
#2 C:/Users/EMANUELCLEMENTEMARTI/Downloads/sistema hotel/vendor/laravel/framework/src/Illuminate/Log/LogManager.php(114): Illuminate/Log/LogManager->driver('deprecations')
#3 C:/Users/EMANUELCLEMENTEMARTI/Downloads/sistema hotel/vendor/laravel/framework/src/Illuminate/Foundation/Bootstrap/HandleExceptions.php(105): Illuminate/Log/LogManager->channel('deprecations')
#4 C:/Users/EMANUELCLEMENTEMARTI/Downloads/sistema hotel/vendor/laravel/framework/src/Illuminate/Foundation/Bootstrap/HandleExceptions.php(74): Illuminate/Foundation/Bootstrap/HandleExceptions->handleDeprecationError('League//Flysyste...', 'C://Users//EMANUE...', 0, 8192)
#5 C:/Users/EMANUELCLEMENTEMARTI/Downloads/sistema hotel/vendor/laravel/framework/src/Illuminate/Foundation/Bootstrap/HandleExceptions.php(258): Illuminate/Foundation/Bootstrap/HandleExceptions->handleError(8192, 'League//Flysyste...', 'C://Users//EMANUE...', 0)
#6 C:/Users/EMANUELCLEMENTEMARTI/Downloads/sistema hotel/vendor/composer/ClassLoader.php(576): Illuminate/Foundation/Bootstrap/HandleExceptions->{closure:Illuminate/Foundation/Bootstrap/HandleExceptions::forwardsTo():257}(8192, 'League//Flysyste...', 'C://Users//EMANUE...', 0)
#7 C:/Users/EMANUELCLEMENTEMARTI/Downloads/sistema hotel/vendor/composer/ClassLoader.php(576): include('C://Users//EMANUE...')
#8 C:/Users/EMANUELCLEMENTEMARTI/Downloads/sistema hotel/vendor/composer/ClassLoader.php(427): {closure:Composer/Autoload/ClassLoader::initializeIncludeClosure():575}('C://Users//EMANUE...')
#9 C:/Users/EMANUELCLEMENTEMARTI/Downloads/sistema hotel/vendor/laravel/framework/src/Illuminate/Filesystem/FilesystemManager.php(257): Composer/Autoload/ClassLoader->loadClass('League//Flysyste...')
#10 C:/Users/EMANUELCLEMENTEMARTI/Downloads/sistema hotel/vendor/laravel/framework/src/Illuminate/Filesystem/FilesystemManager.php(153): Illuminate/Filesystem/FilesystemManager->createS3Driver(Array, 'supabase')
#11 C:/Users/EMANUELCLEMENTEMARTI/Downloads/sistema hotel/vendor/laravel/framework/src/Illuminate/Filesystem/FilesystemManager.php(121): Illuminate/Filesystem/FilesystemManager->resolve('supabase')
#12 C:/Users/EMANUELCLEMENTEMARTI/Downloads/sistema hotel/vendor/laravel/framework/src/Illuminate/Filesystem/FilesystemManager.php(84): Illuminate/Filesystem/FilesystemManager->get('supabase')
#13 C:/Users/EMANUELCLEMENTEMARTI/Downloads/sistema hotel/vendor/laravel/framework/src/Illuminate/Support/Facades/Facade.php(363): Illuminate/Filesystem/FilesystemManager->disk('supabase')
#14 C:/Users/EMANUELCLEMENTEMARTI/Downloads/sistema hotel/vendor/livewire/livewire/src/Features/SupportFileUploads/TemporaryUploadedFile.php(168): Illuminate/Support/Facades/Facade::__callStatic('disk', Array)
#15 C:/Users/EMANUELCLEMENTEMARTI/Downloads/sistema hotel/app/Livewire/ImageManager.php(84): Livewire/Features/SupportFileUploads/TemporaryUploadedFile->storeAs('rooms', 'room_1_17749826...', Array)
#16 C:/Users/EMANUELCLEMENTEMARTI/Downloads/sistema hotel/vendor/laravel/framework/src/Illuminate/Container/BoundMethod.php(36): App/Livewire/ImageManager->uploadImage()
#17 C:/Users/EMANUELCLEMENTEMARTI/Downloads/sistema hotel/vendor/laravel/framework/src/Illuminate/Container/Util.php(43): Illuminate/Container/BoundMethod::{closure:Illuminate/Container/BoundMethod::call():35}()
#18 C:/Users/EMANUELCLEMENTEMARTI/Downloads/sistema hotel/vendor/laravel/framework/src/Illuminate/Container/BoundMethod.php(96): Illuminate/Container/Util::unwrapIfClosure(Object(Closure))
#19 C:/Users/EMANUELCLEMENTEMARTI/Downloads/sistema hotel/vendor/laravel/framework/src/Illuminate/Container/BoundMethod.php(35): Illuminate/Container/BoundMethod::callBoundMethod(Object(Illuminate/Foundation/Application), Array, Object(Closure))
#20 C:/Users/EMANUELCLEMENTEMARTI/Downloads/sistema hotel/vendor/livewire/livewire/src/Wrapped.php(23): Illuminate/Container/BoundMethod::call(Object(Illuminate/Foundation/Application), Array, Array)
#21 C:/Users/EMANUELCLEMENTEMARTI/Downloads/sistema hotel/vendor/livewire/livewire/src/Mechanisms/HandleComponents/HandleComponents.php(492): Livewire/Wrapped->__call('uploadImage', Array)
#22 C:/Users/EMANUELCLEMENTEMARTI/Downloads/sistema hotel/vendor/livewire/livewire/src/Mechanisms/HandleComponents/HandleComponents.php(101): Livewire/Mechanisms/HandleComponents/HandleComponents->callMethods(Object(App/Livewire/ImageManager), Array, Object(Livewire/Mechanisms/HandleComponents/ComponentContext))
#23 C:/Users/EMANUELCLEMENTEMARTI/Downloads/sistema hotel/vendor/livewire/livewire/src/LivewireManager.php(102): Livewire/Mechanisms/HandleComponents/HandleComponents->update(Array, Array, Array)
#24 C:/Users/EMANUELCLEMENTEMARTI/Downloads/sistema hotel/vendor/livewire/livewire/src/Mechanisms/HandleRequests/HandleRequests.php(131): Livewire/LivewireManager->update(Array, Array, Array)
#25 C:/Users/EMANUELCLEMENTEMARTI/Downloads/sistema hotel/vendor/laravel/framework/src/Illuminate/Routing/ControllerDispatcher.php(46): Livewire/Mechanisms/HandleRequests/HandleRequests->handleUpdate()
#26 C:/Users/EMANUELCLEMENTEMARTI/Downloads/sistema hotel/vendor/laravel/framework/src/Illuminate/Routing/Route.php(265): Illuminate/Routing/ControllerDispatcher->dispatch(Object(Illuminate/Routing/Route), Object(Livewire/Mechanisms/HandleRequests/HandleRequests), 'handleUpdate')
#27 C:/Users/EMANUELCLEMENTEMARTI/Downloads/sistema hotel/vendor/laravel/framework/src/Illuminate/Routing/Route.php(211): Illuminate/Routing/Route->runController()
#28 C:/Users/EMANUELCLEMENTEMARTI/Downloads/sistema hotel/vendor/laravel/framework/src/Illuminate/Routing/Router.php(822): Illuminate/Routing/Route->run()
#29 C:/Users/EMANUELCLEMENTEMARTI/Downloads/sistema hotel/vendor/laravel/framework/src/Illuminate/Pipeline/Pipeline.php(180): Illuminate/Routing/Router->{closure:Illuminate/Routing/Router::runRouteWithinStack():821}(Object(Illuminate/Http/Request))
#30 C:/Users/EMANUELCLEMENTEMARTI/Downloads/sistema hotel/vendor/laravel/framework/src/Illuminate/Routing/Middleware/SubstituteBindings.php(50): Illuminate/Pipeline/Pipeline->{closure:Illuminate/Pipeline/Pipeline::prepareDestination():178}(Object(Illuminate/Http/Request))
#31 C:/Users/EMANUELCLEMENTEMARTI/Downloads/sistema hotel/vendor/laravel/framework/src/Illuminate/Pipeline/Pipeline.php(219): Illuminate/Routing/Middleware/SubstituteBindings->handle(Object(Illuminate/Http/Request), Object(Closure))
#32 C:/Users/EMANUELCLEMENTEMARTI/Downloads/sistema hotel/vendor/laravel/framework/src/Illuminate/Foundation/Http/Middleware/VerifyCsrfToken.php(87): Illuminate/Pipeline/Pipeline->{closure:{closure:Illuminate/Pipeline/Pipeline::carry():194}:195}(Object(Illuminate/Http/Request))
#33 C:/Users/EMANUELCLEMENTEMARTI/Downloads/sistema hotel/vendor/laravel/framework/src/Illuminate/Pipeline/Pipeline.php(219): Illuminate/Foundation/Http/Middleware/VerifyCsrfToken->handle(Object(Illuminate/Http/Request), Object(Closure))
#34 C:/Users/EMANUELCLEMENTEMARTI/Downloads/sistema hotel/vendor/laravel/framework/src/Illuminate/View/Middleware/ShareErrorsFromSession.php(48): Illuminate/Pipeline/Pipeline->{closure:{closure:Illuminate/Pipeline/Pipeline::carry():194}:195}(Object(Illuminate/Http/Request))
#35 C:/Users/EMANUELCLEMENTEMARTI/Downloads/sistema hotel/vendor/laravel/framework/src/Illuminate/Pipeline/Pipeline.php(219): Illuminate/View/Middleware/ShareErrorsFromSession->handle(Object(Illuminate/Http/Request), Object(Closure))
#36 C:/Users/EMANUELCLEMENTEMARTI/Downloads/sistema hotel/vendor/laravel/framework/src/Illuminate/Session/Middleware/StartSession.php(120): Illuminate/Pipeline/Pipeline->{closure:{closure:Illuminate/Pipeline/Pipeline::carry():194}:195}(Object(Illuminate/Http/Request))
#37 C:/Users/EMANUELCLEMENTEMARTI/Downloads/sistema hotel/vendor/laravel/framework/src/Illuminate/Session/Middleware/StartSession.php(63): Illuminate/Session/Middleware/StartSession->handleStatefulRequest(Object(Illuminate/Http/Request), Object(Illuminate/Session/Store), Object(Closure))
#38 C:/Users/EMANUELCLEMENTEMARTI/Downloads/sistema hotel/vendor/laravel/framework/src/Illuminate/Pipeline/Pipeline.php(219): Illuminate/Session/Middleware/StartSession->handle(Object(Illuminate/Http/Request), Object(Closure))
#39 C:/Users/EMANUELCLEMENTEMARTI/Downloads/sistema hotel/vendor/laravel/framework/src/Illuminate/Cookie/Middleware/AddQueuedCookiesToResponse.php(36): Illuminate/Pipeline/Pipeline->{closure:{closure:Illuminate/Pipeline/Pipeline::carry():194}:195}(Object(Illuminate/Http/Request))
#40 C:/Users/EMANUELCLEMENTEMARTI/Downloads/sistema hotel/vendor/laravel/framework/src/Illuminate/Pipeline/Pipeline.php(219): Illuminate/Cookie/Middleware/AddQueuedCookiesToResponse->handle(Object(Illuminate/Http/Request), Object(Closure))
#41 C:/Users/EMANUELCLEMENTEMARTI/Downloads/sistema hotel/vendor/laravel/framework/src/Illuminate/Cookie/Middleware/EncryptCookies.php(74): Illuminate/Pipeline/Pipeline->{closure:{closure:Illuminate/Pipeline/Pipeline::carry():194}:195}(Object(Illuminate/Http/Request))
#42 C:/Users/EMANUELCLEMENTEMARTI/Downloads/sistema hotel/vendor/laravel/framework/src/Illuminate/Pipeline/Pipeline.php(219): Illuminate/Cookie/Middleware/EncryptCookies->handle(Object(Illuminate/Http/Request), Object(Closure))
#43 C:/Users/EMANUELCLEMENTEMARTI/Downloads/sistema hotel/vendor/laravel/framework/src/Illuminate/Pipeline/Pipeline.php(137): Illuminate/Pipeline/Pipeline->{closure:{closure:Illuminate/Pipeline/Pipeline::carry():194}:195}(Object(Illuminate/Http/Request))
#44 C:/Users/EMANUELCLEMENTEMARTI/Downloads/sistema hotel/vendor/laravel/framework/src/Illuminate/Routing/Router.php(821): Illuminate/Pipeline/Pipeline->then(Object(Closure))
#45 C:/Users/EMANUELCLEMENTEMARTI/Downloads/sistema hotel/vendor/laravel/framework/src/Illuminate/Routing/Router.php(800): Illuminate/Routing/Router->runRouteWithinStack(Object(Illuminate/Routing/Route), Object(Illuminate/Http/Request))
#46 C:/Users/EMANUELCLEMENTEMARTI/Downloads/sistema hotel/vendor/laravel/framework/src/Illuminate/Routing/Router.php(764): Illuminate/Routing/Router->runRoute(Object(Illuminate/Http/Request), Object(Illuminate/Routing/Route))
#47 C:/Users/EMANUELCLEMENTEMARTI/Downloads/sistema hotel/vendor/laravel/framework/src/Illuminate/Routing/Router.php(753): Illuminate/Routing/Router->dispatchToRoute(Object(Illuminate/Http/Request))
#48 C:/Users/EMANUELCLEMENTEMARTI/Downloads/sistema hotel/vendor/laravel/framework/src/Illuminate/Foundation/Http/Kernel.php(200): Illuminate/Routing/Router->dispatch(Object(Illuminate/Http/Request))
#49 C:/Users/EMANUELCLEMENTEMARTI/Downloads/sistema hotel/vendor/laravel/framework/src/Illuminate/Pipeline/Pipeline.php(180): Illuminate/Foundation/Http/Kernel->{closure:Illuminate/Foundation/Http/Kernel::dispatchToRouter():197}(Object(Illuminate/Http/Request))
#50 C:/Users/EMANUELCLEMENTEMARTI/Downloads/sistema hotel/vendor/livewire/livewire/src/Features/SupportDisablingBackButtonCache/DisableBackButtonCacheMiddleware.php(19): Illuminate/Pipeline/Pipeline->{closure:Illuminate/Pipeline/Pipeline::prepareDestination():178}(Object(Illuminate/Http/Request))
#51 C:/Users/EMANUELCLEMENTEMARTI/Downloads/sistema hotel/vendor/laravel/framework/src/Illuminate/Pipeline/Pipeline.php(219): Livewire/Features/SupportDisablingBackButtonCache/DisableBackButtonCacheMiddleware->handle(Object(Illuminate/Http/Request), Object(Closure))
#52 C:/Users/EMANUELCLEMENTEMARTI/Downloads/sistema hotel/vendor/laravel/framework/src/Illuminate/Foundation/Http/Middleware/ConvertEmptyStringsToNull.php(27): Illuminate/Pipeline/Pipeline->{closure:{closure:Illuminate/Pipeline/Pipeline::carry():194}:195}(Object(Illuminate/Http/Request))
#53 C:/Users/EMANUELCLEMENTEMARTI/Downloads/sistema hotel/vendor/laravel/framework/src/Illuminate/Pipeline/Pipeline.php(219): Illuminate/Foundation/Http/Middleware/ConvertEmptyStringsToNull->handle(Object(Illuminate/Http/Request), Object(Closure))
#54 C:/Users/EMANUELCLEMENTEMARTI/Downloads/sistema hotel/vendor/laravel/framework/src/Illuminate/Foundation/Http/Middleware/TrimStrings.php(47): Illuminate/Pipeline/Pipeline->{closure:{closure:Illuminate/Pipeline/Pipeline::carry():194}:195}(Object(Illuminate/Http/Request))
#55 C:/Users/EMANUELCLEMENTEMARTI/Downloads/sistema hotel/vendor/laravel/framework/src/Illuminate/Pipeline/Pipeline.php(219): Illuminate/Foundation/Http/Middleware/TrimStrings->handle(Object(Illuminate/Http/Request), Object(Closure))
#56 C:/Users/EMANUELCLEMENTEMARTI/Downloads/sistema hotel/vendor/laravel/framework/src/Illuminate/Http/Middleware/ValidatePostSize.php(27): Illuminate/Pipeline/Pipeline->{closure:{closure:Illuminate/Pipeline/Pipeline::carry():194}:195}(Object(Illuminate/Http/Request))
#57 C:/Users/EMANUELCLEMENTEMARTI/Downloads/sistema hotel/vendor/laravel/framework/src/Illuminate/Pipeline/Pipeline.php(219): Illuminate/Http/Middleware/ValidatePostSize->handle(Object(Illuminate/Http/Request), Object(Closure))
#58 C:/Users/EMANUELCLEMENTEMARTI/Downloads/sistema hotel/vendor/laravel/framework/src/Illuminate/Foundation/Http/Middleware/PreventRequestsDuringMaintenance.php(109): Illuminate/Pipeline/Pipeline->{closure:{closure:Illuminate/Pipeline/Pipeline::carry():194}:195}(Object(Illuminate/Http/Request))
#59 C:/Users/EMANUELCLEMENTEMARTI/Downloads/sistema hotel/vendor/laravel/framework/src/Illuminate/Pipeline/Pipeline.php(219): Illuminate/Foundation/Http/Middleware/PreventRequestsDuringMaintenance->handle(Object(Illuminate/Http/Request), Object(Closure))
#60 C:/Users/EMANUELCLEMENTEMARTI/Downloads/sistema hotel/vendor/laravel/framework/src/Illuminate/Http/Middleware/HandleCors.php(61): Illuminate/Pipeline/Pipeline->{closure:{closure:Illuminate/Pipeline/Pipeline::carry():194}:195}(Object(Illuminate/Http/Request))
#61 C:/Users/EMANUELCLEMENTEMARTI/Downloads/sistema hotel/vendor/laravel/framework/src/Illuminate/Pipeline/Pipeline.php(219): Illuminate/Http/Middleware/HandleCors->handle(Object(Illuminate/Http/Request), Object(Closure))
#62 C:/Users/EMANUELCLEMENTEMARTI/Downloads/sistema hotel/vendor/laravel/framework/src/Illuminate/Http/Middleware/TrustProxies.php(58): Illuminate/Pipeline/Pipeline->{closure:{closure:Illuminate/Pipeline/Pipeline::carry():194}:195}(Object(Illuminate/Http/Request))
#63 C:/Users/EMANUELCLEMENTEMARTI/Downloads/sistema hotel/vendor/laravel/framework/src/Illuminate/Pipeline/Pipeline.php(219): Illuminate/Http/Middleware/TrustProxies->handle(Object(Illuminate/Http/Request), Object(Closure))
#64 C:/Users/EMANUELCLEMENTEMARTI/Downloads/sistema hotel/vendor/laravel/framework/src/Illuminate/Foundation/Http/Middleware/InvokeDeferredCallbacks.php(22): Illuminate/Pipeline/Pipeline->{closure:{closure:Illuminate/Pipeline/Pipeline::carry():194}:195}(Object(Illuminate/Http/Request))
#65 C:/Users/EMANUELCLEMENTEMARTI/Downloads/sistema hotel/vendor/laravel/framework/src/Illuminate/Pipeline/Pipeline.php(219): Illuminate/Foundation/Http/Middleware/InvokeDeferredCallbacks->handle(Object(Illuminate/Http/Request), Object(Closure))
#66 C:/Users/EMANUELCLEMENTEMARTI/Downloads/sistema hotel/vendor/laravel/framework/src/Illuminate/Http/Middleware/ValidatePathEncoding.php(26): Illuminate/Pipeline/Pipeline->{closure:{closure:Illuminate/Pipeline/Pipeline::carry():194}:195}(Object(Illuminate/Http/Request))
#67 C:/Users/EMANUELCLEMENTEMARTI/Downloads/sistema hotel/vendor/laravel/framework/src/Illuminate/Pipeline/Pipeline.php(219): Illuminate/Http/Middleware/ValidatePathEncoding->handle(Object(Illuminate/Http/Request), Object(Closure))
#68 C:/Users/EMANUELCLEMENTEMARTI/Downloads/sistema hotel/vendor/laravel/framework/src/Illuminate/Pipeline/Pipeline.php(137): Illuminate/Pipeline/Pipeline->{closure:{closure:Illuminate/Pipeline/Pipeline::carry():194}:195}(Object(Illuminate/Http/Request))
#69 C:/Users/EMANUELCLEMENTEMARTI/Downloads/sistema hotel/vendor/laravel/framework/src/Illuminate/Foundation/Http/Kernel.php(175): Illuminate/Pipeline/Pipeline->then(Object(Closure))
#70 C:/Users/EMANUELCLEMENTEMARTI/Downloads/sistema hotel/vendor/laravel/framework/src/Illuminate/Foundation/Http/Kernel.php(144): Illuminate/Foundation/Http/Kernel->sendRequestThroughRouter(Object(Illuminate/Http/Request))
#71 C:/Users/EMANUELCLEMENTEMARTI/Downloads/sistema hotel/vendor/laravel/framework/src/Illuminate/Foundation/Application.php(1220): Illuminate/Foundation/Http/Kernel->handle(Object(Illuminate/Http/Request))
#72 C:/Users/EMANUELCLEMENTEMARTI/Downloads/sistema hotel/public/index.php(17): Illuminate/Foundation/Application->handleRequest(Object(Illuminate/Http/Request))
#73 C:/Users/EMANUELCLEMENTEMARTI/Downloads/sistema hotel/vendor/laravel/framework/src/Illuminate/Foundation/resources/server.php(23): require_once('C://Users//EMANUE...')
#74 {main}
"} 
[2026-03-31 18:43:36] laravel.WARNING: League\Flysystem\AwsS3V3\AwsS3V3Adapter::__construct(): Implicitly marking parameter $mimeTypeDetector as nullable is deprecated, the explicit nullable type must be used instead in C:\Users\EMANUELCLEMENTEMARTI\Downloads\sistema hotel\vendor\league\flysystem-aws-s3-v3\AwsS3V3Adapter.php on line 0  
[2026-03-31 18:43:36] laravel.EMERGENCY: Unable to create configured logger. Using emergency logger. {"exception":"[object] (InvalidArgumentException(code: 0): Driver [null] is not supported. at C:/Users/EMANUELCLEMENTEMARTI/Downloads/sistema hotel/vendor/laravel/framework/src/Illuminate/Log/LogManager.php:235)
[stacktrace]
#0 C:/Users/EMANUELCLEMENTEMARTI/Downloads/sistema hotel/vendor/laravel/framework/src/Illuminate/Log/LogManager.php(138): Illuminate/Log/LogManager->resolve('deprecations', Array)
#1 C:/Users/EMANUELCLEMENTEMARTI/Downloads/sistema hotel/vendor/laravel/framework/src/Illuminate/Log/LogManager.php(125): Illuminate/Log/LogManager->get('deprecations')
#2 C:/Users/EMANUELCLEMENTEMARTI/Downloads/sistema hotel/vendor/laravel/framework/src/Illuminate/Log/LogManager.php(114): Illuminate/Log/LogManager->driver('deprecations')
#3 C:/Users/EMANUELCLEMENTEMARTI/Downloads/sistema hotel/vendor/laravel/framework/src/Illuminate/Foundation/Bootstrap/HandleExceptions.php(105): Illuminate/Log/LogManager->channel('deprecations')
#4 C:/Users/EMANUELCLEMENTEMARTI/Downloads/sistema hotel/vendor/laravel/framework/src/Illuminate/Foundation/Bootstrap/HandleExceptions.php(74): Illuminate/Foundation/Bootstrap/HandleExceptions->handleDeprecationError('League//Flysyste...', 'C://Users//EMANUE...', 295, 8192)
#5 C:/Users/EMANUELCLEMENTEMARTI/Downloads/sistema hotel/vendor/laravel/framework/src/Illuminate/Foundation/Bootstrap/HandleExceptions.php(258): Illuminate/Foundation/Bootstrap/HandleExceptions->handleError(8192, 'League//Flysyste...', 'C://Users//EMANUE...', 295)
#6 C:/Users/EMANUELCLEMENTEMARTI/Downloads/sistema hotel/vendor/composer/ClassLoader.php(576): Illuminate/Foundation/Bootstrap/HandleExceptions->{closure:Illuminate/Foundation/Bootstrap/HandleExceptions::forwardsTo():257}(8192, 'League//Flysyste...', 'C://Users//EMANUE...', 295)
#7 C:/Users/EMANUELCLEMENTEMARTI/Downloads/sistema hotel/vendor/composer/ClassLoader.php(576): include('C://Users//EMANUE...')
#8 C:/Users/EMANUELCLEMENTEMARTI/Downloads/sistema hotel/vendor/composer/ClassLoader.php(427): {closure:Composer/Autoload/ClassLoader::initializeIncludeClosure():575}('C://Users//EMANUE...')
#9 C:/Users/EMANUELCLEMENTEMARTI/Downloads/sistema hotel/vendor/laravel/framework/src/Illuminate/Filesystem/FilesystemManager.php(257): Composer/Autoload/ClassLoader->loadClass('League//Flysyste...')
#10 C:/Users/EMANUELCLEMENTEMARTI/Downloads/sistema hotel/vendor/laravel/framework/src/Illuminate/Filesystem/FilesystemManager.php(153): Illuminate/Filesystem/FilesystemManager->createS3Driver(Array, 'supabase')
#11 C:/Users/EMANUELCLEMENTEMARTI/Downloads/sistema hotel/vendor/laravel/framework/src/Illuminate/Filesystem/FilesystemManager.php(121): Illuminate/Filesystem/FilesystemManager->resolve('supabase')
#12 C:/Users/EMANUELCLEMENTEMARTI/Downloads/sistema hotel/vendor/laravel/framework/src/Illuminate/Filesystem/FilesystemManager.php(84): Illuminate/Filesystem/FilesystemManager->get('supabase')
#13 C:/Users/EMANUELCLEMENTEMARTI/Downloads/sistema hotel/vendor/laravel/framework/src/Illuminate/Support/Facades/Facade.php(363): Illuminate/Filesystem/FilesystemManager->disk('supabase')
#14 C:/Users/EMANUELCLEMENTEMARTI/Downloads/sistema hotel/vendor/livewire/livewire/src/Features/SupportFileUploads/TemporaryUploadedFile.php(168): Illuminate/Support/Facades/Facade::__callStatic('disk', Array)
#15 C:/Users/EMANUELCLEMENTEMARTI/Downloads/sistema hotel/app/Livewire/ImageManager.php(84): Livewire/Features/SupportFileUploads/TemporaryUploadedFile->storeAs('rooms', 'room_1_17749826...', Array)
#16 C:/Users/EMANUELCLEMENTEMARTI/Downloads/sistema hotel/vendor/laravel/framework/src/Illuminate/Container/BoundMethod.php(36): App/Livewire/ImageManager->uploadImage()
#17 C:/Users/EMANUELCLEMENTEMARTI/Downloads/sistema hotel/vendor/laravel/framework/src/Illuminate/Container/Util.php(43): Illuminate/Container/BoundMethod::{closure:Illuminate/Container/BoundMethod::call():35}()
#18 C:/Users/EMANUELCLEMENTEMARTI/Downloads/sistema hotel/vendor/laravel/framework/src/Illuminate/Container/BoundMethod.php(96): Illuminate/Container/Util::unwrapIfClosure(Object(Closure))
#19 C:/Users/EMANUELCLEMENTEMARTI/Downloads/sistema hotel/vendor/laravel/framework/src/Illuminate/Container/BoundMethod.php(35): Illuminate/Container/BoundMethod::callBoundMethod(Object(Illuminate/Foundation/Application), Array, Object(Closure))
#20 C:/Users/EMANUELCLEMENTEMARTI/Downloads/sistema hotel/vendor/livewire/livewire/src/Wrapped.php(23): Illuminate/Container/BoundMethod::call(Object(Illuminate/Foundation/Application), Array, Array)
#21 C:/Users/EMANUELCLEMENTEMARTI/Downloads/sistema hotel/vendor/livewire/livewire/src/Mechanisms/HandleComponents/HandleComponents.php(492): Livewire/Wrapped->__call('uploadImage', Array)
#22 C:/Users/EMANUELCLEMENTEMARTI/Downloads/sistema hotel/vendor/livewire/livewire/src/Mechanisms/HandleComponents/HandleComponents.php(101): Livewire/Mechanisms/HandleComponents/HandleComponents->callMethods(Object(App/Livewire/ImageManager), Array, Object(Livewire/Mechanisms/HandleComponents/ComponentContext))
#23 C:/Users/EMANUELCLEMENTEMARTI/Downloads/sistema hotel/vendor/livewire/livewire/src/LivewireManager.php(102): Livewire/Mechanisms/HandleComponents/HandleComponents->update(Array, Array, Array)
#24 C:/Users/EMANUELCLEMENTEMARTI/Downloads/sistema hotel/vendor/livewire/livewire/src/Mechanisms/HandleRequests/HandleRequests.php(131): Livewire/LivewireManager->update(Array, Array, Array)
#25 C:/Users/EMANUELCLEMENTEMARTI/Downloads/sistema hotel/vendor/laravel/framework/src/Illuminate/Routing/ControllerDispatcher.php(46): Livewire/Mechanisms/HandleRequests/HandleRequests->handleUpdate()
#26 C:/Users/EMANUELCLEMENTEMARTI/Downloads/sistema hotel/vendor/laravel/framework/src/Illuminate/Routing/Route.php(265): Illuminate/Routing/ControllerDispatcher->dispatch(Object(Illuminate/Routing/Route), Object(Livewire/Mechanisms/HandleRequests/HandleRequests), 'handleUpdate')
#27 C:/Users/EMANUELCLEMENTEMARTI/Downloads/sistema hotel/vendor/laravel/framework/src/Illuminate/Routing/Route.php(211): Illuminate/Routing/Route->runController()
#28 C:/Users/EMANUELCLEMENTEMARTI/Downloads/sistema hotel/vendor/laravel/framework/src/Illuminate/Routing/Router.php(822): Illuminate/Routing/Route->run()
#29 C:/Users/EMANUELCLEMENTEMARTI/Downloads/sistema hotel/vendor/laravel/framework/src/Illuminate/Pipeline/Pipeline.php(180): Illuminate/Routing/Router->{closure:Illuminate/Routing/Router::runRouteWithinStack():821}(Object(Illuminate/Http/Request))
#30 C:/Users/EMANUELCLEMENTEMARTI/Downloads/sistema hotel/vendor/laravel/framework/src/Illuminate/Routing/Middleware/SubstituteBindings.php(50): Illuminate/Pipeline/Pipeline->{closure:Illuminate/Pipeline/Pipeline::prepareDestination():178}(Object(Illuminate/Http/Request))
#31 C:/Users/EMANUELCLEMENTEMARTI/Downloads/sistema hotel/vendor/laravel/framework/src/Illuminate/Pipeline/Pipeline.php(219): Illuminate/Routing/Middleware/SubstituteBindings->handle(Object(Illuminate/Http/Request), Object(Closure))
#32 C:/Users/EMANUELCLEMENTEMARTI/Downloads/sistema hotel/vendor/laravel/framework/src/Illuminate/Foundation/Http/Middleware/VerifyCsrfToken.php(87): Illuminate/Pipeline/Pipeline->{closure:{closure:Illuminate/Pipeline/Pipeline::carry():194}:195}(Object(Illuminate/Http/Request))
#33 C:/Users/EMANUELCLEMENTEMARTI/Downloads/sistema hotel/vendor/laravel/framework/src/Illuminate/Pipeline/Pipeline.php(219): Illuminate/Foundation/Http/Middleware/VerifyCsrfToken->handle(Object(Illuminate/Http/Request), Object(Closure))
#34 C:/Users/EMANUELCLEMENTEMARTI/Downloads/sistema hotel/vendor/laravel/framework/src/Illuminate/View/Middleware/ShareErrorsFromSession.php(48): Illuminate/Pipeline/Pipeline->{closure:{closure:Illuminate/Pipeline/Pipeline::carry():194}:195}(Object(Illuminate/Http/Request))
#35 C:/Users/EMANUELCLEMENTEMARTI/Downloads/sistema hotel/vendor/laravel/framework/src/Illuminate/Pipeline/Pipeline.php(219): Illuminate/View/Middleware/ShareErrorsFromSession->handle(Object(Illuminate/Http/Request), Object(Closure))
#36 C:/Users/EMANUELCLEMENTEMARTI/Downloads/sistema hotel/vendor/laravel/framework/src/Illuminate/Session/Middleware/StartSession.php(120): Illuminate/Pipeline/Pipeline->{closure:{closure:Illuminate/Pipeline/Pipeline::carry():194}:195}(Object(Illuminate/Http/Request))
#37 C:/Users/EMANUELCLEMENTEMARTI/Downloads/sistema hotel/vendor/laravel/framework/src/Illuminate/Session/Middleware/StartSession.php(63): Illuminate/Session/Middleware/StartSession->handleStatefulRequest(Object(Illuminate/Http/Request), Object(Illuminate/Session/Store), Object(Closure))
#38 C:/Users/EMANUELCLEMENTEMARTI/Downloads/sistema hotel/vendor/laravel/framework/src/Illuminate/Pipeline/Pipeline.php(219): Illuminate/Session/Middleware/StartSession->handle(Object(Illuminate/Http/Request), Object(Closure))
#39 C:/Users/EMANUELCLEMENTEMARTI/Downloads/sistema hotel/vendor/laravel/framework/src/Illuminate/Cookie/Middleware/AddQueuedCookiesToResponse.php(36): Illuminate/Pipeline/Pipeline->{closure:{closure:Illuminate/Pipeline/Pipeline::carry():194}:195}(Object(Illuminate/Http/Request))
#40 C:/Users/EMANUELCLEMENTEMARTI/Downloads/sistema hotel/vendor/laravel/framework/src/Illuminate/Pipeline/Pipeline.php(219): Illuminate/Cookie/Middleware/AddQueuedCookiesToResponse->handle(Object(Illuminate/Http/Request), Object(Closure))
#41 C:/Users/EMANUELCLEMENTEMARTI/Downloads/sistema hotel/vendor/laravel/framework/src/Illuminate/Cookie/Middleware/EncryptCookies.php(74): Illuminate/Pipeline/Pipeline->{closure:{closure:Illuminate/Pipeline/Pipeline::carry():194}:195}(Object(Illuminate/Http/Request))
#42 C:/Users/EMANUELCLEMENTEMARTI/Downloads/sistema hotel/vendor/laravel/framework/src/Illuminate/Pipeline/Pipeline.php(219): Illuminate/Cookie/Middleware/EncryptCookies->handle(Object(Illuminate/Http/Request), Object(Closure))
#43 C:/Users/EMANUELCLEMENTEMARTI/Downloads/sistema hotel/vendor/laravel/framework/src/Illuminate/Pipeline/Pipeline.php(137): Illuminate/Pipeline/Pipeline->{closure:{closure:Illuminate/Pipeline/Pipeline::carry():194}:195}(Object(Illuminate/Http/Request))
#44 C:/Users/EMANUELCLEMENTEMARTI/Downloads/sistema hotel/vendor/laravel/framework/src/Illuminate/Routing/Router.php(821): Illuminate/Pipeline/Pipeline->then(Object(Closure))
#45 C:/Users/EMANUELCLEMENTEMARTI/Downloads/sistema hotel/vendor/laravel/framework/src/Illuminate/Routing/Router.php(800): Illuminate/Routing/Router->runRouteWithinStack(Object(Illuminate/Routing/Route), Object(Illuminate/Http/Request))
#46 C:/Users/EMANUELCLEMENTEMARTI/Downloads/sistema hotel/vendor/laravel/framework/src/Illuminate/Routing/Router.php(764): Illuminate/Routing/Router->runRoute(Object(Illuminate/Http/Request), Object(Illuminate/Routing/Route))
#47 C:/Users/EMANUELCLEMENTEMARTI/Downloads/sistema hotel/vendor/laravel/framework/src/Illuminate/Routing/Router.php(753): Illuminate/Routing/Router->dispatchToRoute(Object(Illuminate/Http/Request))
#48 C:/Users/EMANUELCLEMENTEMARTI/Downloads/sistema hotel/vendor/laravel/framework/src/Illuminate/Foundation/Http/Kernel.php(200): Illuminate/Routing/Router->dispatch(Object(Illuminate/Http/Request))
#49 C:/Users/EMANUELCLEMENTEMARTI/Downloads/sistema hotel/vendor/laravel/framework/src/Illuminate/Pipeline/Pipeline.php(180): Illuminate/Foundation/Http/Kernel->{closure:Illuminate/Foundation/Http/Kernel::dispatchToRouter():197}(Object(Illuminate/Http/Request))
#50 C:/Users/EMANUELCLEMENTEMARTI/Downloads/sistema hotel/vendor/livewire/livewire/src/Features/SupportDisablingBackButtonCache/DisableBackButtonCacheMiddleware.php(19): Illuminate/Pipeline/Pipeline->{closure:Illuminate/Pipeline/Pipeline::prepareDestination():178}(Object(Illuminate/Http/Request))
#51 C:/Users/EMANUELCLEMENTEMARTI/Downloads/sistema hotel/vendor/laravel/framework/src/Illuminate/Pipeline/Pipeline.php(219): Livewire/Features/SupportDisablingBackButtonCache/DisableBackButtonCacheMiddleware->handle(Object(Illuminate/Http/Request), Object(Closure))
#52 C:/Users/EMANUELCLEMENTEMARTI/Downloads/sistema hotel/vendor/laravel/framework/src/Illuminate/Foundation/Http/Middleware/ConvertEmptyStringsToNull.php(27): Illuminate/Pipeline/Pipeline->{closure:{closure:Illuminate/Pipeline/Pipeline::carry():194}:195}(Object(Illuminate/Http/Request))
#53 C:/Users/EMANUELCLEMENTEMARTI/Downloads/sistema hotel/vendor/laravel/framework/src/Illuminate/Pipeline/Pipeline.php(219): Illuminate/Foundation/Http/Middleware/ConvertEmptyStringsToNull->handle(Object(Illuminate/Http/Request), Object(Closure))
#54 C:/Users/EMANUELCLEMENTEMARTI/Downloads/sistema hotel/vendor/laravel/framework/src/Illuminate/Foundation/Http/Middleware/TrimStrings.php(47): Illuminate/Pipeline/Pipeline->{closure:{closure:Illuminate/Pipeline/Pipeline::carry():194}:195}(Object(Illuminate/Http/Request))
#55 C:/Users/EMANUELCLEMENTEMARTI/Downloads/sistema hotel/vendor/laravel/framework/src/Illuminate/Pipeline/Pipeline.php(219): Illuminate/Foundation/Http/Middleware/TrimStrings->handle(Object(Illuminate/Http/Request), Object(Closure))
#56 C:/Users/EMANUELCLEMENTEMARTI/Downloads/sistema hotel/vendor/laravel/framework/src/Illuminate/Http/Middleware/ValidatePostSize.php(27): Illuminate/Pipeline/Pipeline->{closure:{closure:Illuminate/Pipeline/Pipeline::carry():194}:195}(Object(Illuminate/Http/Request))
#57 C:/Users/EMANUELCLEMENTEMARTI/Downloads/sistema hotel/vendor/laravel/framework/src/Illuminate/Pipeline/Pipeline.php(219): Illuminate/Http/Middleware/ValidatePostSize->handle(Object(Illuminate/Http/Request), Object(Closure))
#58 C:/Users/EMANUELCLEMENTEMARTI/Downloads/sistema hotel/vendor/laravel/framework/src/Illuminate/Foundation/Http/Middleware/PreventRequestsDuringMaintenance.php(109): Illuminate/Pipeline/Pipeline->{closure:{closure:Illuminate/Pipeline/Pipeline::carry():194}:195}(Object(Illuminate/Http/Request))
#59 C:/Users/EMANUELCLEMENTEMARTI/Downloads/sistema hotel/vendor/laravel/framework/src/Illuminate/Pipeline/Pipeline.php(219): Illuminate/Foundation/Http/Middleware/PreventRequestsDuringMaintenance->handle(Object(Illuminate/Http/Request), Object(Closure))
#60 C:/Users/EMANUELCLEMENTEMARTI/Downloads/sistema hotel/vendor/laravel/framework/src/Illuminate/Http/Middleware/HandleCors.php(61): Illuminate/Pipeline/Pipeline->{closure:{closure:Illuminate/Pipeline/Pipeline::carry():194}:195}(Object(Illuminate/Http/Request))
#61 C:/Users/EMANUELCLEMENTEMARTI/Downloads/sistema hotel/vendor/laravel/framework/src/Illuminate/Pipeline/Pipeline.php(219): Illuminate/Http/Middleware/HandleCors->handle(Object(Illuminate/Http/Request), Object(Closure))
#62 C:/Users/EMANUELCLEMENTEMARTI/Downloads/sistema hotel/vendor/laravel/framework/src/Illuminate/Http/Middleware/TrustProxies.php(58): Illuminate/Pipeline/Pipeline->{closure:{closure:Illuminate/Pipeline/Pipeline::carry():194}:195}(Object(Illuminate/Http/Request))
#63 C:/Users/EMANUELCLEMENTEMARTI/Downloads/sistema hotel/vendor/laravel/framework/src/Illuminate/Pipeline/Pipeline.php(219): Illuminate/Http/Middleware/TrustProxies->handle(Object(Illuminate/Http/Request), Object(Closure))
#64 C:/Users/EMANUELCLEMENTEMARTI/Downloads/sistema hotel/vendor/laravel/framework/src/Illuminate/Foundation/Http/Middleware/InvokeDeferredCallbacks.php(22): Illuminate/Pipeline/Pipeline->{closure:{closure:Illuminate/Pipeline/Pipeline::carry():194}:195}(Object(Illuminate/Http/Request))
#65 C:/Users/EMANUELCLEMENTEMARTI/Downloads/sistema hotel/vendor/laravel/framework/src/Illuminate/Pipeline/Pipeline.php(219): Illuminate/Foundation/Http/Middleware/InvokeDeferredCallbacks->handle(Object(Illuminate/Http/Request), Object(Closure))
#66 C:/Users/EMANUELCLEMENTEMARTI/Downloads/sistema hotel/vendor/laravel/framework/src/Illuminate/Http/Middleware/ValidatePathEncoding.php(26): Illuminate/Pipeline/Pipeline->{closure:{closure:Illuminate/Pipeline/Pipeline::carry():194}:195}(Object(Illuminate/Http/Request))
#67 C:/Users/EMANUELCLEMENTEMARTI/Downloads/sistema hotel/vendor/laravel/framework/src/Illuminate/Pipeline/Pipeline.php(219): Illuminate/Http/Middleware/ValidatePathEncoding->handle(Object(Illuminate/Http/Request), Object(Closure))
#68 C:/Users/EMANUELCLEMENTEMARTI/Downloads/sistema hotel/vendor/laravel/framework/src/Illuminate/Pipeline/Pipeline.php(137): Illuminate/Pipeline/Pipeline->{closure:{closure:Illuminate/Pipeline/Pipeline::carry():194}:195}(Object(Illuminate/Http/Request))
#69 C:/Users/EMANUELCLEMENTEMARTI/Downloads/sistema hotel/vendor/laravel/framework/src/Illuminate/Foundation/Http/Kernel.php(175): Illuminate/Pipeline/Pipeline->then(Object(Closure))
#70 C:/Users/EMANUELCLEMENTEMARTI/Downloads/sistema hotel/vendor/laravel/framework/src/Illuminate/Foundation/Http/Kernel.php(144): Illuminate/Foundation/Http/Kernel->sendRequestThroughRouter(Object(Illuminate/Http/Request))
#71 C:/Users/EMANUELCLEMENTEMARTI/Downloads/sistema hotel/vendor/laravel/framework/src/Illuminate/Foundation/Application.php(1220): Illuminate/Foundation/Http/Kernel->handle(Object(Illuminate/Http/Request))
#72 C:/Users/EMANUELCLEMENTEMARTI/Downloads/sistema hotel/public/index.php(17): Illuminate/Foundation/Application->handleRequest(Object(Illuminate/Http/Request))
#73 C:/Users/EMANUELCLEMENTEMARTI/Downloads/sistema hotel/vendor/laravel/framework/src/Illuminate/Foundation/resources/server.php(23): require_once('C://Users//EMANUE...')
#74 {main}
"} 
[2026-03-31 18:43:36] laravel.WARNING: League\Flysystem\AwsS3V3\AwsS3V3Adapter::mapS3ObjectMetadata(): Implicitly marking parameter $path as nullable is deprecated, the explicit nullable type must be used instead in C:\Users\EMANUELCLEMENTEMARTI\Downloads\sistema hotel\vendor\league\flysystem-aws-s3-v3\AwsS3V3Adapter.php on line 295  
[2026-03-31 18:54:33] laravel.EMERGENCY: Unable to create configured logger. Using emergency logger. {"exception":"[object] (InvalidArgumentException(code: 0): Driver [null] is not supported. at C:/Users/EMANUELCLEMENTEMARTI/Downloads/sistema hotel/vendor/laravel/framework/src/Illuminate/Log/LogManager.php:235)
[stacktrace]
#0 C:/Users/EMANUELCLEMENTEMARTI/Downloads/sistema hotel/vendor/laravel/framework/src/Illuminate/Log/LogManager.php(138): Illuminate/Log/LogManager->resolve('deprecations', Array)
#1 C:/Users/EMANUELCLEMENTEMARTI/Downloads/sistema hotel/vendor/laravel/framework/src/Illuminate/Log/LogManager.php(125): Illuminate/Log/LogManager->get('deprecations')
#2 C:/Users/EMANUELCLEMENTEMARTI/Downloads/sistema hotel/vendor/laravel/framework/src/Illuminate/Log/LogManager.php(114): Illuminate/Log/LogManager->driver('deprecations')
#3 C:/Users/EMANUELCLEMENTEMARTI/Downloads/sistema hotel/vendor/laravel/framework/src/Illuminate/Foundation/Bootstrap/HandleExceptions.php(105): Illuminate/Log/LogManager->channel('deprecations')
#4 C:/Users/EMANUELCLEMENTEMARTI/Downloads/sistema hotel/vendor/laravel/framework/src/Illuminate/Foundation/Bootstrap/HandleExceptions.php(74): Illuminate/Foundation/Bootstrap/HandleExceptions->handleDeprecationError('League//Flysyste...', 'C://Users//EMANUE...', 108, 8192)
#5 C:/Users/EMANUELCLEMENTEMARTI/Downloads/sistema hotel/vendor/laravel/framework/src/Illuminate/Foundation/Bootstrap/HandleExceptions.php(258): Illuminate/Foundation/Bootstrap/HandleExceptions->handleError(8192, 'League//Flysyste...', 'C://Users//EMANUE...', 108)
#6 C:/Users/EMANUELCLEMENTEMARTI/Downloads/sistema hotel/vendor/composer/ClassLoader.php(576): Illuminate/Foundation/Bootstrap/HandleExceptions->{closure:Illuminate/Foundation/Bootstrap/HandleExceptions::forwardsTo():257}(8192, 'League//Flysyste...', 'C://Users//EMANUE...', 108)
#7 C:/Users/EMANUELCLEMENTEMARTI/Downloads/sistema hotel/vendor/composer/ClassLoader.php(576): include('C://Users//EMANUE...')
#8 C:/Users/EMANUELCLEMENTEMARTI/Downloads/sistema hotel/vendor/composer/ClassLoader.php(427): {closure:Composer/Autoload/ClassLoader::initializeIncludeClosure():575}('C://Users//EMANUE...')
#9 C:/Users/EMANUELCLEMENTEMARTI/Downloads/sistema hotel/vendor/laravel/framework/src/Illuminate/Filesystem/FilesystemManager.php(257): Composer/Autoload/ClassLoader->loadClass('League//Flysyste...')
#10 C:/Users/EMANUELCLEMENTEMARTI/Downloads/sistema hotel/vendor/laravel/framework/src/Illuminate/Filesystem/FilesystemManager.php(153): Illuminate/Filesystem/FilesystemManager->createS3Driver(Array, 'supabase')
#11 C:/Users/EMANUELCLEMENTEMARTI/Downloads/sistema hotel/vendor/laravel/framework/src/Illuminate/Filesystem/FilesystemManager.php(121): Illuminate/Filesystem/FilesystemManager->resolve('supabase')
#12 C:/Users/EMANUELCLEMENTEMARTI/Downloads/sistema hotel/vendor/laravel/framework/src/Illuminate/Filesystem/FilesystemManager.php(84): Illuminate/Filesystem/FilesystemManager->get('supabase')
#13 C:/Users/EMANUELCLEMENTEMARTI/Downloads/sistema hotel/vendor/laravel/framework/src/Illuminate/Support/Facades/Facade.php(363): Illuminate/Filesystem/FilesystemManager->disk('supabase')
#14 C:/Users/EMANUELCLEMENTEMARTI/Downloads/sistema hotel/vendor/livewire/livewire/src/Features/SupportFileUploads/TemporaryUploadedFile.php(168): Illuminate/Support/Facades/Facade::__callStatic('disk', Array)
#15 C:/Users/EMANUELCLEMENTEMARTI/Downloads/sistema hotel/app/Livewire/ImageManager.php(84): Livewire/Features/SupportFileUploads/TemporaryUploadedFile->storeAs('room', 'room_1_17749832...', Array)
#16 C:/Users/EMANUELCLEMENTEMARTI/Downloads/sistema hotel/vendor/laravel/framework/src/Illuminate/Container/BoundMethod.php(36): App/Livewire/ImageManager->uploadImage()
#17 C:/Users/EMANUELCLEMENTEMARTI/Downloads/sistema hotel/vendor/laravel/framework/src/Illuminate/Container/Util.php(43): Illuminate/Container/BoundMethod::{closure:Illuminate/Container/BoundMethod::call():35}()
#18 C:/Users/EMANUELCLEMENTEMARTI/Downloads/sistema hotel/vendor/laravel/framework/src/Illuminate/Container/BoundMethod.php(96): Illuminate/Container/Util::unwrapIfClosure(Object(Closure))
#19 C:/Users/EMANUELCLEMENTEMARTI/Downloads/sistema hotel/vendor/laravel/framework/src/Illuminate/Container/BoundMethod.php(35): Illuminate/Container/BoundMethod::callBoundMethod(Object(Illuminate/Foundation/Application), Array, Object(Closure))
#20 C:/Users/EMANUELCLEMENTEMARTI/Downloads/sistema hotel/vendor/livewire/livewire/src/Wrapped.php(23): Illuminate/Container/BoundMethod::call(Object(Illuminate/Foundation/Application), Array, Array)
#21 C:/Users/EMANUELCLEMENTEMARTI/Downloads/sistema hotel/vendor/livewire/livewire/src/Mechanisms/HandleComponents/HandleComponents.php(492): Livewire/Wrapped->__call('uploadImage', Array)
#22 C:/Users/EMANUELCLEMENTEMARTI/Downloads/sistema hotel/vendor/livewire/livewire/src/Mechanisms/HandleComponents/HandleComponents.php(101): Livewire/Mechanisms/HandleComponents/HandleComponents->callMethods(Object(App/Livewire/ImageManager), Array, Object(Livewire/Mechanisms/HandleComponents/ComponentContext))
#23 C:/Users/EMANUELCLEMENTEMARTI/Downloads/sistema hotel/vendor/livewire/livewire/src/LivewireManager.php(102): Livewire/Mechanisms/HandleComponents/HandleComponents->update(Array, Array, Array)
#24 C:/Users/EMANUELCLEMENTEMARTI/Downloads/sistema hotel/vendor/livewire/livewire/src/Mechanisms/HandleRequests/HandleRequests.php(131): Livewire/LivewireManager->update(Array, Array, Array)
#25 C:/Users/EMANUELCLEMENTEMARTI/Downloads/sistema hotel/vendor/laravel/framework/src/Illuminate/Routing/ControllerDispatcher.php(46): Livewire/Mechanisms/HandleRequests/HandleRequests->handleUpdate()
#26 C:/Users/EMANUELCLEMENTEMARTI/Downloads/sistema hotel/vendor/laravel/framework/src/Illuminate/Routing/Route.php(265): Illuminate/Routing/ControllerDispatcher->dispatch(Object(Illuminate/Routing/Route), Object(Livewire/Mechanisms/HandleRequests/HandleRequests), 'handleUpdate')
#27 C:/Users/EMANUELCLEMENTEMARTI/Downloads/sistema hotel/vendor/laravel/framework/src/Illuminate/Routing/Route.php(211): Illuminate/Routing/Route->runController()
#28 C:/Users/EMANUELCLEMENTEMARTI/Downloads/sistema hotel/vendor/laravel/framework/src/Illuminate/Routing/Router.php(822): Illuminate/Routing/Route->run()
#29 C:/Users/EMANUELCLEMENTEMARTI/Downloads/sistema hotel/vendor/laravel/framework/src/Illuminate/Pipeline/Pipeline.php(180): Illuminate/Routing/Router->{closure:Illuminate/Routing/Router::runRouteWithinStack():821}(Object(Illuminate/Http/Request))
#30 C:/Users/EMANUELCLEMENTEMARTI/Downloads/sistema hotel/vendor/laravel/framework/src/Illuminate/Routing/Middleware/SubstituteBindings.php(50): Illuminate/Pipeline/Pipeline->{closure:Illuminate/Pipeline/Pipeline::prepareDestination():178}(Object(Illuminate/Http/Request))
#31 C:/Users/EMANUELCLEMENTEMARTI/Downloads/sistema hotel/vendor/laravel/framework/src/Illuminate/Pipeline/Pipeline.php(219): Illuminate/Routing/Middleware/SubstituteBindings->handle(Object(Illuminate/Http/Request), Object(Closure))
#32 C:/Users/EMANUELCLEMENTEMARTI/Downloads/sistema hotel/vendor/laravel/framework/src/Illuminate/Foundation/Http/Middleware/VerifyCsrfToken.php(87): Illuminate/Pipeline/Pipeline->{closure:{closure:Illuminate/Pipeline/Pipeline::carry():194}:195}(Object(Illuminate/Http/Request))
#33 C:/Users/EMANUELCLEMENTEMARTI/Downloads/sistema hotel/vendor/laravel/framework/src/Illuminate/Pipeline/Pipeline.php(219): Illuminate/Foundation/Http/Middleware/VerifyCsrfToken->handle(Object(Illuminate/Http/Request), Object(Closure))
#34 C:/Users/EMANUELCLEMENTEMARTI/Downloads/sistema hotel/vendor/laravel/framework/src/Illuminate/View/Middleware/ShareErrorsFromSession.php(48): Illuminate/Pipeline/Pipeline->{closure:{closure:Illuminate/Pipeline/Pipeline::carry():194}:195}(Object(Illuminate/Http/Request))
#35 C:/Users/EMANUELCLEMENTEMARTI/Downloads/sistema hotel/vendor/laravel/framework/src/Illuminate/Pipeline/Pipeline.php(219): Illuminate/View/Middleware/ShareErrorsFromSession->handle(Object(Illuminate/Http/Request), Object(Closure))
#36 C:/Users/EMANUELCLEMENTEMARTI/Downloads/sistema hotel/vendor/laravel/framework/src/Illuminate/Session/Middleware/StartSession.php(120): Illuminate/Pipeline/Pipeline->{closure:{closure:Illuminate/Pipeline/Pipeline::carry():194}:195}(Object(Illuminate/Http/Request))
#37 C:/Users/EMANUELCLEMENTEMARTI/Downloads/sistema hotel/vendor/laravel/framework/src/Illuminate/Session/Middleware/StartSession.php(63): Illuminate/Session/Middleware/StartSession->handleStatefulRequest(Object(Illuminate/Http/Request), Object(Illuminate/Session/Store), Object(Closure))
#38 C:/Users/EMANUELCLEMENTEMARTI/Downloads/sistema hotel/vendor/laravel/framework/src/Illuminate/Pipeline/Pipeline.php(219): Illuminate/Session/Middleware/StartSession->handle(Object(Illuminate/Http/Request), Object(Closure))
#39 C:/Users/EMANUELCLEMENTEMARTI/Downloads/sistema hotel/vendor/laravel/framework/src/Illuminate/Cookie/Middleware/AddQueuedCookiesToResponse.php(36): Illuminate/Pipeline/Pipeline->{closure:{closure:Illuminate/Pipeline/Pipeline::carry():194}:195}(Object(Illuminate/Http/Request))
#40 C:/Users/EMANUELCLEMENTEMARTI/Downloads/sistema hotel/vendor/laravel/framework/src/Illuminate/Pipeline/Pipeline.php(219): Illuminate/Cookie/Middleware/AddQueuedCookiesToResponse->handle(Object(Illuminate/Http/Request), Object(Closure))
#41 C:/Users/EMANUELCLEMENTEMARTI/Downloads/sistema hotel/vendor/laravel/framework/src/Illuminate/Cookie/Middleware/EncryptCookies.php(74): Illuminate/Pipeline/Pipeline->{closure:{closure:Illuminate/Pipeline/Pipeline::carry():194}:195}(Object(Illuminate/Http/Request))
#42 C:/Users/EMANUELCLEMENTEMARTI/Downloads/sistema hotel/vendor/laravel/framework/src/Illuminate/Pipeline/Pipeline.php(219): Illuminate/Cookie/Middleware/EncryptCookies->handle(Object(Illuminate/Http/Request), Object(Closure))
#43 C:/Users/EMANUELCLEMENTEMARTI/Downloads/sistema hotel/vendor/laravel/framework/src/Illuminate/Pipeline/Pipeline.php(137): Illuminate/Pipeline/Pipeline->{closure:{closure:Illuminate/Pipeline/Pipeline::carry():194}:195}(Object(Illuminate/Http/Request))
#44 C:/Users/EMANUELCLEMENTEMARTI/Downloads/sistema hotel/vendor/laravel/framework/src/Illuminate/Routing/Router.php(821): Illuminate/Pipeline/Pipeline->then(Object(Closure))
#45 C:/Users/EMANUELCLEMENTEMARTI/Downloads/sistema hotel/vendor/laravel/framework/src/Illuminate/Routing/Router.php(800): Illuminate/Routing/Router->runRouteWithinStack(Object(Illuminate/Routing/Route), Object(Illuminate/Http/Request))
#46 C:/Users/EMANUELCLEMENTEMARTI/Downloads/sistema hotel/vendor/laravel/framework/src/Illuminate/Routing/Router.php(764): Illuminate/Routing/Router->runRoute(Object(Illuminate/Http/Request), Object(Illuminate/Routing/Route))
#47 C:/Users/EMANUELCLEMENTEMARTI/Downloads/sistema hotel/vendor/laravel/framework/src/Illuminate/Routing/Router.php(753): Illuminate/Routing/Router->dispatchToRoute(Object(Illuminate/Http/Request))
#48 C:/Users/EMANUELCLEMENTEMARTI/Downloads/sistema hotel/vendor/laravel/framework/src/Illuminate/Foundation/Http/Kernel.php(200): Illuminate/Routing/Router->dispatch(Object(Illuminate/Http/Request))
#49 C:/Users/EMANUELCLEMENTEMARTI/Downloads/sistema hotel/vendor/laravel/framework/src/Illuminate/Pipeline/Pipeline.php(180): Illuminate/Foundation/Http/Kernel->{closure:Illuminate/Foundation/Http/Kernel::dispatchToRouter():197}(Object(Illuminate/Http/Request))
#50 C:/Users/EMANUELCLEMENTEMARTI/Downloads/sistema hotel/vendor/livewire/livewire/src/Features/SupportDisablingBackButtonCache/DisableBackButtonCacheMiddleware.php(19): Illuminate/Pipeline/Pipeline->{closure:Illuminate/Pipeline/Pipeline::prepareDestination():178}(Object(Illuminate/Http/Request))
#51 C:/Users/EMANUELCLEMENTEMARTI/Downloads/sistema hotel/vendor/laravel/framework/src/Illuminate/Pipeline/Pipeline.php(219): Livewire/Features/SupportDisablingBackButtonCache/DisableBackButtonCacheMiddleware->handle(Object(Illuminate/Http/Request), Object(Closure))
#52 C:/Users/EMANUELCLEMENTEMARTI/Downloads/sistema hotel/vendor/laravel/framework/src/Illuminate/Foundation/Http/Middleware/ConvertEmptyStringsToNull.php(27): Illuminate/Pipeline/Pipeline->{closure:{closure:Illuminate/Pipeline/Pipeline::carry():194}:195}(Object(Illuminate/Http/Request))
#53 C:/Users/EMANUELCLEMENTEMARTI/Downloads/sistema hotel/vendor/laravel/framework/src/Illuminate/Pipeline/Pipeline.php(219): Illuminate/Foundation/Http/Middleware/ConvertEmptyStringsToNull->handle(Object(Illuminate/Http/Request), Object(Closure))
#54 C:/Users/EMANUELCLEMENTEMARTI/Downloads/sistema hotel/vendor/laravel/framework/src/Illuminate/Foundation/Http/Middleware/TrimStrings.php(47): Illuminate/Pipeline/Pipeline->{closure:{closure:Illuminate/Pipeline/Pipeline::carry():194}:195}(Object(Illuminate/Http/Request))
#55 C:/Users/EMANUELCLEMENTEMARTI/Downloads/sistema hotel/vendor/laravel/framework/src/Illuminate/Pipeline/Pipeline.php(219): Illuminate/Foundation/Http/Middleware/TrimStrings->handle(Object(Illuminate/Http/Request), Object(Closure))
#56 C:/Users/EMANUELCLEMENTEMARTI/Downloads/sistema hotel/vendor/laravel/framework/src/Illuminate/Http/Middleware/ValidatePostSize.php(27): Illuminate/Pipeline/Pipeline->{closure:{closure:Illuminate/Pipeline/Pipeline::carry():194}:195}(Object(Illuminate/Http/Request))
#57 C:/Users/EMANUELCLEMENTEMARTI/Downloads/sistema hotel/vendor/laravel/framework/src/Illuminate/Pipeline/Pipeline.php(219): Illuminate/Http/Middleware/ValidatePostSize->handle(Object(Illuminate/Http/Request), Object(Closure))
#58 C:/Users/EMANUELCLEMENTEMARTI/Downloads/sistema hotel/vendor/laravel/framework/src/Illuminate/Foundation/Http/Middleware/PreventRequestsDuringMaintenance.php(109): Illuminate/Pipeline/Pipeline->{closure:{closure:Illuminate/Pipeline/Pipeline::carry():194}:195}(Object(Illuminate/Http/Request))
#59 C:/Users/EMANUELCLEMENTEMARTI/Downloads/sistema hotel/vendor/laravel/framework/src/Illuminate/Pipeline/Pipeline.php(219): Illuminate/Foundation/Http/Middleware/PreventRequestsDuringMaintenance->handle(Object(Illuminate/Http/Request), Object(Closure))
#60 C:/Users/EMANUELCLEMENTEMARTI/Downloads/sistema hotel/vendor/laravel/framework/src/Illuminate/Http/Middleware/HandleCors.php(61): Illuminate/Pipeline/Pipeline->{closure:{closure:Illuminate/Pipeline/Pipeline::carry():194}:195}(Object(Illuminate/Http/Request))
#61 C:/Users/EMANUELCLEMENTEMARTI/Downloads/sistema hotel/vendor/laravel/framework/src/Illuminate/Pipeline/Pipeline.php(219): Illuminate/Http/Middleware/HandleCors->handle(Object(Illuminate/Http/Request), Object(Closure))
#62 C:/Users/EMANUELCLEMENTEMARTI/Downloads/sistema hotel/vendor/laravel/framework/src/Illuminate/Http/Middleware/TrustProxies.php(58): Illuminate/Pipeline/Pipeline->{closure:{closure:Illuminate/Pipeline/Pipeline::carry():194}:195}(Object(Illuminate/Http/Request))
#63 C:/Users/EMANUELCLEMENTEMARTI/Downloads/sistema hotel/vendor/laravel/framework/src/Illuminate/Pipeline/Pipeline.php(219): Illuminate/Http/Middleware/TrustProxies->handle(Object(Illuminate/Http/Request), Object(Closure))
#64 C:/Users/EMANUELCLEMENTEMARTI/Downloads/sistema hotel/vendor/laravel/framework/src/Illuminate/Foundation/Http/Middleware/InvokeDeferredCallbacks.php(22): Illuminate/Pipeline/Pipeline->{closure:{closure:Illuminate/Pipeline/Pipeline::carry():194}:195}(Object(Illuminate/Http/Request))
#65 C:/Users/EMANUELCLEMENTEMARTI/Downloads/sistema hotel/vendor/laravel/framework/src/Illuminate/Pipeline/Pipeline.php(219): Illuminate/Foundation/Http/Middleware/InvokeDeferredCallbacks->handle(Object(Illuminate/Http/Request), Object(Closure))
#66 C:/Users/EMANUELCLEMENTEMARTI/Downloads/sistema hotel/vendor/laravel/framework/src/Illuminate/Http/Middleware/ValidatePathEncoding.php(26): Illuminate/Pipeline/Pipeline->{closure:{closure:Illuminate/Pipeline/Pipeline::carry():194}:195}(Object(Illuminate/Http/Request))
#67 C:/Users/EMANUELCLEMENTEMARTI/Downloads/sistema hotel/vendor/laravel/framework/src/Illuminate/Pipeline/Pipeline.php(219): Illuminate/Http/Middleware/ValidatePathEncoding->handle(Object(Illuminate/Http/Request), Object(Closure))
#68 C:/Users/EMANUELCLEMENTEMARTI/Downloads/sistema hotel/vendor/laravel/framework/src/Illuminate/Pipeline/Pipeline.php(137): Illuminate/Pipeline/Pipeline->{closure:{closure:Illuminate/Pipeline/Pipeline::carry():194}:195}(Object(Illuminate/Http/Request))
#69 C:/Users/EMANUELCLEMENTEMARTI/Downloads/sistema hotel/vendor/laravel/framework/src/Illuminate/Foundation/Http/Kernel.php(175): Illuminate/Pipeline/Pipeline->then(Object(Closure))
#70 C:/Users/EMANUELCLEMENTEMARTI/Downloads/sistema hotel/vendor/laravel/framework/src/Illuminate/Foundation/Http/Kernel.php(144): Illuminate/Foundation/Http/Kernel->sendRequestThroughRouter(Object(Illuminate/Http/Request))
#71 C:/Users/EMANUELCLEMENTEMARTI/Downloads/sistema hotel/vendor/laravel/framework/src/Illuminate/Foundation/Application.php(1220): Illuminate/Foundation/Http/Kernel->handle(Object(Illuminate/Http/Request))
#72 C:/Users/EMANUELCLEMENTEMARTI/Downloads/sistema hotel/public/index.php(17): Illuminate/Foundation/Application->handleRequest(Object(Illuminate/Http/Request))
#73 C:/Users/EMANUELCLEMENTEMARTI/Downloads/sistema hotel/vendor/laravel/framework/src/Illuminate/Foundation/resources/server.php(23): require_once('C://Users//EMANUE...')
#74 {main}
"} 
[2026-03-31 18:54:33] laravel.WARNING: League\Flysystem\AwsS3V3\AwsS3V3Adapter::__construct(): Implicitly marking parameter $visibility as nullable is deprecated, the explicit nullable type must be used instead in C:\Users\EMANUELCLEMENTEMARTI\Downloads\sistema hotel\vendor\league\flysystem-aws-s3-v3\AwsS3V3Adapter.php on line 108  
[2026-03-31 18:54:33] laravel.EMERGENCY: Unable to create configured logger. Using emergency logger. {"exception":"[object] (InvalidArgumentException(code: 0): Driver [null] is not supported. at C:/Users/EMANUELCLEMENTEMARTI/Downloads/sistema hotel/vendor/laravel/framework/src/Illuminate/Log/LogManager.php:235)
[stacktrace]
#0 C:/Users/EMANUELCLEMENTEMARTI/Downloads/sistema hotel/vendor/laravel/framework/src/Illuminate/Log/LogManager.php(138): Illuminate/Log/LogManager->resolve('deprecations', Array)
#1 C:/Users/EMANUELCLEMENTEMARTI/Downloads/sistema hotel/vendor/laravel/framework/src/Illuminate/Log/LogManager.php(125): Illuminate/Log/LogManager->get('deprecations')
#2 C:/Users/EMANUELCLEMENTEMARTI/Downloads/sistema hotel/vendor/laravel/framework/src/Illuminate/Log/LogManager.php(114): Illuminate/Log/LogManager->driver('deprecations')
#3 C:/Users/EMANUELCLEMENTEMARTI/Downloads/sistema hotel/vendor/laravel/framework/src/Illuminate/Foundation/Bootstrap/HandleExceptions.php(105): Illuminate/Log/LogManager->channel('deprecations')
#4 C:/Users/EMANUELCLEMENTEMARTI/Downloads/sistema hotel/vendor/laravel/framework/src/Illuminate/Foundation/Bootstrap/HandleExceptions.php(74): Illuminate/Foundation/Bootstrap/HandleExceptions->handleDeprecationError('League//Flysyste...', 'C://Users//EMANUE...', 0, 8192)
#5 C:/Users/EMANUELCLEMENTEMARTI/Downloads/sistema hotel/vendor/laravel/framework/src/Illuminate/Foundation/Bootstrap/HandleExceptions.php(258): Illuminate/Foundation/Bootstrap/HandleExceptions->handleError(8192, 'League//Flysyste...', 'C://Users//EMANUE...', 0)
#6 C:/Users/EMANUELCLEMENTEMARTI/Downloads/sistema hotel/vendor/composer/ClassLoader.php(576): Illuminate/Foundation/Bootstrap/HandleExceptions->{closure:Illuminate/Foundation/Bootstrap/HandleExceptions::forwardsTo():257}(8192, 'League//Flysyste...', 'C://Users//EMANUE...', 0)
#7 C:/Users/EMANUELCLEMENTEMARTI/Downloads/sistema hotel/vendor/composer/ClassLoader.php(576): include('C://Users//EMANUE...')
#8 C:/Users/EMANUELCLEMENTEMARTI/Downloads/sistema hotel/vendor/composer/ClassLoader.php(427): {closure:Composer/Autoload/ClassLoader::initializeIncludeClosure():575}('C://Users//EMANUE...')
#9 C:/Users/EMANUELCLEMENTEMARTI/Downloads/sistema hotel/vendor/laravel/framework/src/Illuminate/Filesystem/FilesystemManager.php(257): Composer/Autoload/ClassLoader->loadClass('League//Flysyste...')
#10 C:/Users/EMANUELCLEMENTEMARTI/Downloads/sistema hotel/vendor/laravel/framework/src/Illuminate/Filesystem/FilesystemManager.php(153): Illuminate/Filesystem/FilesystemManager->createS3Driver(Array, 'supabase')
#11 C:/Users/EMANUELCLEMENTEMARTI/Downloads/sistema hotel/vendor/laravel/framework/src/Illuminate/Filesystem/FilesystemManager.php(121): Illuminate/Filesystem/FilesystemManager->resolve('supabase')
#12 C:/Users/EMANUELCLEMENTEMARTI/Downloads/sistema hotel/vendor/laravel/framework/src/Illuminate/Filesystem/FilesystemManager.php(84): Illuminate/Filesystem/FilesystemManager->get('supabase')
#13 C:/Users/EMANUELCLEMENTEMARTI/Downloads/sistema hotel/vendor/laravel/framework/src/Illuminate/Support/Facades/Facade.php(363): Illuminate/Filesystem/FilesystemManager->disk('supabase')
#14 C:/Users/EMANUELCLEMENTEMARTI/Downloads/sistema hotel/vendor/livewire/livewire/src/Features/SupportFileUploads/TemporaryUploadedFile.php(168): Illuminate/Support/Facades/Facade::__callStatic('disk', Array)
#15 C:/Users/EMANUELCLEMENTEMARTI/Downloads/sistema hotel/app/Livewire/ImageManager.php(84): Livewire/Features/SupportFileUploads/TemporaryUploadedFile->storeAs('room', 'room_1_17749832...', Array)
#16 C:/Users/EMANUELCLEMENTEMARTI/Downloads/sistema hotel/vendor/laravel/framework/src/Illuminate/Container/BoundMethod.php(36): App/Livewire/ImageManager->uploadImage()
#17 C:/Users/EMANUELCLEMENTEMARTI/Downloads/sistema hotel/vendor/laravel/framework/src/Illuminate/Container/Util.php(43): Illuminate/Container/BoundMethod::{closure:Illuminate/Container/BoundMethod::call():35}()
#18 C:/Users/EMANUELCLEMENTEMARTI/Downloads/sistema hotel/vendor/laravel/framework/src/Illuminate/Container/BoundMethod.php(96): Illuminate/Container/Util::unwrapIfClosure(Object(Closure))
#19 C:/Users/EMANUELCLEMENTEMARTI/Downloads/sistema hotel/vendor/laravel/framework/src/Illuminate/Container/BoundMethod.php(35): Illuminate/Container/BoundMethod::callBoundMethod(Object(Illuminate/Foundation/Application), Array, Object(Closure))
#20 C:/Users/EMANUELCLEMENTEMARTI/Downloads/sistema hotel/vendor/livewire/livewire/src/Wrapped.php(23): Illuminate/Container/BoundMethod::call(Object(Illuminate/Foundation/Application), Array, Array)
#21 C:/Users/EMANUELCLEMENTEMARTI/Downloads/sistema hotel/vendor/livewire/livewire/src/Mechanisms/HandleComponents/HandleComponents.php(492): Livewire/Wrapped->__call('uploadImage', Array)
#22 C:/Users/EMANUELCLEMENTEMARTI/Downloads/sistema hotel/vendor/livewire/livewire/src/Mechanisms/HandleComponents/HandleComponents.php(101): Livewire/Mechanisms/HandleComponents/HandleComponents->callMethods(Object(App/Livewire/ImageManager), Array, Object(Livewire/Mechanisms/HandleComponents/ComponentContext))
#23 C:/Users/EMANUELCLEMENTEMARTI/Downloads/sistema hotel/vendor/livewire/livewire/src/LivewireManager.php(102): Livewire/Mechanisms/HandleComponents/HandleComponents->update(Array, Array, Array)
#24 C:/Users/EMANUELCLEMENTEMARTI/Downloads/sistema hotel/vendor/livewire/livewire/src/Mechanisms/HandleRequests/HandleRequests.php(131): Livewire/LivewireManager->update(Array, Array, Array)
#25 C:/Users/EMANUELCLEMENTEMARTI/Downloads/sistema hotel/vendor/laravel/framework/src/Illuminate/Routing/ControllerDispatcher.php(46): Livewire/Mechanisms/HandleRequests/HandleRequests->handleUpdate()
#26 C:/Users/EMANUELCLEMENTEMARTI/Downloads/sistema hotel/vendor/laravel/framework/src/Illuminate/Routing/Route.php(265): Illuminate/Routing/ControllerDispatcher->dispatch(Object(Illuminate/Routing/Route), Object(Livewire/Mechanisms/HandleRequests/HandleRequests), 'handleUpdate')
#27 C:/Users/EMANUELCLEMENTEMARTI/Downloads/sistema hotel/vendor/laravel/framework/src/Illuminate/Routing/Route.php(211): Illuminate/Routing/Route->runController()
#28 C:/Users/EMANUELCLEMENTEMARTI/Downloads/sistema hotel/vendor/laravel/framework/src/Illuminate/Routing/Router.php(822): Illuminate/Routing/Route->run()
#29 C:/Users/EMANUELCLEMENTEMARTI/Downloads/sistema hotel/vendor/laravel/framework/src/Illuminate/Pipeline/Pipeline.php(180): Illuminate/Routing/Router->{closure:Illuminate/Routing/Router::runRouteWithinStack():821}(Object(Illuminate/Http/Request))
#30 C:/Users/EMANUELCLEMENTEMARTI/Downloads/sistema hotel/vendor/laravel/framework/src/Illuminate/Routing/Middleware/SubstituteBindings.php(50): Illuminate/Pipeline/Pipeline->{closure:Illuminate/Pipeline/Pipeline::prepareDestination():178}(Object(Illuminate/Http/Request))
#31 C:/Users/EMANUELCLEMENTEMARTI/Downloads/sistema hotel/vendor/laravel/framework/src/Illuminate/Pipeline/Pipeline.php(219): Illuminate/Routing/Middleware/SubstituteBindings->handle(Object(Illuminate/Http/Request), Object(Closure))
#32 C:/Users/EMANUELCLEMENTEMARTI/Downloads/sistema hotel/vendor/laravel/framework/src/Illuminate/Foundation/Http/Middleware/VerifyCsrfToken.php(87): Illuminate/Pipeline/Pipeline->{closure:{closure:Illuminate/Pipeline/Pipeline::carry():194}:195}(Object(Illuminate/Http/Request))
#33 C:/Users/EMANUELCLEMENTEMARTI/Downloads/sistema hotel/vendor/laravel/framework/src/Illuminate/Pipeline/Pipeline.php(219): Illuminate/Foundation/Http/Middleware/VerifyCsrfToken->handle(Object(Illuminate/Http/Request), Object(Closure))
#34 C:/Users/EMANUELCLEMENTEMARTI/Downloads/sistema hotel/vendor/laravel/framework/src/Illuminate/View/Middleware/ShareErrorsFromSession.php(48): Illuminate/Pipeline/Pipeline->{closure:{closure:Illuminate/Pipeline/Pipeline::carry():194}:195}(Object(Illuminate/Http/Request))
#35 C:/Users/EMANUELCLEMENTEMARTI/Downloads/sistema hotel/vendor/laravel/framework/src/Illuminate/Pipeline/Pipeline.php(219): Illuminate/View/Middleware/ShareErrorsFromSession->handle(Object(Illuminate/Http/Request), Object(Closure))
#36 C:/Users/EMANUELCLEMENTEMARTI/Downloads/sistema hotel/vendor/laravel/framework/src/Illuminate/Session/Middleware/StartSession.php(120): Illuminate/Pipeline/Pipeline->{closure:{closure:Illuminate/Pipeline/Pipeline::carry():194}:195}(Object(Illuminate/Http/Request))
#37 C:/Users/EMANUELCLEMENTEMARTI/Downloads/sistema hotel/vendor/laravel/framework/src/Illuminate/Session/Middleware/StartSession.php(63): Illuminate/Session/Middleware/StartSession->handleStatefulRequest(Object(Illuminate/Http/Request), Object(Illuminate/Session/Store), Object(Closure))
#38 C:/Users/EMANUELCLEMENTEMARTI/Downloads/sistema hotel/vendor/laravel/framework/src/Illuminate/Pipeline/Pipeline.php(219): Illuminate/Session/Middleware/StartSession->handle(Object(Illuminate/Http/Request), Object(Closure))
#39 C:/Users/EMANUELCLEMENTEMARTI/Downloads/sistema hotel/vendor/laravel/framework/src/Illuminate/Cookie/Middleware/AddQueuedCookiesToResponse.php(36): Illuminate/Pipeline/Pipeline->{closure:{closure:Illuminate/Pipeline/Pipeline::carry():194}:195}(Object(Illuminate/Http/Request))
#40 C:/Users/EMANUELCLEMENTEMARTI/Downloads/sistema hotel/vendor/laravel/framework/src/Illuminate/Pipeline/Pipeline.php(219): Illuminate/Cookie/Middleware/AddQueuedCookiesToResponse->handle(Object(Illuminate/Http/Request), Object(Closure))
#41 C:/Users/EMANUELCLEMENTEMARTI/Downloads/sistema hotel/vendor/laravel/framework/src/Illuminate/Cookie/Middleware/EncryptCookies.php(74): Illuminate/Pipeline/Pipeline->{closure:{closure:Illuminate/Pipeline/Pipeline::carry():194}:195}(Object(Illuminate/Http/Request))
#42 C:/Users/EMANUELCLEMENTEMARTI/Downloads/sistema hotel/vendor/laravel/framework/src/Illuminate/Pipeline/Pipeline.php(219): Illuminate/Cookie/Middleware/EncryptCookies->handle(Object(Illuminate/Http/Request), Object(Closure))
#43 C:/Users/EMANUELCLEMENTEMARTI/Downloads/sistema hotel/vendor/laravel/framework/src/Illuminate/Pipeline/Pipeline.php(137): Illuminate/Pipeline/Pipeline->{closure:{closure:Illuminate/Pipeline/Pipeline::carry():194}:195}(Object(Illuminate/Http/Request))
#44 C:/Users/EMANUELCLEMENTEMARTI/Downloads/sistema hotel/vendor/laravel/framework/src/Illuminate/Routing/Router.php(821): Illuminate/Pipeline/Pipeline->then(Object(Closure))
#45 C:/Users/EMANUELCLEMENTEMARTI/Downloads/sistema hotel/vendor/laravel/framework/src/Illuminate/Routing/Router.php(800): Illuminate/Routing/Router->runRouteWithinStack(Object(Illuminate/Routing/Route), Object(Illuminate/Http/Request))
#46 C:/Users/EMANUELCLEMENTEMARTI/Downloads/sistema hotel/vendor/laravel/framework/src/Illuminate/Routing/Router.php(764): Illuminate/Routing/Router->runRoute(Object(Illuminate/Http/Request), Object(Illuminate/Routing/Route))
#47 C:/Users/EMANUELCLEMENTEMARTI/Downloads/sistema hotel/vendor/laravel/framework/src/Illuminate/Routing/Router.php(753): Illuminate/Routing/Router->dispatchToRoute(Object(Illuminate/Http/Request))
#48 C:/Users/EMANUELCLEMENTEMARTI/Downloads/sistema hotel/vendor/laravel/framework/src/Illuminate/Foundation/Http/Kernel.php(200): Illuminate/Routing/Router->dispatch(Object(Illuminate/Http/Request))
#49 C:/Users/EMANUELCLEMENTEMARTI/Downloads/sistema hotel/vendor/laravel/framework/src/Illuminate/Pipeline/Pipeline.php(180): Illuminate/Foundation/Http/Kernel->{closure:Illuminate/Foundation/Http/Kernel::dispatchToRouter():197}(Object(Illuminate/Http/Request))
#50 C:/Users/EMANUELCLEMENTEMARTI/Downloads/sistema hotel/vendor/livewire/livewire/src/Features/SupportDisablingBackButtonCache/DisableBackButtonCacheMiddleware.php(19): Illuminate/Pipeline/Pipeline->{closure:Illuminate/Pipeline/Pipeline::prepareDestination():178}(Object(Illuminate/Http/Request))
#51 C:/Users/EMANUELCLEMENTEMARTI/Downloads/sistema hotel/vendor/laravel/framework/src/Illuminate/Pipeline/Pipeline.php(219): Livewire/Features/SupportDisablingBackButtonCache/DisableBackButtonCacheMiddleware->handle(Object(Illuminate/Http/Request), Object(Closure))
#52 C:/Users/EMANUELCLEMENTEMARTI/Downloads/sistema hotel/vendor/laravel/framework/src/Illuminate/Foundation/Http/Middleware/ConvertEmptyStringsToNull.php(27): Illuminate/Pipeline/Pipeline->{closure:{closure:Illuminate/Pipeline/Pipeline::carry():194}:195}(Object(Illuminate/Http/Request))
#53 C:/Users/EMANUELCLEMENTEMARTI/Downloads/sistema hotel/vendor/laravel/framework/src/Illuminate/Pipeline/Pipeline.php(219): Illuminate/Foundation/Http/Middleware/ConvertEmptyStringsToNull->handle(Object(Illuminate/Http/Request), Object(Closure))
#54 C:/Users/EMANUELCLEMENTEMARTI/Downloads/sistema hotel/vendor/laravel/framework/src/Illuminate/Foundation/Http/Middleware/TrimStrings.php(47): Illuminate/Pipeline/Pipeline->{closure:{closure:Illuminate/Pipeline/Pipeline::carry():194}:195}(Object(Illuminate/Http/Request))
#55 C:/Users/EMANUELCLEMENTEMARTI/Downloads/sistema hotel/vendor/laravel/framework/src/Illuminate/Pipeline/Pipeline.php(219): Illuminate/Foundation/Http/Middleware/TrimStrings->handle(Object(Illuminate/Http/Request), Object(Closure))
#56 C:/Users/EMANUELCLEMENTEMARTI/Downloads/sistema hotel/vendor/laravel/framework/src/Illuminate/Http/Middleware/ValidatePostSize.php(27): Illuminate/Pipeline/Pipeline->{closure:{closure:Illuminate/Pipeline/Pipeline::carry():194}:195}(Object(Illuminate/Http/Request))
#57 C:/Users/EMANUELCLEMENTEMARTI/Downloads/sistema hotel/vendor/laravel/framework/src/Illuminate/Pipeline/Pipeline.php(219): Illuminate/Http/Middleware/ValidatePostSize->handle(Object(Illuminate/Http/Request), Object(Closure))
#58 C:/Users/EMANUELCLEMENTEMARTI/Downloads/sistema hotel/vendor/laravel/framework/src/Illuminate/Foundation/Http/Middleware/PreventRequestsDuringMaintenance.php(109): Illuminate/Pipeline/Pipeline->{closure:{closure:Illuminate/Pipeline/Pipeline::carry():194}:195}(Object(Illuminate/Http/Request))
#59 C:/Users/EMANUELCLEMENTEMARTI/Downloads/sistema hotel/vendor/laravel/framework/src/Illuminate/Pipeline/Pipeline.php(219): Illuminate/Foundation/Http/Middleware/PreventRequestsDuringMaintenance->handle(Object(Illuminate/Http/Request), Object(Closure))
#60 C:/Users/EMANUELCLEMENTEMARTI/Downloads/sistema hotel/vendor/laravel/framework/src/Illuminate/Http/Middleware/HandleCors.php(61): Illuminate/Pipeline/Pipeline->{closure:{closure:Illuminate/Pipeline/Pipeline::carry():194}:195}(Object(Illuminate/Http/Request))
#61 C:/Users/EMANUELCLEMENTEMARTI/Downloads/sistema hotel/vendor/laravel/framework/src/Illuminate/Pipeline/Pipeline.php(219): Illuminate/Http/Middleware/HandleCors->handle(Object(Illuminate/Http/Request), Object(Closure))
#62 C:/Users/EMANUELCLEMENTEMARTI/Downloads/sistema hotel/vendor/laravel/framework/src/Illuminate/Http/Middleware/TrustProxies.php(58): Illuminate/Pipeline/Pipeline->{closure:{closure:Illuminate/Pipeline/Pipeline::carry():194}:195}(Object(Illuminate/Http/Request))
#63 C:/Users/EMANUELCLEMENTEMARTI/Downloads/sistema hotel/vendor/laravel/framework/src/Illuminate/Pipeline/Pipeline.php(219): Illuminate/Http/Middleware/TrustProxies->handle(Object(Illuminate/Http/Request), Object(Closure))
#64 C:/Users/EMANUELCLEMENTEMARTI/Downloads/sistema hotel/vendor/laravel/framework/src/Illuminate/Foundation/Http/Middleware/InvokeDeferredCallbacks.php(22): Illuminate/Pipeline/Pipeline->{closure:{closure:Illuminate/Pipeline/Pipeline::carry():194}:195}(Object(Illuminate/Http/Request))
#65 C:/Users/EMANUELCLEMENTEMARTI/Downloads/sistema hotel/vendor/laravel/framework/src/Illuminate/Pipeline/Pipeline.php(219): Illuminate/Foundation/Http/Middleware/InvokeDeferredCallbacks->handle(Object(Illuminate/Http/Request), Object(Closure))
#66 C:/Users/EMANUELCLEMENTEMARTI/Downloads/sistema hotel/vendor/laravel/framework/src/Illuminate/Http/Middleware/ValidatePathEncoding.php(26): Illuminate/Pipeline/Pipeline->{closure:{closure:Illuminate/Pipeline/Pipeline::carry():194}:195}(Object(Illuminate/Http/Request))
#67 C:/Users/EMANUELCLEMENTEMARTI/Downloads/sistema hotel/vendor/laravel/framework/src/Illuminate/Pipeline/Pipeline.php(219): Illuminate/Http/Middleware/ValidatePathEncoding->handle(Object(Illuminate/Http/Request), Object(Closure))
#68 C:/Users/EMANUELCLEMENTEMARTI/Downloads/sistema hotel/vendor/laravel/framework/src/Illuminate/Pipeline/Pipeline.php(137): Illuminate/Pipeline/Pipeline->{closure:{closure:Illuminate/Pipeline/Pipeline::carry():194}:195}(Object(Illuminate/Http/Request))
#69 C:/Users/EMANUELCLEMENTEMARTI/Downloads/sistema hotel/vendor/laravel/framework/src/Illuminate/Foundation/Http/Kernel.php(175): Illuminate/Pipeline/Pipeline->then(Object(Closure))
#70 C:/Users/EMANUELCLEMENTEMARTI/Downloads/sistema hotel/vendor/laravel/framework/src/Illuminate/Foundation/Http/Kernel.php(144): Illuminate/Foundation/Http/Kernel->sendRequestThroughRouter(Object(Illuminate/Http/Request))
#71 C:/Users/EMANUELCLEMENTEMARTI/Downloads/sistema hotel/vendor/laravel/framework/src/Illuminate/Foundation/Application.php(1220): Illuminate/Foundation/Http/Kernel->handle(Object(Illuminate/Http/Request))
#72 C:/Users/EMANUELCLEMENTEMARTI/Downloads/sistema hotel/public/index.php(17): Illuminate/Foundation/Application->handleRequest(Object(Illuminate/Http/Request))
#73 C:/Users/EMANUELCLEMENTEMARTI/Downloads/sistema hotel/vendor/laravel/framework/src/Illuminate/Foundation/resources/server.php(23): require_once('C://Users//EMANUE...')
#74 {main}
"} 
[2026-03-31 18:54:33] laravel.WARNING: League\Flysystem\AwsS3V3\AwsS3V3Adapter::__construct(): Implicitly marking parameter $mimeTypeDetector as nullable is deprecated, the explicit nullable type must be used instead in C:\Users\EMANUELCLEMENTEMARTI\Downloads\sistema hotel\vendor\league\flysystem-aws-s3-v3\AwsS3V3Adapter.php on line 0  
[2026-03-31 18:54:33] laravel.EMERGENCY: Unable to create configured logger. Using emergency logger. {"exception":"[object] (InvalidArgumentException(code: 0): Driver [null] is not supported. at C:/Users/EMANUELCLEMENTEMARTI/Downloads/sistema hotel/vendor/laravel/framework/src/Illuminate/Log/LogManager.php:235)
[stacktrace]
#0 C:/Users/EMANUELCLEMENTEMARTI/Downloads/sistema hotel/vendor/laravel/framework/src/Illuminate/Log/LogManager.php(138): Illuminate/Log/LogManager->resolve('deprecations', Array)
#1 C:/Users/EMANUELCLEMENTEMARTI/Downloads/sistema hotel/vendor/laravel/framework/src/Illuminate/Log/LogManager.php(125): Illuminate/Log/LogManager->get('deprecations')
#2 C:/Users/EMANUELCLEMENTEMARTI/Downloads/sistema hotel/vendor/laravel/framework/src/Illuminate/Log/LogManager.php(114): Illuminate/Log/LogManager->driver('deprecations')
#3 C:/Users/EMANUELCLEMENTEMARTI/Downloads/sistema hotel/vendor/laravel/framework/src/Illuminate/Foundation/Bootstrap/HandleExceptions.php(105): Illuminate/Log/LogManager->channel('deprecations')
#4 C:/Users/EMANUELCLEMENTEMARTI/Downloads/sistema hotel/vendor/laravel/framework/src/Illuminate/Foundation/Bootstrap/HandleExceptions.php(74): Illuminate/Foundation/Bootstrap/HandleExceptions->handleDeprecationError('League//Flysyste...', 'C://Users//EMANUE...', 295, 8192)
#5 C:/Users/EMANUELCLEMENTEMARTI/Downloads/sistema hotel/vendor/laravel/framework/src/Illuminate/Foundation/Bootstrap/HandleExceptions.php(258): Illuminate/Foundation/Bootstrap/HandleExceptions->handleError(8192, 'League//Flysyste...', 'C://Users//EMANUE...', 295)
#6 C:/Users/EMANUELCLEMENTEMARTI/Downloads/sistema hotel/vendor/composer/ClassLoader.php(576): Illuminate/Foundation/Bootstrap/HandleExceptions->{closure:Illuminate/Foundation/Bootstrap/HandleExceptions::forwardsTo():257}(8192, 'League//Flysyste...', 'C://Users//EMANUE...', 295)
#7 C:/Users/EMANUELCLEMENTEMARTI/Downloads/sistema hotel/vendor/composer/ClassLoader.php(576): include('C://Users//EMANUE...')
#8 C:/Users/EMANUELCLEMENTEMARTI/Downloads/sistema hotel/vendor/composer/ClassLoader.php(427): {closure:Composer/Autoload/ClassLoader::initializeIncludeClosure():575}('C://Users//EMANUE...')
#9 C:/Users/EMANUELCLEMENTEMARTI/Downloads/sistema hotel/vendor/laravel/framework/src/Illuminate/Filesystem/FilesystemManager.php(257): Composer/Autoload/ClassLoader->loadClass('League//Flysyste...')
#10 C:/Users/EMANUELCLEMENTEMARTI/Downloads/sistema hotel/vendor/laravel/framework/src/Illuminate/Filesystem/FilesystemManager.php(153): Illuminate/Filesystem/FilesystemManager->createS3Driver(Array, 'supabase')
#11 C:/Users/EMANUELCLEMENTEMARTI/Downloads/sistema hotel/vendor/laravel/framework/src/Illuminate/Filesystem/FilesystemManager.php(121): Illuminate/Filesystem/FilesystemManager->resolve('supabase')
#12 C:/Users/EMANUELCLEMENTEMARTI/Downloads/sistema hotel/vendor/laravel/framework/src/Illuminate/Filesystem/FilesystemManager.php(84): Illuminate/Filesystem/FilesystemManager->get('supabase')
#13 C:/Users/EMANUELCLEMENTEMARTI/Downloads/sistema hotel/vendor/laravel/framework/src/Illuminate/Support/Facades/Facade.php(363): Illuminate/Filesystem/FilesystemManager->disk('supabase')
#14 C:/Users/EMANUELCLEMENTEMARTI/Downloads/sistema hotel/vendor/livewire/livewire/src/Features/SupportFileUploads/TemporaryUploadedFile.php(168): Illuminate/Support/Facades/Facade::__callStatic('disk', Array)
#15 C:/Users/EMANUELCLEMENTEMARTI/Downloads/sistema hotel/app/Livewire/ImageManager.php(84): Livewire/Features/SupportFileUploads/TemporaryUploadedFile->storeAs('room', 'room_1_17749832...', Array)
#16 C:/Users/EMANUELCLEMENTEMARTI/Downloads/sistema hotel/vendor/laravel/framework/src/Illuminate/Container/BoundMethod.php(36): App/Livewire/ImageManager->uploadImage()
#17 C:/Users/EMANUELCLEMENTEMARTI/Downloads/sistema hotel/vendor/laravel/framework/src/Illuminate/Container/Util.php(43): Illuminate/Container/BoundMethod::{closure:Illuminate/Container/BoundMethod::call():35}()
#18 C:/Users/EMANUELCLEMENTEMARTI/Downloads/sistema hotel/vendor/laravel/framework/src/Illuminate/Container/BoundMethod.php(96): Illuminate/Container/Util::unwrapIfClosure(Object(Closure))
#19 C:/Users/EMANUELCLEMENTEMARTI/Downloads/sistema hotel/vendor/laravel/framework/src/Illuminate/Container/BoundMethod.php(35): Illuminate/Container/BoundMethod::callBoundMethod(Object(Illuminate/Foundation/Application), Array, Object(Closure))
#20 C:/Users/EMANUELCLEMENTEMARTI/Downloads/sistema hotel/vendor/livewire/livewire/src/Wrapped.php(23): Illuminate/Container/BoundMethod::call(Object(Illuminate/Foundation/Application), Array, Array)
#21 C:/Users/EMANUELCLEMENTEMARTI/Downloads/sistema hotel/vendor/livewire/livewire/src/Mechanisms/HandleComponents/HandleComponents.php(492): Livewire/Wrapped->__call('uploadImage', Array)
#22 C:/Users/EMANUELCLEMENTEMARTI/Downloads/sistema hotel/vendor/livewire/livewire/src/Mechanisms/HandleComponents/HandleComponents.php(101): Livewire/Mechanisms/HandleComponents/HandleComponents->callMethods(Object(App/Livewire/ImageManager), Array, Object(Livewire/Mechanisms/HandleComponents/ComponentContext))
#23 C:/Users/EMANUELCLEMENTEMARTI/Downloads/sistema hotel/vendor/livewire/livewire/src/LivewireManager.php(102): Livewire/Mechanisms/HandleComponents/HandleComponents->update(Array, Array, Array)
#24 C:/Users/EMANUELCLEMENTEMARTI/Downloads/sistema hotel/vendor/livewire/livewire/src/Mechanisms/HandleRequests/HandleRequests.php(131): Livewire/LivewireManager->update(Array, Array, Array)
#25 C:/Users/EMANUELCLEMENTEMARTI/Downloads/sistema hotel/vendor/laravel/framework/src/Illuminate/Routing/ControllerDispatcher.php(46): Livewire/Mechanisms/HandleRequests/HandleRequests->handleUpdate()
#26 C:/Users/EMANUELCLEMENTEMARTI/Downloads/sistema hotel/vendor/laravel/framework/src/Illuminate/Routing/Route.php(265): Illuminate/Routing/ControllerDispatcher->dispatch(Object(Illuminate/Routing/Route), Object(Livewire/Mechanisms/HandleRequests/HandleRequests), 'handleUpdate')
#27 C:/Users/EMANUELCLEMENTEMARTI/Downloads/sistema hotel/vendor/laravel/framework/src/Illuminate/Routing/Route.php(211): Illuminate/Routing/Route->runController()
#28 C:/Users/EMANUELCLEMENTEMARTI/Downloads/sistema hotel/vendor/laravel/framework/src/Illuminate/Routing/Router.php(822): Illuminate/Routing/Route->run()
#29 C:/Users/EMANUELCLEMENTEMARTI/Downloads/sistema hotel/vendor/laravel/framework/src/Illuminate/Pipeline/Pipeline.php(180): Illuminate/Routing/Router->{closure:Illuminate/Routing/Router::runRouteWithinStack():821}(Object(Illuminate/Http/Request))
#30 C:/Users/EMANUELCLEMENTEMARTI/Downloads/sistema hotel/vendor/laravel/framework/src/Illuminate/Routing/Middleware/SubstituteBindings.php(50): Illuminate/Pipeline/Pipeline->{closure:Illuminate/Pipeline/Pipeline::prepareDestination():178}(Object(Illuminate/Http/Request))
#31 C:/Users/EMANUELCLEMENTEMARTI/Downloads/sistema hotel/vendor/laravel/framework/src/Illuminate/Pipeline/Pipeline.php(219): Illuminate/Routing/Middleware/SubstituteBindings->handle(Object(Illuminate/Http/Request), Object(Closure))
#32 C:/Users/EMANUELCLEMENTEMARTI/Downloads/sistema hotel/vendor/laravel/framework/src/Illuminate/Foundation/Http/Middleware/VerifyCsrfToken.php(87): Illuminate/Pipeline/Pipeline->{closure:{closure:Illuminate/Pipeline/Pipeline::carry():194}:195}(Object(Illuminate/Http/Request))
#33 C:/Users/EMANUELCLEMENTEMARTI/Downloads/sistema hotel/vendor/laravel/framework/src/Illuminate/Pipeline/Pipeline.php(219): Illuminate/Foundation/Http/Middleware/VerifyCsrfToken->handle(Object(Illuminate/Http/Request), Object(Closure))
#34 C:/Users/EMANUELCLEMENTEMARTI/Downloads/sistema hotel/vendor/laravel/framework/src/Illuminate/View/Middleware/ShareErrorsFromSession.php(48): Illuminate/Pipeline/Pipeline->{closure:{closure:Illuminate/Pipeline/Pipeline::carry():194}:195}(Object(Illuminate/Http/Request))
#35 C:/Users/EMANUELCLEMENTEMARTI/Downloads/sistema hotel/vendor/laravel/framework/src/Illuminate/Pipeline/Pipeline.php(219): Illuminate/View/Middleware/ShareErrorsFromSession->handle(Object(Illuminate/Http/Request), Object(Closure))
#36 C:/Users/EMANUELCLEMENTEMARTI/Downloads/sistema hotel/vendor/laravel/framework/src/Illuminate/Session/Middleware/StartSession.php(120): Illuminate/Pipeline/Pipeline->{closure:{closure:Illuminate/Pipeline/Pipeline::carry():194}:195}(Object(Illuminate/Http/Request))
#37 C:/Users/EMANUELCLEMENTEMARTI/Downloads/sistema hotel/vendor/laravel/framework/src/Illuminate/Session/Middleware/StartSession.php(63): Illuminate/Session/Middleware/StartSession->handleStatefulRequest(Object(Illuminate/Http/Request), Object(Illuminate/Session/Store), Object(Closure))
#38 C:/Users/EMANUELCLEMENTEMARTI/Downloads/sistema hotel/vendor/laravel/framework/src/Illuminate/Pipeline/Pipeline.php(219): Illuminate/Session/Middleware/StartSession->handle(Object(Illuminate/Http/Request), Object(Closure))
#39 C:/Users/EMANUELCLEMENTEMARTI/Downloads/sistema hotel/vendor/laravel/framework/src/Illuminate/Cookie/Middleware/AddQueuedCookiesToResponse.php(36): Illuminate/Pipeline/Pipeline->{closure:{closure:Illuminate/Pipeline/Pipeline::carry():194}:195}(Object(Illuminate/Http/Request))
#40 C:/Users/EMANUELCLEMENTEMARTI/Downloads/sistema hotel/vendor/laravel/framework/src/Illuminate/Pipeline/Pipeline.php(219): Illuminate/Cookie/Middleware/AddQueuedCookiesToResponse->handle(Object(Illuminate/Http/Request), Object(Closure))
#41 C:/Users/EMANUELCLEMENTEMARTI/Downloads/sistema hotel/vendor/laravel/framework/src/Illuminate/Cookie/Middleware/EncryptCookies.php(74): Illuminate/Pipeline/Pipeline->{closure:{closure:Illuminate/Pipeline/Pipeline::carry():194}:195}(Object(Illuminate/Http/Request))
#42 C:/Users/EMANUELCLEMENTEMARTI/Downloads/sistema hotel/vendor/laravel/framework/src/Illuminate/Pipeline/Pipeline.php(219): Illuminate/Cookie/Middleware/EncryptCookies->handle(Object(Illuminate/Http/Request), Object(Closure))
#43 C:/Users/EMANUELCLEMENTEMARTI/Downloads/sistema hotel/vendor/laravel/framework/src/Illuminate/Pipeline/Pipeline.php(137): Illuminate/Pipeline/Pipeline->{closure:{closure:Illuminate/Pipeline/Pipeline::carry():194}:195}(Object(Illuminate/Http/Request))
#44 C:/Users/EMANUELCLEMENTEMARTI/Downloads/sistema hotel/vendor/laravel/framework/src/Illuminate/Routing/Router.php(821): Illuminate/Pipeline/Pipeline->then(Object(Closure))
#45 C:/Users/EMANUELCLEMENTEMARTI/Downloads/sistema hotel/vendor/laravel/framework/src/Illuminate/Routing/Router.php(800): Illuminate/Routing/Router->runRouteWithinStack(Object(Illuminate/Routing/Route), Object(Illuminate/Http/Request))
#46 C:/Users/EMANUELCLEMENTEMARTI/Downloads/sistema hotel/vendor/laravel/framework/src/Illuminate/Routing/Router.php(764): Illuminate/Routing/Router->runRoute(Object(Illuminate/Http/Request), Object(Illuminate/Routing/Route))
#47 C:/Users/EMANUELCLEMENTEMARTI/Downloads/sistema hotel/vendor/laravel/framework/src/Illuminate/Routing/Router.php(753): Illuminate/Routing/Router->dispatchToRoute(Object(Illuminate/Http/Request))
#48 C:/Users/EMANUELCLEMENTEMARTI/Downloads/sistema hotel/vendor/laravel/framework/src/Illuminate/Foundation/Http/Kernel.php(200): Illuminate/Routing/Router->dispatch(Object(Illuminate/Http/Request))
#49 C:/Users/EMANUELCLEMENTEMARTI/Downloads/sistema hotel/vendor/laravel/framework/src/Illuminate/Pipeline/Pipeline.php(180): Illuminate/Foundation/Http/Kernel->{closure:Illuminate/Foundation/Http/Kernel::dispatchToRouter():197}(Object(Illuminate/Http/Request))
#50 C:/Users/EMANUELCLEMENTEMARTI/Downloads/sistema hotel/vendor/livewire/livewire/src/Features/SupportDisablingBackButtonCache/DisableBackButtonCacheMiddleware.php(19): Illuminate/Pipeline/Pipeline->{closure:Illuminate/Pipeline/Pipeline::prepareDestination():178}(Object(Illuminate/Http/Request))
#51 C:/Users/EMANUELCLEMENTEMARTI/Downloads/sistema hotel/vendor/laravel/framework/src/Illuminate/Pipeline/Pipeline.php(219): Livewire/Features/SupportDisablingBackButtonCache/DisableBackButtonCacheMiddleware->handle(Object(Illuminate/Http/Request), Object(Closure))
#52 C:/Users/EMANUELCLEMENTEMARTI/Downloads/sistema hotel/vendor/laravel/framework/src/Illuminate/Foundation/Http/Middleware/ConvertEmptyStringsToNull.php(27): Illuminate/Pipeline/Pipeline->{closure:{closure:Illuminate/Pipeline/Pipeline::carry():194}:195}(Object(Illuminate/Http/Request))
#53 C:/Users/EMANUELCLEMENTEMARTI/Downloads/sistema hotel/vendor/laravel/framework/src/Illuminate/Pipeline/Pipeline.php(219): Illuminate/Foundation/Http/Middleware/ConvertEmptyStringsToNull->handle(Object(Illuminate/Http/Request), Object(Closure))
#54 C:/Users/EMANUELCLEMENTEMARTI/Downloads/sistema hotel/vendor/laravel/framework/src/Illuminate/Foundation/Http/Middleware/TrimStrings.php(47): Illuminate/Pipeline/Pipeline->{closure:{closure:Illuminate/Pipeline/Pipeline::carry():194}:195}(Object(Illuminate/Http/Request))
#55 C:/Users/EMANUELCLEMENTEMARTI/Downloads/sistema hotel/vendor/laravel/framework/src/Illuminate/Pipeline/Pipeline.php(219): Illuminate/Foundation/Http/Middleware/TrimStrings->handle(Object(Illuminate/Http/Request), Object(Closure))
#56 C:/Users/EMANUELCLEMENTEMARTI/Downloads/sistema hotel/vendor/laravel/framework/src/Illuminate/Http/Middleware/ValidatePostSize.php(27): Illuminate/Pipeline/Pipeline->{closure:{closure:Illuminate/Pipeline/Pipeline::carry():194}:195}(Object(Illuminate/Http/Request))
#57 C:/Users/EMANUELCLEMENTEMARTI/Downloads/sistema hotel/vendor/laravel/framework/src/Illuminate/Pipeline/Pipeline.php(219): Illuminate/Http/Middleware/ValidatePostSize->handle(Object(Illuminate/Http/Request), Object(Closure))
#58 C:/Users/EMANUELCLEMENTEMARTI/Downloads/sistema hotel/vendor/laravel/framework/src/Illuminate/Foundation/Http/Middleware/PreventRequestsDuringMaintenance.php(109): Illuminate/Pipeline/Pipeline->{closure:{closure:Illuminate/Pipeline/Pipeline::carry():194}:195}(Object(Illuminate/Http/Request))
#59 C:/Users/EMANUELCLEMENTEMARTI/Downloads/sistema hotel/vendor/laravel/framework/src/Illuminate/Pipeline/Pipeline.php(219): Illuminate/Foundation/Http/Middleware/PreventRequestsDuringMaintenance->handle(Object(Illuminate/Http/Request), Object(Closure))
#60 C:/Users/EMANUELCLEMENTEMARTI/Downloads/sistema hotel/vendor/laravel/framework/src/Illuminate/Http/Middleware/HandleCors.php(61): Illuminate/Pipeline/Pipeline->{closure:{closure:Illuminate/Pipeline/Pipeline::carry():194}:195}(Object(Illuminate/Http/Request))
#61 C:/Users/EMANUELCLEMENTEMARTI/Downloads/sistema hotel/vendor/laravel/framework/src/Illuminate/Pipeline/Pipeline.php(219): Illuminate/Http/Middleware/HandleCors->handle(Object(Illuminate/Http/Request), Object(Closure))
#62 C:/Users/EMANUELCLEMENTEMARTI/Downloads/sistema hotel/vendor/laravel/framework/src/Illuminate/Http/Middleware/TrustProxies.php(58): Illuminate/Pipeline/Pipeline->{closure:{closure:Illuminate/Pipeline/Pipeline::carry():194}:195}(Object(Illuminate/Http/Request))
#63 C:/Users/EMANUELCLEMENTEMARTI/Downloads/sistema hotel/vendor/laravel/framework/src/Illuminate/Pipeline/Pipeline.php(219): Illuminate/Http/Middleware/TrustProxies->handle(Object(Illuminate/Http/Request), Object(Closure))
#64 C:/Users/EMANUELCLEMENTEMARTI/Downloads/sistema hotel/vendor/laravel/framework/src/Illuminate/Foundation/Http/Middleware/InvokeDeferredCallbacks.php(22): Illuminate/Pipeline/Pipeline->{closure:{closure:Illuminate/Pipeline/Pipeline::carry():194}:195}(Object(Illuminate/Http/Request))
#65 C:/Users/EMANUELCLEMENTEMARTI/Downloads/sistema hotel/vendor/laravel/framework/src/Illuminate/Pipeline/Pipeline.php(219): Illuminate/Foundation/Http/Middleware/InvokeDeferredCallbacks->handle(Object(Illuminate/Http/Request), Object(Closure))
#66 C:/Users/EMANUELCLEMENTEMARTI/Downloads/sistema hotel/vendor/laravel/framework/src/Illuminate/Http/Middleware/ValidatePathEncoding.php(26): Illuminate/Pipeline/Pipeline->{closure:{closure:Illuminate/Pipeline/Pipeline::carry():194}:195}(Object(Illuminate/Http/Request))
#67 C:/Users/EMANUELCLEMENTEMARTI/Downloads/sistema hotel/vendor/laravel/framework/src/Illuminate/Pipeline/Pipeline.php(219): Illuminate/Http/Middleware/ValidatePathEncoding->handle(Object(Illuminate/Http/Request), Object(Closure))
#68 C:/Users/EMANUELCLEMENTEMARTI/Downloads/sistema hotel/vendor/laravel/framework/src/Illuminate/Pipeline/Pipeline.php(137): Illuminate/Pipeline/Pipeline->{closure:{closure:Illuminate/Pipeline/Pipeline::carry():194}:195}(Object(Illuminate/Http/Request))
#69 C:/Users/EMANUELCLEMENTEMARTI/Downloads/sistema hotel/vendor/laravel/framework/src/Illuminate/Foundation/Http/Kernel.php(175): Illuminate/Pipeline/Pipeline->then(Object(Closure))
#70 C:/Users/EMANUELCLEMENTEMARTI/Downloads/sistema hotel/vendor/laravel/framework/src/Illuminate/Foundation/Http/Kernel.php(144): Illuminate/Foundation/Http/Kernel->sendRequestThroughRouter(Object(Illuminate/Http/Request))
#71 C:/Users/EMANUELCLEMENTEMARTI/Downloads/sistema hotel/vendor/laravel/framework/src/Illuminate/Foundation/Application.php(1220): Illuminate/Foundation/Http/Kernel->handle(Object(Illuminate/Http/Request))
#72 C:/Users/EMANUELCLEMENTEMARTI/Downloads/sistema hotel/public/index.php(17): Illuminate/Foundation/Application->handleRequest(Object(Illuminate/Http/Request))
#73 C:/Users/EMANUELCLEMENTEMARTI/Downloads/sistema hotel/vendor/laravel/framework/src/Illuminate/Foundation/resources/server.php(23): require_once('C://Users//EMANUE...')
#74 {main}
"} 
[2026-03-31 18:54:33] laravel.WARNING: League\Flysystem\AwsS3V3\AwsS3V3Adapter::mapS3ObjectMetadata(): Implicitly marking parameter $path as nullable is deprecated, the explicit nullable type must be used instead in C:\Users\EMANUELCLEMENTEMARTI\Downloads\sistema hotel\vendor\league\flysystem-aws-s3-v3\AwsS3V3Adapter.php on line 295  
[2026-03-31 19:02:20] laravel.EMERGENCY: Unable to create configured logger. Using emergency logger. {"exception":"[object] (InvalidArgumentException(code: 0): Driver [null] is not supported. at C:/Users/EMANUELCLEMENTEMARTI/Downloads/sistema hotel/vendor/laravel/framework/src/Illuminate/Log/LogManager.php:235)
[stacktrace]
#0 C:/Users/EMANUELCLEMENTEMARTI/Downloads/sistema hotel/vendor/laravel/framework/src/Illuminate/Log/LogManager.php(138): Illuminate/Log/LogManager->resolve('deprecations', Array)
#1 C:/Users/EMANUELCLEMENTEMARTI/Downloads/sistema hotel/vendor/laravel/framework/src/Illuminate/Log/LogManager.php(125): Illuminate/Log/LogManager->get('deprecations')
#2 C:/Users/EMANUELCLEMENTEMARTI/Downloads/sistema hotel/vendor/laravel/framework/src/Illuminate/Log/LogManager.php(114): Illuminate/Log/LogManager->driver('deprecations')
#3 C:/Users/EMANUELCLEMENTEMARTI/Downloads/sistema hotel/vendor/laravel/framework/src/Illuminate/Foundation/Bootstrap/HandleExceptions.php(105): Illuminate/Log/LogManager->channel('deprecations')
#4 C:/Users/EMANUELCLEMENTEMARTI/Downloads/sistema hotel/vendor/laravel/framework/src/Illuminate/Foundation/Bootstrap/HandleExceptions.php(74): Illuminate/Foundation/Bootstrap/HandleExceptions->handleDeprecationError('League//Flysyste...', 'C://Users//EMANUE...', 108, 8192)
#5 C:/Users/EMANUELCLEMENTEMARTI/Downloads/sistema hotel/vendor/laravel/framework/src/Illuminate/Foundation/Bootstrap/HandleExceptions.php(258): Illuminate/Foundation/Bootstrap/HandleExceptions->handleError(8192, 'League//Flysyste...', 'C://Users//EMANUE...', 108)
#6 C:/Users/EMANUELCLEMENTEMARTI/Downloads/sistema hotel/vendor/composer/ClassLoader.php(576): Illuminate/Foundation/Bootstrap/HandleExceptions->{closure:Illuminate/Foundation/Bootstrap/HandleExceptions::forwardsTo():257}(8192, 'League//Flysyste...', 'C://Users//EMANUE...', 108)
#7 C:/Users/EMANUELCLEMENTEMARTI/Downloads/sistema hotel/vendor/composer/ClassLoader.php(576): include('C://Users//EMANUE...')
#8 C:/Users/EMANUELCLEMENTEMARTI/Downloads/sistema hotel/vendor/composer/ClassLoader.php(427): {closure:Composer/Autoload/ClassLoader::initializeIncludeClosure():575}('C://Users//EMANUE...')
#9 C:/Users/EMANUELCLEMENTEMARTI/Downloads/sistema hotel/vendor/laravel/framework/src/Illuminate/Filesystem/FilesystemManager.php(257): Composer/Autoload/ClassLoader->loadClass('League//Flysyste...')
#10 C:/Users/EMANUELCLEMENTEMARTI/Downloads/sistema hotel/vendor/laravel/framework/src/Illuminate/Filesystem/FilesystemManager.php(153): Illuminate/Filesystem/FilesystemManager->createS3Driver(Array, 'supabase')
#11 C:/Users/EMANUELCLEMENTEMARTI/Downloads/sistema hotel/vendor/laravel/framework/src/Illuminate/Filesystem/FilesystemManager.php(121): Illuminate/Filesystem/FilesystemManager->resolve('supabase')
#12 C:/Users/EMANUELCLEMENTEMARTI/Downloads/sistema hotel/vendor/laravel/framework/src/Illuminate/Filesystem/FilesystemManager.php(84): Illuminate/Filesystem/FilesystemManager->get('supabase')
#13 C:/Users/EMANUELCLEMENTEMARTI/Downloads/sistema hotel/vendor/laravel/framework/src/Illuminate/Support/Facades/Facade.php(363): Illuminate/Filesystem/FilesystemManager->disk('supabase')
#14 C:/Users/EMANUELCLEMENTEMARTI/Downloads/sistema hotel/vendor/livewire/livewire/src/Features/SupportFileUploads/TemporaryUploadedFile.php(168): Illuminate/Support/Facades/Facade::__callStatic('disk', Array)
#15 C:/Users/EMANUELCLEMENTEMARTI/Downloads/sistema hotel/app/Livewire/ImageManager.php(84): Livewire/Features/SupportFileUploads/TemporaryUploadedFile->storeAs('room', 'room_1_17749837...', Array)
#16 C:/Users/EMANUELCLEMENTEMARTI/Downloads/sistema hotel/vendor/laravel/framework/src/Illuminate/Container/BoundMethod.php(36): App/Livewire/ImageManager->uploadImage()
#17 C:/Users/EMANUELCLEMENTEMARTI/Downloads/sistema hotel/vendor/laravel/framework/src/Illuminate/Container/Util.php(43): Illuminate/Container/BoundMethod::{closure:Illuminate/Container/BoundMethod::call():35}()
#18 C:/Users/EMANUELCLEMENTEMARTI/Downloads/sistema hotel/vendor/laravel/framework/src/Illuminate/Container/BoundMethod.php(96): Illuminate/Container/Util::unwrapIfClosure(Object(Closure))
#19 C:/Users/EMANUELCLEMENTEMARTI/Downloads/sistema hotel/vendor/laravel/framework/src/Illuminate/Container/BoundMethod.php(35): Illuminate/Container/BoundMethod::callBoundMethod(Object(Illuminate/Foundation/Application), Array, Object(Closure))
#20 C:/Users/EMANUELCLEMENTEMARTI/Downloads/sistema hotel/vendor/livewire/livewire/src/Wrapped.php(23): Illuminate/Container/BoundMethod::call(Object(Illuminate/Foundation/Application), Array, Array)
#21 C:/Users/EMANUELCLEMENTEMARTI/Downloads/sistema hotel/vendor/livewire/livewire/src/Mechanisms/HandleComponents/HandleComponents.php(492): Livewire/Wrapped->__call('uploadImage', Array)
#22 C:/Users/EMANUELCLEMENTEMARTI/Downloads/sistema hotel/vendor/livewire/livewire/src/Mechanisms/HandleComponents/HandleComponents.php(101): Livewire/Mechanisms/HandleComponents/HandleComponents->callMethods(Object(App/Livewire/ImageManager), Array, Object(Livewire/Mechanisms/HandleComponents/ComponentContext))
#23 C:/Users/EMANUELCLEMENTEMARTI/Downloads/sistema hotel/vendor/livewire/livewire/src/LivewireManager.php(102): Livewire/Mechanisms/HandleComponents/HandleComponents->update(Array, Array, Array)
#24 C:/Users/EMANUELCLEMENTEMARTI/Downloads/sistema hotel/vendor/livewire/livewire/src/Mechanisms/HandleRequests/HandleRequests.php(131): Livewire/LivewireManager->update(Array, Array, Array)
#25 C:/Users/EMANUELCLEMENTEMARTI/Downloads/sistema hotel/vendor/laravel/framework/src/Illuminate/Routing/ControllerDispatcher.php(46): Livewire/Mechanisms/HandleRequests/HandleRequests->handleUpdate()
#26 C:/Users/EMANUELCLEMENTEMARTI/Downloads/sistema hotel/vendor/laravel/framework/src/Illuminate/Routing/Route.php(265): Illuminate/Routing/ControllerDispatcher->dispatch(Object(Illuminate/Routing/Route), Object(Livewire/Mechanisms/HandleRequests/HandleRequests), 'handleUpdate')
#27 C:/Users/EMANUELCLEMENTEMARTI/Downloads/sistema hotel/vendor/laravel/framework/src/Illuminate/Routing/Route.php(211): Illuminate/Routing/Route->runController()
#28 C:/Users/EMANUELCLEMENTEMARTI/Downloads/sistema hotel/vendor/laravel/framework/src/Illuminate/Routing/Router.php(822): Illuminate/Routing/Route->run()
#29 C:/Users/EMANUELCLEMENTEMARTI/Downloads/sistema hotel/vendor/laravel/framework/src/Illuminate/Pipeline/Pipeline.php(180): Illuminate/Routing/Router->{closure:Illuminate/Routing/Router::runRouteWithinStack():821}(Object(Illuminate/Http/Request))
#30 C:/Users/EMANUELCLEMENTEMARTI/Downloads/sistema hotel/vendor/laravel/framework/src/Illuminate/Routing/Middleware/SubstituteBindings.php(50): Illuminate/Pipeline/Pipeline->{closure:Illuminate/Pipeline/Pipeline::prepareDestination():178}(Object(Illuminate/Http/Request))
#31 C:/Users/EMANUELCLEMENTEMARTI/Downloads/sistema hotel/vendor/laravel/framework/src/Illuminate/Pipeline/Pipeline.php(219): Illuminate/Routing/Middleware/SubstituteBindings->handle(Object(Illuminate/Http/Request), Object(Closure))
#32 C:/Users/EMANUELCLEMENTEMARTI/Downloads/sistema hotel/vendor/laravel/framework/src/Illuminate/Foundation/Http/Middleware/VerifyCsrfToken.php(87): Illuminate/Pipeline/Pipeline->{closure:{closure:Illuminate/Pipeline/Pipeline::carry():194}:195}(Object(Illuminate/Http/Request))
#33 C:/Users/EMANUELCLEMENTEMARTI/Downloads/sistema hotel/vendor/laravel/framework/src/Illuminate/Pipeline/Pipeline.php(219): Illuminate/Foundation/Http/Middleware/VerifyCsrfToken->handle(Object(Illuminate/Http/Request), Object(Closure))
#34 C:/Users/EMANUELCLEMENTEMARTI/Downloads/sistema hotel/vendor/laravel/framework/src/Illuminate/View/Middleware/ShareErrorsFromSession.php(48): Illuminate/Pipeline/Pipeline->{closure:{closure:Illuminate/Pipeline/Pipeline::carry():194}:195}(Object(Illuminate/Http/Request))
#35 C:/Users/EMANUELCLEMENTEMARTI/Downloads/sistema hotel/vendor/laravel/framework/src/Illuminate/Pipeline/Pipeline.php(219): Illuminate/View/Middleware/ShareErrorsFromSession->handle(Object(Illuminate/Http/Request), Object(Closure))
#36 C:/Users/EMANUELCLEMENTEMARTI/Downloads/sistema hotel/vendor/laravel/framework/src/Illuminate/Session/Middleware/StartSession.php(120): Illuminate/Pipeline/Pipeline->{closure:{closure:Illuminate/Pipeline/Pipeline::carry():194}:195}(Object(Illuminate/Http/Request))
#37 C:/Users/EMANUELCLEMENTEMARTI/Downloads/sistema hotel/vendor/laravel/framework/src/Illuminate/Session/Middleware/StartSession.php(63): Illuminate/Session/Middleware/StartSession->handleStatefulRequest(Object(Illuminate/Http/Request), Object(Illuminate/Session/Store), Object(Closure))
#38 C:/Users/EMANUELCLEMENTEMARTI/Downloads/sistema hotel/vendor/laravel/framework/src/Illuminate/Pipeline/Pipeline.php(219): Illuminate/Session/Middleware/StartSession->handle(Object(Illuminate/Http/Request), Object(Closure))
#39 C:/Users/EMANUELCLEMENTEMARTI/Downloads/sistema hotel/vendor/laravel/framework/src/Illuminate/Cookie/Middleware/AddQueuedCookiesToResponse.php(36): Illuminate/Pipeline/Pipeline->{closure:{closure:Illuminate/Pipeline/Pipeline::carry():194}:195}(Object(Illuminate/Http/Request))
#40 C:/Users/EMANUELCLEMENTEMARTI/Downloads/sistema hotel/vendor/laravel/framework/src/Illuminate/Pipeline/Pipeline.php(219): Illuminate/Cookie/Middleware/AddQueuedCookiesToResponse->handle(Object(Illuminate/Http/Request), Object(Closure))
#41 C:/Users/EMANUELCLEMENTEMARTI/Downloads/sistema hotel/vendor/laravel/framework/src/Illuminate/Cookie/Middleware/EncryptCookies.php(74): Illuminate/Pipeline/Pipeline->{closure:{closure:Illuminate/Pipeline/Pipeline::carry():194}:195}(Object(Illuminate/Http/Request))
#42 C:/Users/EMANUELCLEMENTEMARTI/Downloads/sistema hotel/vendor/laravel/framework/src/Illuminate/Pipeline/Pipeline.php(219): Illuminate/Cookie/Middleware/EncryptCookies->handle(Object(Illuminate/Http/Request), Object(Closure))
#43 C:/Users/EMANUELCLEMENTEMARTI/Downloads/sistema hotel/vendor/laravel/framework/src/Illuminate/Pipeline/Pipeline.php(137): Illuminate/Pipeline/Pipeline->{closure:{closure:Illuminate/Pipeline/Pipeline::carry():194}:195}(Object(Illuminate/Http/Request))
#44 C:/Users/EMANUELCLEMENTEMARTI/Downloads/sistema hotel/vendor/laravel/framework/src/Illuminate/Routing/Router.php(821): Illuminate/Pipeline/Pipeline->then(Object(Closure))
#45 C:/Users/EMANUELCLEMENTEMARTI/Downloads/sistema hotel/vendor/laravel/framework/src/Illuminate/Routing/Router.php(800): Illuminate/Routing/Router->runRouteWithinStack(Object(Illuminate/Routing/Route), Object(Illuminate/Http/Request))
#46 C:/Users/EMANUELCLEMENTEMARTI/Downloads/sistema hotel/vendor/laravel/framework/src/Illuminate/Routing/Router.php(764): Illuminate/Routing/Router->runRoute(Object(Illuminate/Http/Request), Object(Illuminate/Routing/Route))
#47 C:/Users/EMANUELCLEMENTEMARTI/Downloads/sistema hotel/vendor/laravel/framework/src/Illuminate/Routing/Router.php(753): Illuminate/Routing/Router->dispatchToRoute(Object(Illuminate/Http/Request))
#48 C:/Users/EMANUELCLEMENTEMARTI/Downloads/sistema hotel/vendor/laravel/framework/src/Illuminate/Foundation/Http/Kernel.php(200): Illuminate/Routing/Router->dispatch(Object(Illuminate/Http/Request))
#49 C:/Users/EMANUELCLEMENTEMARTI/Downloads/sistema hotel/vendor/laravel/framework/src/Illuminate/Pipeline/Pipeline.php(180): Illuminate/Foundation/Http/Kernel->{closure:Illuminate/Foundation/Http/Kernel::dispatchToRouter():197}(Object(Illuminate/Http/Request))
#50 C:/Users/EMANUELCLEMENTEMARTI/Downloads/sistema hotel/vendor/livewire/livewire/src/Features/SupportDisablingBackButtonCache/DisableBackButtonCacheMiddleware.php(19): Illuminate/Pipeline/Pipeline->{closure:Illuminate/Pipeline/Pipeline::prepareDestination():178}(Object(Illuminate/Http/Request))
#51 C:/Users/EMANUELCLEMENTEMARTI/Downloads/sistema hotel/vendor/laravel/framework/src/Illuminate/Pipeline/Pipeline.php(219): Livewire/Features/SupportDisablingBackButtonCache/DisableBackButtonCacheMiddleware->handle(Object(Illuminate/Http/Request), Object(Closure))
#52 C:/Users/EMANUELCLEMENTEMARTI/Downloads/sistema hotel/vendor/laravel/framework/src/Illuminate/Foundation/Http/Middleware/ConvertEmptyStringsToNull.php(27): Illuminate/Pipeline/Pipeline->{closure:{closure:Illuminate/Pipeline/Pipeline::carry():194}:195}(Object(Illuminate/Http/Request))
#53 C:/Users/EMANUELCLEMENTEMARTI/Downloads/sistema hotel/vendor/laravel/framework/src/Illuminate/Pipeline/Pipeline.php(219): Illuminate/Foundation/Http/Middleware/ConvertEmptyStringsToNull->handle(Object(Illuminate/Http/Request), Object(Closure))
#54 C:/Users/EMANUELCLEMENTEMARTI/Downloads/sistema hotel/vendor/laravel/framework/src/Illuminate/Foundation/Http/Middleware/TrimStrings.php(47): Illuminate/Pipeline/Pipeline->{closure:{closure:Illuminate/Pipeline/Pipeline::carry():194}:195}(Object(Illuminate/Http/Request))
#55 C:/Users/EMANUELCLEMENTEMARTI/Downloads/sistema hotel/vendor/laravel/framework/src/Illuminate/Pipeline/Pipeline.php(219): Illuminate/Foundation/Http/Middleware/TrimStrings->handle(Object(Illuminate/Http/Request), Object(Closure))
#56 C:/Users/EMANUELCLEMENTEMARTI/Downloads/sistema hotel/vendor/laravel/framework/src/Illuminate/Http/Middleware/ValidatePostSize.php(27): Illuminate/Pipeline/Pipeline->{closure:{closure:Illuminate/Pipeline/Pipeline::carry():194}:195}(Object(Illuminate/Http/Request))
#57 C:/Users/EMANUELCLEMENTEMARTI/Downloads/sistema hotel/vendor/laravel/framework/src/Illuminate/Pipeline/Pipeline.php(219): Illuminate/Http/Middleware/ValidatePostSize->handle(Object(Illuminate/Http/Request), Object(Closure))
#58 C:/Users/EMANUELCLEMENTEMARTI/Downloads/sistema hotel/vendor/laravel/framework/src/Illuminate/Foundation/Http/Middleware/PreventRequestsDuringMaintenance.php(109): Illuminate/Pipeline/Pipeline->{closure:{closure:Illuminate/Pipeline/Pipeline::carry():194}:195}(Object(Illuminate/Http/Request))
#59 C:/Users/EMANUELCLEMENTEMARTI/Downloads/sistema hotel/vendor/laravel/framework/src/Illuminate/Pipeline/Pipeline.php(219): Illuminate/Foundation/Http/Middleware/PreventRequestsDuringMaintenance->handle(Object(Illuminate/Http/Request), Object(Closure))
#60 C:/Users/EMANUELCLEMENTEMARTI/Downloads/sistema hotel/vendor/laravel/framework/src/Illuminate/Http/Middleware/HandleCors.php(61): Illuminate/Pipeline/Pipeline->{closure:{closure:Illuminate/Pipeline/Pipeline::carry():194}:195}(Object(Illuminate/Http/Request))
#61 C:/Users/EMANUELCLEMENTEMARTI/Downloads/sistema hotel/vendor/laravel/framework/src/Illuminate/Pipeline/Pipeline.php(219): Illuminate/Http/Middleware/HandleCors->handle(Object(Illuminate/Http/Request), Object(Closure))
#62 C:/Users/EMANUELCLEMENTEMARTI/Downloads/sistema hotel/vendor/laravel/framework/src/Illuminate/Http/Middleware/TrustProxies.php(58): Illuminate/Pipeline/Pipeline->{closure:{closure:Illuminate/Pipeline/Pipeline::carry():194}:195}(Object(Illuminate/Http/Request))
#63 C:/Users/EMANUELCLEMENTEMARTI/Downloads/sistema hotel/vendor/laravel/framework/src/Illuminate/Pipeline/Pipeline.php(219): Illuminate/Http/Middleware/TrustProxies->handle(Object(Illuminate/Http/Request), Object(Closure))
#64 C:/Users/EMANUELCLEMENTEMARTI/Downloads/sistema hotel/vendor/laravel/framework/src/Illuminate/Foundation/Http/Middleware/InvokeDeferredCallbacks.php(22): Illuminate/Pipeline/Pipeline->{closure:{closure:Illuminate/Pipeline/Pipeline::carry():194}:195}(Object(Illuminate/Http/Request))
#65 C:/Users/EMANUELCLEMENTEMARTI/Downloads/sistema hotel/vendor/laravel/framework/src/Illuminate/Pipeline/Pipeline.php(219): Illuminate/Foundation/Http/Middleware/InvokeDeferredCallbacks->handle(Object(Illuminate/Http/Request), Object(Closure))
#66 C:/Users/EMANUELCLEMENTEMARTI/Downloads/sistema hotel/vendor/laravel/framework/src/Illuminate/Http/Middleware/ValidatePathEncoding.php(26): Illuminate/Pipeline/Pipeline->{closure:{closure:Illuminate/Pipeline/Pipeline::carry():194}:195}(Object(Illuminate/Http/Request))
#67 C:/Users/EMANUELCLEMENTEMARTI/Downloads/sistema hotel/vendor/laravel/framework/src/Illuminate/Pipeline/Pipeline.php(219): Illuminate/Http/Middleware/ValidatePathEncoding->handle(Object(Illuminate/Http/Request), Object(Closure))
#68 C:/Users/EMANUELCLEMENTEMARTI/Downloads/sistema hotel/vendor/laravel/framework/src/Illuminate/Pipeline/Pipeline.php(137): Illuminate/Pipeline/Pipeline->{closure:{closure:Illuminate/Pipeline/Pipeline::carry():194}:195}(Object(Illuminate/Http/Request))
#69 C:/Users/EMANUELCLEMENTEMARTI/Downloads/sistema hotel/vendor/laravel/framework/src/Illuminate/Foundation/Http/Kernel.php(175): Illuminate/Pipeline/Pipeline->then(Object(Closure))
#70 C:/Users/EMANUELCLEMENTEMARTI/Downloads/sistema hotel/vendor/laravel/framework/src/Illuminate/Foundation/Http/Kernel.php(144): Illuminate/Foundation/Http/Kernel->sendRequestThroughRouter(Object(Illuminate/Http/Request))
#71 C:/Users/EMANUELCLEMENTEMARTI/Downloads/sistema hotel/vendor/laravel/framework/src/Illuminate/Foundation/Application.php(1220): Illuminate/Foundation/Http/Kernel->handle(Object(Illuminate/Http/Request))
#72 C:/Users/EMANUELCLEMENTEMARTI/Downloads/sistema hotel/public/index.php(17): Illuminate/Foundation/Application->handleRequest(Object(Illuminate/Http/Request))
#73 C:/Users/EMANUELCLEMENTEMARTI/Downloads/sistema hotel/vendor/laravel/framework/src/Illuminate/Foundation/resources/server.php(23): require_once('C://Users//EMANUE...')
#74 {main}
"} 
[2026-03-31 19:02:20] laravel.WARNING: League\Flysystem\AwsS3V3\AwsS3V3Adapter::__construct(): Implicitly marking parameter $visibility as nullable is deprecated, the explicit nullable type must be used instead in C:\Users\EMANUELCLEMENTEMARTI\Downloads\sistema hotel\vendor\league\flysystem-aws-s3-v3\AwsS3V3Adapter.php on line 108  
[2026-03-31 19:02:20] laravel.EMERGENCY: Unable to create configured logger. Using emergency logger. {"exception":"[object] (InvalidArgumentException(code: 0): Driver [null] is not supported. at C:/Users/EMANUELCLEMENTEMARTI/Downloads/sistema hotel/vendor/laravel/framework/src/Illuminate/Log/LogManager.php:235)
[stacktrace]
#0 C:/Users/EMANUELCLEMENTEMARTI/Downloads/sistema hotel/vendor/laravel/framework/src/Illuminate/Log/LogManager.php(138): Illuminate/Log/LogManager->resolve('deprecations', Array)
#1 C:/Users/EMANUELCLEMENTEMARTI/Downloads/sistema hotel/vendor/laravel/framework/src/Illuminate/Log/LogManager.php(125): Illuminate/Log/LogManager->get('deprecations')
#2 C:/Users/EMANUELCLEMENTEMARTI/Downloads/sistema hotel/vendor/laravel/framework/src/Illuminate/Log/LogManager.php(114): Illuminate/Log/LogManager->driver('deprecations')
#3 C:/Users/EMANUELCLEMENTEMARTI/Downloads/sistema hotel/vendor/laravel/framework/src/Illuminate/Foundation/Bootstrap/HandleExceptions.php(105): Illuminate/Log/LogManager->channel('deprecations')
#4 C:/Users/EMANUELCLEMENTEMARTI/Downloads/sistema hotel/vendor/laravel/framework/src/Illuminate/Foundation/Bootstrap/HandleExceptions.php(74): Illuminate/Foundation/Bootstrap/HandleExceptions->handleDeprecationError('League//Flysyste...', 'C://Users//EMANUE...', 0, 8192)
#5 C:/Users/EMANUELCLEMENTEMARTI/Downloads/sistema hotel/vendor/laravel/framework/src/Illuminate/Foundation/Bootstrap/HandleExceptions.php(258): Illuminate/Foundation/Bootstrap/HandleExceptions->handleError(8192, 'League//Flysyste...', 'C://Users//EMANUE...', 0)
#6 C:/Users/EMANUELCLEMENTEMARTI/Downloads/sistema hotel/vendor/composer/ClassLoader.php(576): Illuminate/Foundation/Bootstrap/HandleExceptions->{closure:Illuminate/Foundation/Bootstrap/HandleExceptions::forwardsTo():257}(8192, 'League//Flysyste...', 'C://Users//EMANUE...', 0)
#7 C:/Users/EMANUELCLEMENTEMARTI/Downloads/sistema hotel/vendor/composer/ClassLoader.php(576): include('C://Users//EMANUE...')
#8 C:/Users/EMANUELCLEMENTEMARTI/Downloads/sistema hotel/vendor/composer/ClassLoader.php(427): {closure:Composer/Autoload/ClassLoader::initializeIncludeClosure():575}('C://Users//EMANUE...')
#9 C:/Users/EMANUELCLEMENTEMARTI/Downloads/sistema hotel/vendor/laravel/framework/src/Illuminate/Filesystem/FilesystemManager.php(257): Composer/Autoload/ClassLoader->loadClass('League//Flysyste...')
#10 C:/Users/EMANUELCLEMENTEMARTI/Downloads/sistema hotel/vendor/laravel/framework/src/Illuminate/Filesystem/FilesystemManager.php(153): Illuminate/Filesystem/FilesystemManager->createS3Driver(Array, 'supabase')
#11 C:/Users/EMANUELCLEMENTEMARTI/Downloads/sistema hotel/vendor/laravel/framework/src/Illuminate/Filesystem/FilesystemManager.php(121): Illuminate/Filesystem/FilesystemManager->resolve('supabase')
#12 C:/Users/EMANUELCLEMENTEMARTI/Downloads/sistema hotel/vendor/laravel/framework/src/Illuminate/Filesystem/FilesystemManager.php(84): Illuminate/Filesystem/FilesystemManager->get('supabase')
#13 C:/Users/EMANUELCLEMENTEMARTI/Downloads/sistema hotel/vendor/laravel/framework/src/Illuminate/Support/Facades/Facade.php(363): Illuminate/Filesystem/FilesystemManager->disk('supabase')
#14 C:/Users/EMANUELCLEMENTEMARTI/Downloads/sistema hotel/vendor/livewire/livewire/src/Features/SupportFileUploads/TemporaryUploadedFile.php(168): Illuminate/Support/Facades/Facade::__callStatic('disk', Array)
#15 C:/Users/EMANUELCLEMENTEMARTI/Downloads/sistema hotel/app/Livewire/ImageManager.php(84): Livewire/Features/SupportFileUploads/TemporaryUploadedFile->storeAs('room', 'room_1_17749837...', Array)
#16 C:/Users/EMANUELCLEMENTEMARTI/Downloads/sistema hotel/vendor/laravel/framework/src/Illuminate/Container/BoundMethod.php(36): App/Livewire/ImageManager->uploadImage()
#17 C:/Users/EMANUELCLEMENTEMARTI/Downloads/sistema hotel/vendor/laravel/framework/src/Illuminate/Container/Util.php(43): Illuminate/Container/BoundMethod::{closure:Illuminate/Container/BoundMethod::call():35}()
#18 C:/Users/EMANUELCLEMENTEMARTI/Downloads/sistema hotel/vendor/laravel/framework/src/Illuminate/Container/BoundMethod.php(96): Illuminate/Container/Util::unwrapIfClosure(Object(Closure))
#19 C:/Users/EMANUELCLEMENTEMARTI/Downloads/sistema hotel/vendor/laravel/framework/src/Illuminate/Container/BoundMethod.php(35): Illuminate/Container/BoundMethod::callBoundMethod(Object(Illuminate/Foundation/Application), Array, Object(Closure))
#20 C:/Users/EMANUELCLEMENTEMARTI/Downloads/sistema hotel/vendor/livewire/livewire/src/Wrapped.php(23): Illuminate/Container/BoundMethod::call(Object(Illuminate/Foundation/Application), Array, Array)
#21 C:/Users/EMANUELCLEMENTEMARTI/Downloads/sistema hotel/vendor/livewire/livewire/src/Mechanisms/HandleComponents/HandleComponents.php(492): Livewire/Wrapped->__call('uploadImage', Array)
#22 C:/Users/EMANUELCLEMENTEMARTI/Downloads/sistema hotel/vendor/livewire/livewire/src/Mechanisms/HandleComponents/HandleComponents.php(101): Livewire/Mechanisms/HandleComponents/HandleComponents->callMethods(Object(App/Livewire/ImageManager), Array, Object(Livewire/Mechanisms/HandleComponents/ComponentContext))
#23 C:/Users/EMANUELCLEMENTEMARTI/Downloads/sistema hotel/vendor/livewire/livewire/src/LivewireManager.php(102): Livewire/Mechanisms/HandleComponents/HandleComponents->update(Array, Array, Array)
#24 C:/Users/EMANUELCLEMENTEMARTI/Downloads/sistema hotel/vendor/livewire/livewire/src/Mechanisms/HandleRequests/HandleRequests.php(131): Livewire/LivewireManager->update(Array, Array, Array)
#25 C:/Users/EMANUELCLEMENTEMARTI/Downloads/sistema hotel/vendor/laravel/framework/src/Illuminate/Routing/ControllerDispatcher.php(46): Livewire/Mechanisms/HandleRequests/HandleRequests->handleUpdate()
#26 C:/Users/EMANUELCLEMENTEMARTI/Downloads/sistema hotel/vendor/laravel/framework/src/Illuminate/Routing/Route.php(265): Illuminate/Routing/ControllerDispatcher->dispatch(Object(Illuminate/Routing/Route), Object(Livewire/Mechanisms/HandleRequests/HandleRequests), 'handleUpdate')
#27 C:/Users/EMANUELCLEMENTEMARTI/Downloads/sistema hotel/vendor/laravel/framework/src/Illuminate/Routing/Route.php(211): Illuminate/Routing/Route->runController()
#28 C:/Users/EMANUELCLEMENTEMARTI/Downloads/sistema hotel/vendor/laravel/framework/src/Illuminate/Routing/Router.php(822): Illuminate/Routing/Route->run()
#29 C:/Users/EMANUELCLEMENTEMARTI/Downloads/sistema hotel/vendor/laravel/framework/src/Illuminate/Pipeline/Pipeline.php(180): Illuminate/Routing/Router->{closure:Illuminate/Routing/Router::runRouteWithinStack():821}(Object(Illuminate/Http/Request))
#30 C:/Users/EMANUELCLEMENTEMARTI/Downloads/sistema hotel/vendor/laravel/framework/src/Illuminate/Routing/Middleware/SubstituteBindings.php(50): Illuminate/Pipeline/Pipeline->{closure:Illuminate/Pipeline/Pipeline::prepareDestination():178}(Object(Illuminate/Http/Request))
#31 C:/Users/EMANUELCLEMENTEMARTI/Downloads/sistema hotel/vendor/laravel/framework/src/Illuminate/Pipeline/Pipeline.php(219): Illuminate/Routing/Middleware/SubstituteBindings->handle(Object(Illuminate/Http/Request), Object(Closure))
#32 C:/Users/EMANUELCLEMENTEMARTI/Downloads/sistema hotel/vendor/laravel/framework/src/Illuminate/Foundation/Http/Middleware/VerifyCsrfToken.php(87): Illuminate/Pipeline/Pipeline->{closure:{closure:Illuminate/Pipeline/Pipeline::carry():194}:195}(Object(Illuminate/Http/Request))
#33 C:/Users/EMANUELCLEMENTEMARTI/Downloads/sistema hotel/vendor/laravel/framework/src/Illuminate/Pipeline/Pipeline.php(219): Illuminate/Foundation/Http/Middleware/VerifyCsrfToken->handle(Object(Illuminate/Http/Request), Object(Closure))
#34 C:/Users/EMANUELCLEMENTEMARTI/Downloads/sistema hotel/vendor/laravel/framework/src/Illuminate/View/Middleware/ShareErrorsFromSession.php(48): Illuminate/Pipeline/Pipeline->{closure:{closure:Illuminate/Pipeline/Pipeline::carry():194}:195}(Object(Illuminate/Http/Request))
#35 C:/Users/EMANUELCLEMENTEMARTI/Downloads/sistema hotel/vendor/laravel/framework/src/Illuminate/Pipeline/Pipeline.php(219): Illuminate/View/Middleware/ShareErrorsFromSession->handle(Object(Illuminate/Http/Request), Object(Closure))
#36 C:/Users/EMANUELCLEMENTEMARTI/Downloads/sistema hotel/vendor/laravel/framework/src/Illuminate/Session/Middleware/StartSession.php(120): Illuminate/Pipeline/Pipeline->{closure:{closure:Illuminate/Pipeline/Pipeline::carry():194}:195}(Object(Illuminate/Http/Request))
#37 C:/Users/EMANUELCLEMENTEMARTI/Downloads/sistema hotel/vendor/laravel/framework/src/Illuminate/Session/Middleware/StartSession.php(63): Illuminate/Session/Middleware/StartSession->handleStatefulRequest(Object(Illuminate/Http/Request), Object(Illuminate/Session/Store), Object(Closure))
#38 C:/Users/EMANUELCLEMENTEMARTI/Downloads/sistema hotel/vendor/laravel/framework/src/Illuminate/Pipeline/Pipeline.php(219): Illuminate/Session/Middleware/StartSession->handle(Object(Illuminate/Http/Request), Object(Closure))
#39 C:/Users/EMANUELCLEMENTEMARTI/Downloads/sistema hotel/vendor/laravel/framework/src/Illuminate/Cookie/Middleware/AddQueuedCookiesToResponse.php(36): Illuminate/Pipeline/Pipeline->{closure:{closure:Illuminate/Pipeline/Pipeline::carry():194}:195}(Object(Illuminate/Http/Request))
#40 C:/Users/EMANUELCLEMENTEMARTI/Downloads/sistema hotel/vendor/laravel/framework/src/Illuminate/Pipeline/Pipeline.php(219): Illuminate/Cookie/Middleware/AddQueuedCookiesToResponse->handle(Object(Illuminate/Http/Request), Object(Closure))
#41 C:/Users/EMANUELCLEMENTEMARTI/Downloads/sistema hotel/vendor/laravel/framework/src/Illuminate/Cookie/Middleware/EncryptCookies.php(74): Illuminate/Pipeline/Pipeline->{closure:{closure:Illuminate/Pipeline/Pipeline::carry():194}:195}(Object(Illuminate/Http/Request))
#42 C:/Users/EMANUELCLEMENTEMARTI/Downloads/sistema hotel/vendor/laravel/framework/src/Illuminate/Pipeline/Pipeline.php(219): Illuminate/Cookie/Middleware/EncryptCookies->handle(Object(Illuminate/Http/Request), Object(Closure))
#43 C:/Users/EMANUELCLEMENTEMARTI/Downloads/sistema hotel/vendor/laravel/framework/src/Illuminate/Pipeline/Pipeline.php(137): Illuminate/Pipeline/Pipeline->{closure:{closure:Illuminate/Pipeline/Pipeline::carry():194}:195}(Object(Illuminate/Http/Request))
#44 C:/Users/EMANUELCLEMENTEMARTI/Downloads/sistema hotel/vendor/laravel/framework/src/Illuminate/Routing/Router.php(821): Illuminate/Pipeline/Pipeline->then(Object(Closure))
#45 C:/Users/EMANUELCLEMENTEMARTI/Downloads/sistema hotel/vendor/laravel/framework/src/Illuminate/Routing/Router.php(800): Illuminate/Routing/Router->runRouteWithinStack(Object(Illuminate/Routing/Route), Object(Illuminate/Http/Request))
#46 C:/Users/EMANUELCLEMENTEMARTI/Downloads/sistema hotel/vendor/laravel/framework/src/Illuminate/Routing/Router.php(764): Illuminate/Routing/Router->runRoute(Object(Illuminate/Http/Request), Object(Illuminate/Routing/Route))
#47 C:/Users/EMANUELCLEMENTEMARTI/Downloads/sistema hotel/vendor/laravel/framework/src/Illuminate/Routing/Router.php(753): Illuminate/Routing/Router->dispatchToRoute(Object(Illuminate/Http/Request))
#48 C:/Users/EMANUELCLEMENTEMARTI/Downloads/sistema hotel/vendor/laravel/framework/src/Illuminate/Foundation/Http/Kernel.php(200): Illuminate/Routing/Router->dispatch(Object(Illuminate/Http/Request))
#49 C:/Users/EMANUELCLEMENTEMARTI/Downloads/sistema hotel/vendor/laravel/framework/src/Illuminate/Pipeline/Pipeline.php(180): Illuminate/Foundation/Http/Kernel->{closure:Illuminate/Foundation/Http/Kernel::dispatchToRouter():197}(Object(Illuminate/Http/Request))
#50 C:/Users/EMANUELCLEMENTEMARTI/Downloads/sistema hotel/vendor/livewire/livewire/src/Features/SupportDisablingBackButtonCache/DisableBackButtonCacheMiddleware.php(19): Illuminate/Pipeline/Pipeline->{closure:Illuminate/Pipeline/Pipeline::prepareDestination():178}(Object(Illuminate/Http/Request))
#51 C:/Users/EMANUELCLEMENTEMARTI/Downloads/sistema hotel/vendor/laravel/framework/src/Illuminate/Pipeline/Pipeline.php(219): Livewire/Features/SupportDisablingBackButtonCache/DisableBackButtonCacheMiddleware->handle(Object(Illuminate/Http/Request), Object(Closure))
#52 C:/Users/EMANUELCLEMENTEMARTI/Downloads/sistema hotel/vendor/laravel/framework/src/Illuminate/Foundation/Http/Middleware/ConvertEmptyStringsToNull.php(27): Illuminate/Pipeline/Pipeline->{closure:{closure:Illuminate/Pipeline/Pipeline::carry():194}:195}(Object(Illuminate/Http/Request))
#53 C:/Users/EMANUELCLEMENTEMARTI/Downloads/sistema hotel/vendor/laravel/framework/src/Illuminate/Pipeline/Pipeline.php(219): Illuminate/Foundation/Http/Middleware/ConvertEmptyStringsToNull->handle(Object(Illuminate/Http/Request), Object(Closure))
#54 C:/Users/EMANUELCLEMENTEMARTI/Downloads/sistema hotel/vendor/laravel/framework/src/Illuminate/Foundation/Http/Middleware/TrimStrings.php(47): Illuminate/Pipeline/Pipeline->{closure:{closure:Illuminate/Pipeline/Pipeline::carry():194}:195}(Object(Illuminate/Http/Request))
#55 C:/Users/EMANUELCLEMENTEMARTI/Downloads/sistema hotel/vendor/laravel/framework/src/Illuminate/Pipeline/Pipeline.php(219): Illuminate/Foundation/Http/Middleware/TrimStrings->handle(Object(Illuminate/Http/Request), Object(Closure))
#56 C:/Users/EMANUELCLEMENTEMARTI/Downloads/sistema hotel/vendor/laravel/framework/src/Illuminate/Http/Middleware/ValidatePostSize.php(27): Illuminate/Pipeline/Pipeline->{closure:{closure:Illuminate/Pipeline/Pipeline::carry():194}:195}(Object(Illuminate/Http/Request))
#57 C:/Users/EMANUELCLEMENTEMARTI/Downloads/sistema hotel/vendor/laravel/framework/src/Illuminate/Pipeline/Pipeline.php(219): Illuminate/Http/Middleware/ValidatePostSize->handle(Object(Illuminate/Http/Request), Object(Closure))
#58 C:/Users/EMANUELCLEMENTEMARTI/Downloads/sistema hotel/vendor/laravel/framework/src/Illuminate/Foundation/Http/Middleware/PreventRequestsDuringMaintenance.php(109): Illuminate/Pipeline/Pipeline->{closure:{closure:Illuminate/Pipeline/Pipeline::carry():194}:195}(Object(Illuminate/Http/Request))
#59 C:/Users/EMANUELCLEMENTEMARTI/Downloads/sistema hotel/vendor/laravel/framework/src/Illuminate/Pipeline/Pipeline.php(219): Illuminate/Foundation/Http/Middleware/PreventRequestsDuringMaintenance->handle(Object(Illuminate/Http/Request), Object(Closure))
#60 C:/Users/EMANUELCLEMENTEMARTI/Downloads/sistema hotel/vendor/laravel/framework/src/Illuminate/Http/Middleware/HandleCors.php(61): Illuminate/Pipeline/Pipeline->{closure:{closure:Illuminate/Pipeline/Pipeline::carry():194}:195}(Object(Illuminate/Http/Request))
#61 C:/Users/EMANUELCLEMENTEMARTI/Downloads/sistema hotel/vendor/laravel/framework/src/Illuminate/Pipeline/Pipeline.php(219): Illuminate/Http/Middleware/HandleCors->handle(Object(Illuminate/Http/Request), Object(Closure))
#62 C:/Users/EMANUELCLEMENTEMARTI/Downloads/sistema hotel/vendor/laravel/framework/src/Illuminate/Http/Middleware/TrustProxies.php(58): Illuminate/Pipeline/Pipeline->{closure:{closure:Illuminate/Pipeline/Pipeline::carry():194}:195}(Object(Illuminate/Http/Request))
#63 C:/Users/EMANUELCLEMENTEMARTI/Downloads/sistema hotel/vendor/laravel/framework/src/Illuminate/Pipeline/Pipeline.php(219): Illuminate/Http/Middleware/TrustProxies->handle(Object(Illuminate/Http/Request), Object(Closure))
#64 C:/Users/EMANUELCLEMENTEMARTI/Downloads/sistema hotel/vendor/laravel/framework/src/Illuminate/Foundation/Http/Middleware/InvokeDeferredCallbacks.php(22): Illuminate/Pipeline/Pipeline->{closure:{closure:Illuminate/Pipeline/Pipeline::carry():194}:195}(Object(Illuminate/Http/Request))
#65 C:/Users/EMANUELCLEMENTEMARTI/Downloads/sistema hotel/vendor/laravel/framework/src/Illuminate/Pipeline/Pipeline.php(219): Illuminate/Foundation/Http/Middleware/InvokeDeferredCallbacks->handle(Object(Illuminate/Http/Request), Object(Closure))
#66 C:/Users/EMANUELCLEMENTEMARTI/Downloads/sistema hotel/vendor/laravel/framework/src/Illuminate/Http/Middleware/ValidatePathEncoding.php(26): Illuminate/Pipeline/Pipeline->{closure:{closure:Illuminate/Pipeline/Pipeline::carry():194}:195}(Object(Illuminate/Http/Request))
#67 C:/Users/EMANUELCLEMENTEMARTI/Downloads/sistema hotel/vendor/laravel/framework/src/Illuminate/Pipeline/Pipeline.php(219): Illuminate/Http/Middleware/ValidatePathEncoding->handle(Object(Illuminate/Http/Request), Object(Closure))
#68 C:/Users/EMANUELCLEMENTEMARTI/Downloads/sistema hotel/vendor/laravel/framework/src/Illuminate/Pipeline/Pipeline.php(137): Illuminate/Pipeline/Pipeline->{closure:{closure:Illuminate/Pipeline/Pipeline::carry():194}:195}(Object(Illuminate/Http/Request))
#69 C:/Users/EMANUELCLEMENTEMARTI/Downloads/sistema hotel/vendor/laravel/framework/src/Illuminate/Foundation/Http/Kernel.php(175): Illuminate/Pipeline/Pipeline->then(Object(Closure))
#70 C:/Users/EMANUELCLEMENTEMARTI/Downloads/sistema hotel/vendor/laravel/framework/src/Illuminate/Foundation/Http/Kernel.php(144): Illuminate/Foundation/Http/Kernel->sendRequestThroughRouter(Object(Illuminate/Http/Request))
#71 C:/Users/EMANUELCLEMENTEMARTI/Downloads/sistema hotel/vendor/laravel/framework/src/Illuminate/Foundation/Application.php(1220): Illuminate/Foundation/Http/Kernel->handle(Object(Illuminate/Http/Request))
#72 C:/Users/EMANUELCLEMENTEMARTI/Downloads/sistema hotel/public/index.php(17): Illuminate/Foundation/Application->handleRequest(Object(Illuminate/Http/Request))
#73 C:/Users/EMANUELCLEMENTEMARTI/Downloads/sistema hotel/vendor/laravel/framework/src/Illuminate/Foundation/resources/server.php(23): require_once('C://Users//EMANUE...')
#74 {main}
"} 
[2026-03-31 19:02:20] laravel.WARNING: League\Flysystem\AwsS3V3\AwsS3V3Adapter::__construct(): Implicitly marking parameter $mimeTypeDetector as nullable is deprecated, the explicit nullable type must be used instead in C:\Users\EMANUELCLEMENTEMARTI\Downloads\sistema hotel\vendor\league\flysystem-aws-s3-v3\AwsS3V3Adapter.php on line 0  
[2026-03-31 19:02:20] laravel.EMERGENCY: Unable to create configured logger. Using emergency logger. {"exception":"[object] (InvalidArgumentException(code: 0): Driver [null] is not supported. at C:/Users/EMANUELCLEMENTEMARTI/Downloads/sistema hotel/vendor/laravel/framework/src/Illuminate/Log/LogManager.php:235)
[stacktrace]
#0 C:/Users/EMANUELCLEMENTEMARTI/Downloads/sistema hotel/vendor/laravel/framework/src/Illuminate/Log/LogManager.php(138): Illuminate/Log/LogManager->resolve('deprecations', Array)
#1 C:/Users/EMANUELCLEMENTEMARTI/Downloads/sistema hotel/vendor/laravel/framework/src/Illuminate/Log/LogManager.php(125): Illuminate/Log/LogManager->get('deprecations')
#2 C:/Users/EMANUELCLEMENTEMARTI/Downloads/sistema hotel/vendor/laravel/framework/src/Illuminate/Log/LogManager.php(114): Illuminate/Log/LogManager->driver('deprecations')
#3 C:/Users/EMANUELCLEMENTEMARTI/Downloads/sistema hotel/vendor/laravel/framework/src/Illuminate/Foundation/Bootstrap/HandleExceptions.php(105): Illuminate/Log/LogManager->channel('deprecations')
#4 C:/Users/EMANUELCLEMENTEMARTI/Downloads/sistema hotel/vendor/laravel/framework/src/Illuminate/Foundation/Bootstrap/HandleExceptions.php(74): Illuminate/Foundation/Bootstrap/HandleExceptions->handleDeprecationError('League//Flysyste...', 'C://Users//EMANUE...', 295, 8192)
#5 C:/Users/EMANUELCLEMENTEMARTI/Downloads/sistema hotel/vendor/laravel/framework/src/Illuminate/Foundation/Bootstrap/HandleExceptions.php(258): Illuminate/Foundation/Bootstrap/HandleExceptions->handleError(8192, 'League//Flysyste...', 'C://Users//EMANUE...', 295)
#6 C:/Users/EMANUELCLEMENTEMARTI/Downloads/sistema hotel/vendor/composer/ClassLoader.php(576): Illuminate/Foundation/Bootstrap/HandleExceptions->{closure:Illuminate/Foundation/Bootstrap/HandleExceptions::forwardsTo():257}(8192, 'League//Flysyste...', 'C://Users//EMANUE...', 295)
#7 C:/Users/EMANUELCLEMENTEMARTI/Downloads/sistema hotel/vendor/composer/ClassLoader.php(576): include('C://Users//EMANUE...')
#8 C:/Users/EMANUELCLEMENTEMARTI/Downloads/sistema hotel/vendor/composer/ClassLoader.php(427): {closure:Composer/Autoload/ClassLoader::initializeIncludeClosure():575}('C://Users//EMANUE...')
#9 C:/Users/EMANUELCLEMENTEMARTI/Downloads/sistema hotel/vendor/laravel/framework/src/Illuminate/Filesystem/FilesystemManager.php(257): Composer/Autoload/ClassLoader->loadClass('League//Flysyste...')
#10 C:/Users/EMANUELCLEMENTEMARTI/Downloads/sistema hotel/vendor/laravel/framework/src/Illuminate/Filesystem/FilesystemManager.php(153): Illuminate/Filesystem/FilesystemManager->createS3Driver(Array, 'supabase')
#11 C:/Users/EMANUELCLEMENTEMARTI/Downloads/sistema hotel/vendor/laravel/framework/src/Illuminate/Filesystem/FilesystemManager.php(121): Illuminate/Filesystem/FilesystemManager->resolve('supabase')
#12 C:/Users/EMANUELCLEMENTEMARTI/Downloads/sistema hotel/vendor/laravel/framework/src/Illuminate/Filesystem/FilesystemManager.php(84): Illuminate/Filesystem/FilesystemManager->get('supabase')
#13 C:/Users/EMANUELCLEMENTEMARTI/Downloads/sistema hotel/vendor/laravel/framework/src/Illuminate/Support/Facades/Facade.php(363): Illuminate/Filesystem/FilesystemManager->disk('supabase')
#14 C:/Users/EMANUELCLEMENTEMARTI/Downloads/sistema hotel/vendor/livewire/livewire/src/Features/SupportFileUploads/TemporaryUploadedFile.php(168): Illuminate/Support/Facades/Facade::__callStatic('disk', Array)
#15 C:/Users/EMANUELCLEMENTEMARTI/Downloads/sistema hotel/app/Livewire/ImageManager.php(84): Livewire/Features/SupportFileUploads/TemporaryUploadedFile->storeAs('room', 'room_1_17749837...', Array)
#16 C:/Users/EMANUELCLEMENTEMARTI/Downloads/sistema hotel/vendor/laravel/framework/src/Illuminate/Container/BoundMethod.php(36): App/Livewire/ImageManager->uploadImage()
#17 C:/Users/EMANUELCLEMENTEMARTI/Downloads/sistema hotel/vendor/laravel/framework/src/Illuminate/Container/Util.php(43): Illuminate/Container/BoundMethod::{closure:Illuminate/Container/BoundMethod::call():35}()
#18 C:/Users/EMANUELCLEMENTEMARTI/Downloads/sistema hotel/vendor/laravel/framework/src/Illuminate/Container/BoundMethod.php(96): Illuminate/Container/Util::unwrapIfClosure(Object(Closure))
#19 C:/Users/EMANUELCLEMENTEMARTI/Downloads/sistema hotel/vendor/laravel/framework/src/Illuminate/Container/BoundMethod.php(35): Illuminate/Container/BoundMethod::callBoundMethod(Object(Illuminate/Foundation/Application), Array, Object(Closure))
#20 C:/Users/EMANUELCLEMENTEMARTI/Downloads/sistema hotel/vendor/livewire/livewire/src/Wrapped.php(23): Illuminate/Container/BoundMethod::call(Object(Illuminate/Foundation/Application), Array, Array)
#21 C:/Users/EMANUELCLEMENTEMARTI/Downloads/sistema hotel/vendor/livewire/livewire/src/Mechanisms/HandleComponents/HandleComponents.php(492): Livewire/Wrapped->__call('uploadImage', Array)
#22 C:/Users/EMANUELCLEMENTEMARTI/Downloads/sistema hotel/vendor/livewire/livewire/src/Mechanisms/HandleComponents/HandleComponents.php(101): Livewire/Mechanisms/HandleComponents/HandleComponents->callMethods(Object(App/Livewire/ImageManager), Array, Object(Livewire/Mechanisms/HandleComponents/ComponentContext))
#23 C:/Users/EMANUELCLEMENTEMARTI/Downloads/sistema hotel/vendor/livewire/livewire/src/LivewireManager.php(102): Livewire/Mechanisms/HandleComponents/HandleComponents->update(Array, Array, Array)
#24 C:/Users/EMANUELCLEMENTEMARTI/Downloads/sistema hotel/vendor/livewire/livewire/src/Mechanisms/HandleRequests/HandleRequests.php(131): Livewire/LivewireManager->update(Array, Array, Array)
#25 C:/Users/EMANUELCLEMENTEMARTI/Downloads/sistema hotel/vendor/laravel/framework/src/Illuminate/Routing/ControllerDispatcher.php(46): Livewire/Mechanisms/HandleRequests/HandleRequests->handleUpdate()
#26 C:/Users/EMANUELCLEMENTEMARTI/Downloads/sistema hotel/vendor/laravel/framework/src/Illuminate/Routing/Route.php(265): Illuminate/Routing/ControllerDispatcher->dispatch(Object(Illuminate/Routing/Route), Object(Livewire/Mechanisms/HandleRequests/HandleRequests), 'handleUpdate')
#27 C:/Users/EMANUELCLEMENTEMARTI/Downloads/sistema hotel/vendor/laravel/framework/src/Illuminate/Routing/Route.php(211): Illuminate/Routing/Route->runController()
#28 C:/Users/EMANUELCLEMENTEMARTI/Downloads/sistema hotel/vendor/laravel/framework/src/Illuminate/Routing/Router.php(822): Illuminate/Routing/Route->run()
#29 C:/Users/EMANUELCLEMENTEMARTI/Downloads/sistema hotel/vendor/laravel/framework/src/Illuminate/Pipeline/Pipeline.php(180): Illuminate/Routing/Router->{closure:Illuminate/Routing/Router::runRouteWithinStack():821}(Object(Illuminate/Http/Request))
#30 C:/Users/EMANUELCLEMENTEMARTI/Downloads/sistema hotel/vendor/laravel/framework/src/Illuminate/Routing/Middleware/SubstituteBindings.php(50): Illuminate/Pipeline/Pipeline->{closure:Illuminate/Pipeline/Pipeline::prepareDestination():178}(Object(Illuminate/Http/Request))
#31 C:/Users/EMANUELCLEMENTEMARTI/Downloads/sistema hotel/vendor/laravel/framework/src/Illuminate/Pipeline/Pipeline.php(219): Illuminate/Routing/Middleware/SubstituteBindings->handle(Object(Illuminate/Http/Request), Object(Closure))
#32 C:/Users/EMANUELCLEMENTEMARTI/Downloads/sistema hotel/vendor/laravel/framework/src/Illuminate/Foundation/Http/Middleware/VerifyCsrfToken.php(87): Illuminate/Pipeline/Pipeline->{closure:{closure:Illuminate/Pipeline/Pipeline::carry():194}:195}(Object(Illuminate/Http/Request))
#33 C:/Users/EMANUELCLEMENTEMARTI/Downloads/sistema hotel/vendor/laravel/framework/src/Illuminate/Pipeline/Pipeline.php(219): Illuminate/Foundation/Http/Middleware/VerifyCsrfToken->handle(Object(Illuminate/Http/Request), Object(Closure))
#34 C:/Users/EMANUELCLEMENTEMARTI/Downloads/sistema hotel/vendor/laravel/framework/src/Illuminate/View/Middleware/ShareErrorsFromSession.php(48): Illuminate/Pipeline/Pipeline->{closure:{closure:Illuminate/Pipeline/Pipeline::carry():194}:195}(Object(Illuminate/Http/Request))
#35 C:/Users/EMANUELCLEMENTEMARTI/Downloads/sistema hotel/vendor/laravel/framework/src/Illuminate/Pipeline/Pipeline.php(219): Illuminate/View/Middleware/ShareErrorsFromSession->handle(Object(Illuminate/Http/Request), Object(Closure))
#36 C:/Users/EMANUELCLEMENTEMARTI/Downloads/sistema hotel/vendor/laravel/framework/src/Illuminate/Session/Middleware/StartSession.php(120): Illuminate/Pipeline/Pipeline->{closure:{closure:Illuminate/Pipeline/Pipeline::carry():194}:195}(Object(Illuminate/Http/Request))
#37 C:/Users/EMANUELCLEMENTEMARTI/Downloads/sistema hotel/vendor/laravel/framework/src/Illuminate/Session/Middleware/StartSession.php(63): Illuminate/Session/Middleware/StartSession->handleStatefulRequest(Object(Illuminate/Http/Request), Object(Illuminate/Session/Store), Object(Closure))
#38 C:/Users/EMANUELCLEMENTEMARTI/Downloads/sistema hotel/vendor/laravel/framework/src/Illuminate/Pipeline/Pipeline.php(219): Illuminate/Session/Middleware/StartSession->handle(Object(Illuminate/Http/Request), Object(Closure))
#39 C:/Users/EMANUELCLEMENTEMARTI/Downloads/sistema hotel/vendor/laravel/framework/src/Illuminate/Cookie/Middleware/AddQueuedCookiesToResponse.php(36): Illuminate/Pipeline/Pipeline->{closure:{closure:Illuminate/Pipeline/Pipeline::carry():194}:195}(Object(Illuminate/Http/Request))
#40 C:/Users/EMANUELCLEMENTEMARTI/Downloads/sistema hotel/vendor/laravel/framework/src/Illuminate/Pipeline/Pipeline.php(219): Illuminate/Cookie/Middleware/AddQueuedCookiesToResponse->handle(Object(Illuminate/Http/Request), Object(Closure))
#41 C:/Users/EMANUELCLEMENTEMARTI/Downloads/sistema hotel/vendor/laravel/framework/src/Illuminate/Cookie/Middleware/EncryptCookies.php(74): Illuminate/Pipeline/Pipeline->{closure:{closure:Illuminate/Pipeline/Pipeline::carry():194}:195}(Object(Illuminate/Http/Request))
#42 C:/Users/EMANUELCLEMENTEMARTI/Downloads/sistema hotel/vendor/laravel/framework/src/Illuminate/Pipeline/Pipeline.php(219): Illuminate/Cookie/Middleware/EncryptCookies->handle(Object(Illuminate/Http/Request), Object(Closure))
#43 C:/Users/EMANUELCLEMENTEMARTI/Downloads/sistema hotel/vendor/laravel/framework/src/Illuminate/Pipeline/Pipeline.php(137): Illuminate/Pipeline/Pipeline->{closure:{closure:Illuminate/Pipeline/Pipeline::carry():194}:195}(Object(Illuminate/Http/Request))
#44 C:/Users/EMANUELCLEMENTEMARTI/Downloads/sistema hotel/vendor/laravel/framework/src/Illuminate/Routing/Router.php(821): Illuminate/Pipeline/Pipeline->then(Object(Closure))
#45 C:/Users/EMANUELCLEMENTEMARTI/Downloads/sistema hotel/vendor/laravel/framework/src/Illuminate/Routing/Router.php(800): Illuminate/Routing/Router->runRouteWithinStack(Object(Illuminate/Routing/Route), Object(Illuminate/Http/Request))
#46 C:/Users/EMANUELCLEMENTEMARTI/Downloads/sistema hotel/vendor/laravel/framework/src/Illuminate/Routing/Router.php(764): Illuminate/Routing/Router->runRoute(Object(Illuminate/Http/Request), Object(Illuminate/Routing/Route))
#47 C:/Users/EMANUELCLEMENTEMARTI/Downloads/sistema hotel/vendor/laravel/framework/src/Illuminate/Routing/Router.php(753): Illuminate/Routing/Router->dispatchToRoute(Object(Illuminate/Http/Request))
#48 C:/Users/EMANUELCLEMENTEMARTI/Downloads/sistema hotel/vendor/laravel/framework/src/Illuminate/Foundation/Http/Kernel.php(200): Illuminate/Routing/Router->dispatch(Object(Illuminate/Http/Request))
#49 C:/Users/EMANUELCLEMENTEMARTI/Downloads/sistema hotel/vendor/laravel/framework/src/Illuminate/Pipeline/Pipeline.php(180): Illuminate/Foundation/Http/Kernel->{closure:Illuminate/Foundation/Http/Kernel::dispatchToRouter():197}(Object(Illuminate/Http/Request))
#50 C:/Users/EMANUELCLEMENTEMARTI/Downloads/sistema hotel/vendor/livewire/livewire/src/Features/SupportDisablingBackButtonCache/DisableBackButtonCacheMiddleware.php(19): Illuminate/Pipeline/Pipeline->{closure:Illuminate/Pipeline/Pipeline::prepareDestination():178}(Object(Illuminate/Http/Request))
#51 C:/Users/EMANUELCLEMENTEMARTI/Downloads/sistema hotel/vendor/laravel/framework/src/Illuminate/Pipeline/Pipeline.php(219): Livewire/Features/SupportDisablingBackButtonCache/DisableBackButtonCacheMiddleware->handle(Object(Illuminate/Http/Request), Object(Closure))
#52 C:/Users/EMANUELCLEMENTEMARTI/Downloads/sistema hotel/vendor/laravel/framework/src/Illuminate/Foundation/Http/Middleware/ConvertEmptyStringsToNull.php(27): Illuminate/Pipeline/Pipeline->{closure:{closure:Illuminate/Pipeline/Pipeline::carry():194}:195}(Object(Illuminate/Http/Request))
#53 C:/Users/EMANUELCLEMENTEMARTI/Downloads/sistema hotel/vendor/laravel/framework/src/Illuminate/Pipeline/Pipeline.php(219): Illuminate/Foundation/Http/Middleware/ConvertEmptyStringsToNull->handle(Object(Illuminate/Http/Request), Object(Closure))
#54 C:/Users/EMANUELCLEMENTEMARTI/Downloads/sistema hotel/vendor/laravel/framework/src/Illuminate/Foundation/Http/Middleware/TrimStrings.php(47): Illuminate/Pipeline/Pipeline->{closure:{closure:Illuminate/Pipeline/Pipeline::carry():194}:195}(Object(Illuminate/Http/Request))
#55 C:/Users/EMANUELCLEMENTEMARTI/Downloads/sistema hotel/vendor/laravel/framework/src/Illuminate/Pipeline/Pipeline.php(219): Illuminate/Foundation/Http/Middleware/TrimStrings->handle(Object(Illuminate/Http/Request), Object(Closure))
#56 C:/Users/EMANUELCLEMENTEMARTI/Downloads/sistema hotel/vendor/laravel/framework/src/Illuminate/Http/Middleware/ValidatePostSize.php(27): Illuminate/Pipeline/Pipeline->{closure:{closure:Illuminate/Pipeline/Pipeline::carry():194}:195}(Object(Illuminate/Http/Request))
#57 C:/Users/EMANUELCLEMENTEMARTI/Downloads/sistema hotel/vendor/laravel/framework/src/Illuminate/Pipeline/Pipeline.php(219): Illuminate/Http/Middleware/ValidatePostSize->handle(Object(Illuminate/Http/Request), Object(Closure))
#58 C:/Users/EMANUELCLEMENTEMARTI/Downloads/sistema hotel/vendor/laravel/framework/src/Illuminate/Foundation/Http/Middleware/PreventRequestsDuringMaintenance.php(109): Illuminate/Pipeline/Pipeline->{closure:{closure:Illuminate/Pipeline/Pipeline::carry():194}:195}(Object(Illuminate/Http/Request))
#59 C:/Users/EMANUELCLEMENTEMARTI/Downloads/sistema hotel/vendor/laravel/framework/src/Illuminate/Pipeline/Pipeline.php(219): Illuminate/Foundation/Http/Middleware/PreventRequestsDuringMaintenance->handle(Object(Illuminate/Http/Request), Object(Closure))
#60 C:/Users/EMANUELCLEMENTEMARTI/Downloads/sistema hotel/vendor/laravel/framework/src/Illuminate/Http/Middleware/HandleCors.php(61): Illuminate/Pipeline/Pipeline->{closure:{closure:Illuminate/Pipeline/Pipeline::carry():194}:195}(Object(Illuminate/Http/Request))
#61 C:/Users/EMANUELCLEMENTEMARTI/Downloads/sistema hotel/vendor/laravel/framework/src/Illuminate/Pipeline/Pipeline.php(219): Illuminate/Http/Middleware/HandleCors->handle(Object(Illuminate/Http/Request), Object(Closure))
#62 C:/Users/EMANUELCLEMENTEMARTI/Downloads/sistema hotel/vendor/laravel/framework/src/Illuminate/Http/Middleware/TrustProxies.php(58): Illuminate/Pipeline/Pipeline->{closure:{closure:Illuminate/Pipeline/Pipeline::carry():194}:195}(Object(Illuminate/Http/Request))
#63 C:/Users/EMANUELCLEMENTEMARTI/Downloads/sistema hotel/vendor/laravel/framework/src/Illuminate/Pipeline/Pipeline.php(219): Illuminate/Http/Middleware/TrustProxies->handle(Object(Illuminate/Http/Request), Object(Closure))
#64 C:/Users/EMANUELCLEMENTEMARTI/Downloads/sistema hotel/vendor/laravel/framework/src/Illuminate/Foundation/Http/Middleware/InvokeDeferredCallbacks.php(22): Illuminate/Pipeline/Pipeline->{closure:{closure:Illuminate/Pipeline/Pipeline::carry():194}:195}(Object(Illuminate/Http/Request))
#65 C:/Users/EMANUELCLEMENTEMARTI/Downloads/sistema hotel/vendor/laravel/framework/src/Illuminate/Pipeline/Pipeline.php(219): Illuminate/Foundation/Http/Middleware/InvokeDeferredCallbacks->handle(Object(Illuminate/Http/Request), Object(Closure))
#66 C:/Users/EMANUELCLEMENTEMARTI/Downloads/sistema hotel/vendor/laravel/framework/src/Illuminate/Http/Middleware/ValidatePathEncoding.php(26): Illuminate/Pipeline/Pipeline->{closure:{closure:Illuminate/Pipeline/Pipeline::carry():194}:195}(Object(Illuminate/Http/Request))
#67 C:/Users/EMANUELCLEMENTEMARTI/Downloads/sistema hotel/vendor/laravel/framework/src/Illuminate/Pipeline/Pipeline.php(219): Illuminate/Http/Middleware/ValidatePathEncoding->handle(Object(Illuminate/Http/Request), Object(Closure))
#68 C:/Users/EMANUELCLEMENTEMARTI/Downloads/sistema hotel/vendor/laravel/framework/src/Illuminate/Pipeline/Pipeline.php(137): Illuminate/Pipeline/Pipeline->{closure:{closure:Illuminate/Pipeline/Pipeline::carry():194}:195}(Object(Illuminate/Http/Request))
#69 C:/Users/EMANUELCLEMENTEMARTI/Downloads/sistema hotel/vendor/laravel/framework/src/Illuminate/Foundation/Http/Kernel.php(175): Illuminate/Pipeline/Pipeline->then(Object(Closure))
#70 C:/Users/EMANUELCLEMENTEMARTI/Downloads/sistema hotel/vendor/laravel/framework/src/Illuminate/Foundation/Http/Kernel.php(144): Illuminate/Foundation/Http/Kernel->sendRequestThroughRouter(Object(Illuminate/Http/Request))
#71 C:/Users/EMANUELCLEMENTEMARTI/Downloads/sistema hotel/vendor/laravel/framework/src/Illuminate/Foundation/Application.php(1220): Illuminate/Foundation/Http/Kernel->handle(Object(Illuminate/Http/Request))
#72 C:/Users/EMANUELCLEMENTEMARTI/Downloads/sistema hotel/public/index.php(17): Illuminate/Foundation/Application->handleRequest(Object(Illuminate/Http/Request))
#73 C:/Users/EMANUELCLEMENTEMARTI/Downloads/sistema hotel/vendor/laravel/framework/src/Illuminate/Foundation/resources/server.php(23): require_once('C://Users//EMANUE...')
#74 {main}
"} 
[2026-03-31 19:02:20] laravel.WARNING: League\Flysystem\AwsS3V3\AwsS3V3Adapter::mapS3ObjectMetadata(): Implicitly marking parameter $path as nullable is deprecated, the explicit nullable type must be used instead in C:\Users\EMANUELCLEMENTEMARTI\Downloads\sistema hotel\vendor\league\flysystem-aws-s3-v3\AwsS3V3Adapter.php on line 295  
[2026-03-31 19:10:41] laravel.EMERGENCY: Unable to create configured logger. Using emergency logger. {"exception":"[object] (InvalidArgumentException(code: 0): Driver [null] is not supported. at C:/Users/EMANUELCLEMENTEMARTI/Downloads/sistema hotel/vendor/laravel/framework/src/Illuminate/Log/LogManager.php:235)
[stacktrace]
#0 C:/Users/EMANUELCLEMENTEMARTI/Downloads/sistema hotel/vendor/laravel/framework/src/Illuminate/Log/LogManager.php(138): Illuminate/Log/LogManager->resolve('deprecations', Array)
#1 C:/Users/EMANUELCLEMENTEMARTI/Downloads/sistema hotel/vendor/laravel/framework/src/Illuminate/Log/LogManager.php(125): Illuminate/Log/LogManager->get('deprecations')
#2 C:/Users/EMANUELCLEMENTEMARTI/Downloads/sistema hotel/vendor/laravel/framework/src/Illuminate/Log/LogManager.php(114): Illuminate/Log/LogManager->driver('deprecations')
#3 C:/Users/EMANUELCLEMENTEMARTI/Downloads/sistema hotel/vendor/laravel/framework/src/Illuminate/Foundation/Bootstrap/HandleExceptions.php(105): Illuminate/Log/LogManager->channel('deprecations')
#4 C:/Users/EMANUELCLEMENTEMARTI/Downloads/sistema hotel/vendor/laravel/framework/src/Illuminate/Foundation/Bootstrap/HandleExceptions.php(74): Illuminate/Foundation/Bootstrap/HandleExceptions->handleDeprecationError('League//Flysyste...', 'C://Users//EMANUE...', 108, 8192)
#5 C:/Users/EMANUELCLEMENTEMARTI/Downloads/sistema hotel/vendor/laravel/framework/src/Illuminate/Foundation/Bootstrap/HandleExceptions.php(258): Illuminate/Foundation/Bootstrap/HandleExceptions->handleError(8192, 'League//Flysyste...', 'C://Users//EMANUE...', 108)
#6 C:/Users/EMANUELCLEMENTEMARTI/Downloads/sistema hotel/vendor/composer/ClassLoader.php(576): Illuminate/Foundation/Bootstrap/HandleExceptions->{closure:Illuminate/Foundation/Bootstrap/HandleExceptions::forwardsTo():257}(8192, 'League//Flysyste...', 'C://Users//EMANUE...', 108)
#7 C:/Users/EMANUELCLEMENTEMARTI/Downloads/sistema hotel/vendor/composer/ClassLoader.php(576): include('C://Users//EMANUE...')
#8 C:/Users/EMANUELCLEMENTEMARTI/Downloads/sistema hotel/vendor/composer/ClassLoader.php(427): {closure:Composer/Autoload/ClassLoader::initializeIncludeClosure():575}('C://Users//EMANUE...')
#9 C:/Users/EMANUELCLEMENTEMARTI/Downloads/sistema hotel/vendor/laravel/framework/src/Illuminate/Filesystem/FilesystemManager.php(257): Composer/Autoload/ClassLoader->loadClass('League//Flysyste...')
#10 C:/Users/EMANUELCLEMENTEMARTI/Downloads/sistema hotel/vendor/laravel/framework/src/Illuminate/Filesystem/FilesystemManager.php(153): Illuminate/Filesystem/FilesystemManager->createS3Driver(Array, 'supabase')
#11 C:/Users/EMANUELCLEMENTEMARTI/Downloads/sistema hotel/vendor/laravel/framework/src/Illuminate/Filesystem/FilesystemManager.php(121): Illuminate/Filesystem/FilesystemManager->resolve('supabase')
#12 C:/Users/EMANUELCLEMENTEMARTI/Downloads/sistema hotel/vendor/laravel/framework/src/Illuminate/Filesystem/FilesystemManager.php(84): Illuminate/Filesystem/FilesystemManager->get('supabase')
#13 C:/Users/EMANUELCLEMENTEMARTI/Downloads/sistema hotel/vendor/laravel/framework/src/Illuminate/Support/Facades/Facade.php(363): Illuminate/Filesystem/FilesystemManager->disk('supabase')
#14 C:/Users/EMANUELCLEMENTEMARTI/Downloads/sistema hotel/vendor/livewire/livewire/src/Features/SupportFileUploads/TemporaryUploadedFile.php(168): Illuminate/Support/Facades/Facade::__callStatic('disk', Array)
#15 C:/Users/EMANUELCLEMENTEMARTI/Downloads/sistema hotel/app/Livewire/ImageManager.php(86): Livewire/Features/SupportFileUploads/TemporaryUploadedFile->storeAs('', 'room_1_17749842...', Array)
#16 C:/Users/EMANUELCLEMENTEMARTI/Downloads/sistema hotel/vendor/laravel/framework/src/Illuminate/Container/BoundMethod.php(36): App/Livewire/ImageManager->uploadImage()
#17 C:/Users/EMANUELCLEMENTEMARTI/Downloads/sistema hotel/vendor/laravel/framework/src/Illuminate/Container/Util.php(43): Illuminate/Container/BoundMethod::{closure:Illuminate/Container/BoundMethod::call():35}()
#18 C:/Users/EMANUELCLEMENTEMARTI/Downloads/sistema hotel/vendor/laravel/framework/src/Illuminate/Container/BoundMethod.php(96): Illuminate/Container/Util::unwrapIfClosure(Object(Closure))
#19 C:/Users/EMANUELCLEMENTEMARTI/Downloads/sistema hotel/vendor/laravel/framework/src/Illuminate/Container/BoundMethod.php(35): Illuminate/Container/BoundMethod::callBoundMethod(Object(Illuminate/Foundation/Application), Array, Object(Closure))
#20 C:/Users/EMANUELCLEMENTEMARTI/Downloads/sistema hotel/vendor/livewire/livewire/src/Wrapped.php(23): Illuminate/Container/BoundMethod::call(Object(Illuminate/Foundation/Application), Array, Array)
#21 C:/Users/EMANUELCLEMENTEMARTI/Downloads/sistema hotel/vendor/livewire/livewire/src/Mechanisms/HandleComponents/HandleComponents.php(492): Livewire/Wrapped->__call('uploadImage', Array)
#22 C:/Users/EMANUELCLEMENTEMARTI/Downloads/sistema hotel/vendor/livewire/livewire/src/Mechanisms/HandleComponents/HandleComponents.php(101): Livewire/Mechanisms/HandleComponents/HandleComponents->callMethods(Object(App/Livewire/ImageManager), Array, Object(Livewire/Mechanisms/HandleComponents/ComponentContext))
#23 C:/Users/EMANUELCLEMENTEMARTI/Downloads/sistema hotel/vendor/livewire/livewire/src/LivewireManager.php(102): Livewire/Mechanisms/HandleComponents/HandleComponents->update(Array, Array, Array)
#24 C:/Users/EMANUELCLEMENTEMARTI/Downloads/sistema hotel/vendor/livewire/livewire/src/Mechanisms/HandleRequests/HandleRequests.php(131): Livewire/LivewireManager->update(Array, Array, Array)
#25 C:/Users/EMANUELCLEMENTEMARTI/Downloads/sistema hotel/vendor/laravel/framework/src/Illuminate/Routing/ControllerDispatcher.php(46): Livewire/Mechanisms/HandleRequests/HandleRequests->handleUpdate()
#26 C:/Users/EMANUELCLEMENTEMARTI/Downloads/sistema hotel/vendor/laravel/framework/src/Illuminate/Routing/Route.php(265): Illuminate/Routing/ControllerDispatcher->dispatch(Object(Illuminate/Routing/Route), Object(Livewire/Mechanisms/HandleRequests/HandleRequests), 'handleUpdate')
#27 C:/Users/EMANUELCLEMENTEMARTI/Downloads/sistema hotel/vendor/laravel/framework/src/Illuminate/Routing/Route.php(211): Illuminate/Routing/Route->runController()
#28 C:/Users/EMANUELCLEMENTEMARTI/Downloads/sistema hotel/vendor/laravel/framework/src/Illuminate/Routing/Router.php(822): Illuminate/Routing/Route->run()
#29 C:/Users/EMANUELCLEMENTEMARTI/Downloads/sistema hotel/vendor/laravel/framework/src/Illuminate/Pipeline/Pipeline.php(180): Illuminate/Routing/Router->{closure:Illuminate/Routing/Router::runRouteWithinStack():821}(Object(Illuminate/Http/Request))
#30 C:/Users/EMANUELCLEMENTEMARTI/Downloads/sistema hotel/vendor/laravel/framework/src/Illuminate/Routing/Middleware/SubstituteBindings.php(50): Illuminate/Pipeline/Pipeline->{closure:Illuminate/Pipeline/Pipeline::prepareDestination():178}(Object(Illuminate/Http/Request))
#31 C:/Users/EMANUELCLEMENTEMARTI/Downloads/sistema hotel/vendor/laravel/framework/src/Illuminate/Pipeline/Pipeline.php(219): Illuminate/Routing/Middleware/SubstituteBindings->handle(Object(Illuminate/Http/Request), Object(Closure))
#32 C:/Users/EMANUELCLEMENTEMARTI/Downloads/sistema hotel/vendor/laravel/framework/src/Illuminate/Foundation/Http/Middleware/VerifyCsrfToken.php(87): Illuminate/Pipeline/Pipeline->{closure:{closure:Illuminate/Pipeline/Pipeline::carry():194}:195}(Object(Illuminate/Http/Request))
#33 C:/Users/EMANUELCLEMENTEMARTI/Downloads/sistema hotel/vendor/laravel/framework/src/Illuminate/Pipeline/Pipeline.php(219): Illuminate/Foundation/Http/Middleware/VerifyCsrfToken->handle(Object(Illuminate/Http/Request), Object(Closure))
#34 C:/Users/EMANUELCLEMENTEMARTI/Downloads/sistema hotel/vendor/laravel/framework/src/Illuminate/View/Middleware/ShareErrorsFromSession.php(48): Illuminate/Pipeline/Pipeline->{closure:{closure:Illuminate/Pipeline/Pipeline::carry():194}:195}(Object(Illuminate/Http/Request))
#35 C:/Users/EMANUELCLEMENTEMARTI/Downloads/sistema hotel/vendor/laravel/framework/src/Illuminate/Pipeline/Pipeline.php(219): Illuminate/View/Middleware/ShareErrorsFromSession->handle(Object(Illuminate/Http/Request), Object(Closure))
#36 C:/Users/EMANUELCLEMENTEMARTI/Downloads/sistema hotel/vendor/laravel/framework/src/Illuminate/Session/Middleware/StartSession.php(120): Illuminate/Pipeline/Pipeline->{closure:{closure:Illuminate/Pipeline/Pipeline::carry():194}:195}(Object(Illuminate/Http/Request))
#37 C:/Users/EMANUELCLEMENTEMARTI/Downloads/sistema hotel/vendor/laravel/framework/src/Illuminate/Session/Middleware/StartSession.php(63): Illuminate/Session/Middleware/StartSession->handleStatefulRequest(Object(Illuminate/Http/Request), Object(Illuminate/Session/Store), Object(Closure))
#38 C:/Users/EMANUELCLEMENTEMARTI/Downloads/sistema hotel/vendor/laravel/framework/src/Illuminate/Pipeline/Pipeline.php(219): Illuminate/Session/Middleware/StartSession->handle(Object(Illuminate/Http/Request), Object(Closure))
#39 C:/Users/EMANUELCLEMENTEMARTI/Downloads/sistema hotel/vendor/laravel/framework/src/Illuminate/Cookie/Middleware/AddQueuedCookiesToResponse.php(36): Illuminate/Pipeline/Pipeline->{closure:{closure:Illuminate/Pipeline/Pipeline::carry():194}:195}(Object(Illuminate/Http/Request))
#40 C:/Users/EMANUELCLEMENTEMARTI/Downloads/sistema hotel/vendor/laravel/framework/src/Illuminate/Pipeline/Pipeline.php(219): Illuminate/Cookie/Middleware/AddQueuedCookiesToResponse->handle(Object(Illuminate/Http/Request), Object(Closure))
#41 C:/Users/EMANUELCLEMENTEMARTI/Downloads/sistema hotel/vendor/laravel/framework/src/Illuminate/Cookie/Middleware/EncryptCookies.php(74): Illuminate/Pipeline/Pipeline->{closure:{closure:Illuminate/Pipeline/Pipeline::carry():194}:195}(Object(Illuminate/Http/Request))
#42 C:/Users/EMANUELCLEMENTEMARTI/Downloads/sistema hotel/vendor/laravel/framework/src/Illuminate/Pipeline/Pipeline.php(219): Illuminate/Cookie/Middleware/EncryptCookies->handle(Object(Illuminate/Http/Request), Object(Closure))
#43 C:/Users/EMANUELCLEMENTEMARTI/Downloads/sistema hotel/vendor/laravel/framework/src/Illuminate/Pipeline/Pipeline.php(137): Illuminate/Pipeline/Pipeline->{closure:{closure:Illuminate/Pipeline/Pipeline::carry():194}:195}(Object(Illuminate/Http/Request))
#44 C:/Users/EMANUELCLEMENTEMARTI/Downloads/sistema hotel/vendor/laravel/framework/src/Illuminate/Routing/Router.php(821): Illuminate/Pipeline/Pipeline->then(Object(Closure))
#45 C:/Users/EMANUELCLEMENTEMARTI/Downloads/sistema hotel/vendor/laravel/framework/src/Illuminate/Routing/Router.php(800): Illuminate/Routing/Router->runRouteWithinStack(Object(Illuminate/Routing/Route), Object(Illuminate/Http/Request))
#46 C:/Users/EMANUELCLEMENTEMARTI/Downloads/sistema hotel/vendor/laravel/framework/src/Illuminate/Routing/Router.php(764): Illuminate/Routing/Router->runRoute(Object(Illuminate/Http/Request), Object(Illuminate/Routing/Route))
#47 C:/Users/EMANUELCLEMENTEMARTI/Downloads/sistema hotel/vendor/laravel/framework/src/Illuminate/Routing/Router.php(753): Illuminate/Routing/Router->dispatchToRoute(Object(Illuminate/Http/Request))
#48 C:/Users/EMANUELCLEMENTEMARTI/Downloads/sistema hotel/vendor/laravel/framework/src/Illuminate/Foundation/Http/Kernel.php(200): Illuminate/Routing/Router->dispatch(Object(Illuminate/Http/Request))
#49 C:/Users/EMANUELCLEMENTEMARTI/Downloads/sistema hotel/vendor/laravel/framework/src/Illuminate/Pipeline/Pipeline.php(180): Illuminate/Foundation/Http/Kernel->{closure:Illuminate/Foundation/Http/Kernel::dispatchToRouter():197}(Object(Illuminate/Http/Request))
#50 C:/Users/EMANUELCLEMENTEMARTI/Downloads/sistema hotel/vendor/livewire/livewire/src/Features/SupportDisablingBackButtonCache/DisableBackButtonCacheMiddleware.php(19): Illuminate/Pipeline/Pipeline->{closure:Illuminate/Pipeline/Pipeline::prepareDestination():178}(Object(Illuminate/Http/Request))
#51 C:/Users/EMANUELCLEMENTEMARTI/Downloads/sistema hotel/vendor/laravel/framework/src/Illuminate/Pipeline/Pipeline.php(219): Livewire/Features/SupportDisablingBackButtonCache/DisableBackButtonCacheMiddleware->handle(Object(Illuminate/Http/Request), Object(Closure))
#52 C:/Users/EMANUELCLEMENTEMARTI/Downloads/sistema hotel/vendor/laravel/framework/src/Illuminate/Foundation/Http/Middleware/ConvertEmptyStringsToNull.php(27): Illuminate/Pipeline/Pipeline->{closure:{closure:Illuminate/Pipeline/Pipeline::carry():194}:195}(Object(Illuminate/Http/Request))
#53 C:/Users/EMANUELCLEMENTEMARTI/Downloads/sistema hotel/vendor/laravel/framework/src/Illuminate/Pipeline/Pipeline.php(219): Illuminate/Foundation/Http/Middleware/ConvertEmptyStringsToNull->handle(Object(Illuminate/Http/Request), Object(Closure))
#54 C:/Users/EMANUELCLEMENTEMARTI/Downloads/sistema hotel/vendor/laravel/framework/src/Illuminate/Foundation/Http/Middleware/TrimStrings.php(47): Illuminate/Pipeline/Pipeline->{closure:{closure:Illuminate/Pipeline/Pipeline::carry():194}:195}(Object(Illuminate/Http/Request))
#55 C:/Users/EMANUELCLEMENTEMARTI/Downloads/sistema hotel/vendor/laravel/framework/src/Illuminate/Pipeline/Pipeline.php(219): Illuminate/Foundation/Http/Middleware/TrimStrings->handle(Object(Illuminate/Http/Request), Object(Closure))
#56 C:/Users/EMANUELCLEMENTEMARTI/Downloads/sistema hotel/vendor/laravel/framework/src/Illuminate/Http/Middleware/ValidatePostSize.php(27): Illuminate/Pipeline/Pipeline->{closure:{closure:Illuminate/Pipeline/Pipeline::carry():194}:195}(Object(Illuminate/Http/Request))
#57 C:/Users/EMANUELCLEMENTEMARTI/Downloads/sistema hotel/vendor/laravel/framework/src/Illuminate/Pipeline/Pipeline.php(219): Illuminate/Http/Middleware/ValidatePostSize->handle(Object(Illuminate/Http/Request), Object(Closure))
#58 C:/Users/EMANUELCLEMENTEMARTI/Downloads/sistema hotel/vendor/laravel/framework/src/Illuminate/Foundation/Http/Middleware/PreventRequestsDuringMaintenance.php(109): Illuminate/Pipeline/Pipeline->{closure:{closure:Illuminate/Pipeline/Pipeline::carry():194}:195}(Object(Illuminate/Http/Request))
#59 C:/Users/EMANUELCLEMENTEMARTI/Downloads/sistema hotel/vendor/laravel/framework/src/Illuminate/Pipeline/Pipeline.php(219): Illuminate/Foundation/Http/Middleware/PreventRequestsDuringMaintenance->handle(Object(Illuminate/Http/Request), Object(Closure))
#60 C:/Users/EMANUELCLEMENTEMARTI/Downloads/sistema hotel/vendor/laravel/framework/src/Illuminate/Http/Middleware/HandleCors.php(61): Illuminate/Pipeline/Pipeline->{closure:{closure:Illuminate/Pipeline/Pipeline::carry():194}:195}(Object(Illuminate/Http/Request))
#61 C:/Users/EMANUELCLEMENTEMARTI/Downloads/sistema hotel/vendor/laravel/framework/src/Illuminate/Pipeline/Pipeline.php(219): Illuminate/Http/Middleware/HandleCors->handle(Object(Illuminate/Http/Request), Object(Closure))
#62 C:/Users/EMANUELCLEMENTEMARTI/Downloads/sistema hotel/vendor/laravel/framework/src/Illuminate/Http/Middleware/TrustProxies.php(58): Illuminate/Pipeline/Pipeline->{closure:{closure:Illuminate/Pipeline/Pipeline::carry():194}:195}(Object(Illuminate/Http/Request))
#63 C:/Users/EMANUELCLEMENTEMARTI/Downloads/sistema hotel/vendor/laravel/framework/src/Illuminate/Pipeline/Pipeline.php(219): Illuminate/Http/Middleware/TrustProxies->handle(Object(Illuminate/Http/Request), Object(Closure))
#64 C:/Users/EMANUELCLEMENTEMARTI/Downloads/sistema hotel/vendor/laravel/framework/src/Illuminate/Foundation/Http/Middleware/InvokeDeferredCallbacks.php(22): Illuminate/Pipeline/Pipeline->{closure:{closure:Illuminate/Pipeline/Pipeline::carry():194}:195}(Object(Illuminate/Http/Request))
#65 C:/Users/EMANUELCLEMENTEMARTI/Downloads/sistema hotel/vendor/laravel/framework/src/Illuminate/Pipeline/Pipeline.php(219): Illuminate/Foundation/Http/Middleware/InvokeDeferredCallbacks->handle(Object(Illuminate/Http/Request), Object(Closure))
#66 C:/Users/EMANUELCLEMENTEMARTI/Downloads/sistema hotel/vendor/laravel/framework/src/Illuminate/Http/Middleware/ValidatePathEncoding.php(26): Illuminate/Pipeline/Pipeline->{closure:{closure:Illuminate/Pipeline/Pipeline::carry():194}:195}(Object(Illuminate/Http/Request))
#67 C:/Users/EMANUELCLEMENTEMARTI/Downloads/sistema hotel/vendor/laravel/framework/src/Illuminate/Pipeline/Pipeline.php(219): Illuminate/Http/Middleware/ValidatePathEncoding->handle(Object(Illuminate/Http/Request), Object(Closure))
#68 C:/Users/EMANUELCLEMENTEMARTI/Downloads/sistema hotel/vendor/laravel/framework/src/Illuminate/Pipeline/Pipeline.php(137): Illuminate/Pipeline/Pipeline->{closure:{closure:Illuminate/Pipeline/Pipeline::carry():194}:195}(Object(Illuminate/Http/Request))
#69 C:/Users/EMANUELCLEMENTEMARTI/Downloads/sistema hotel/vendor/laravel/framework/src/Illuminate/Foundation/Http/Kernel.php(175): Illuminate/Pipeline/Pipeline->then(Object(Closure))
#70 C:/Users/EMANUELCLEMENTEMARTI/Downloads/sistema hotel/vendor/laravel/framework/src/Illuminate/Foundation/Http/Kernel.php(144): Illuminate/Foundation/Http/Kernel->sendRequestThroughRouter(Object(Illuminate/Http/Request))
#71 C:/Users/EMANUELCLEMENTEMARTI/Downloads/sistema hotel/vendor/laravel/framework/src/Illuminate/Foundation/Application.php(1220): Illuminate/Foundation/Http/Kernel->handle(Object(Illuminate/Http/Request))
#72 C:/Users/EMANUELCLEMENTEMARTI/Downloads/sistema hotel/public/index.php(17): Illuminate/Foundation/Application->handleRequest(Object(Illuminate/Http/Request))
#73 C:/Users/EMANUELCLEMENTEMARTI/Downloads/sistema hotel/vendor/laravel/framework/src/Illuminate/Foundation/resources/server.php(23): require_once('C://Users//EMANUE...')
#74 {main}
"} 
[2026-03-31 19:10:41] laravel.WARNING: League\Flysystem\AwsS3V3\AwsS3V3Adapter::__construct(): Implicitly marking parameter $visibility as nullable is deprecated, the explicit nullable type must be used instead in C:\Users\EMANUELCLEMENTEMARTI\Downloads\sistema hotel\vendor\league\flysystem-aws-s3-v3\AwsS3V3Adapter.php on line 108  
[2026-03-31 19:10:41] laravel.EMERGENCY: Unable to create configured logger. Using emergency logger. {"exception":"[object] (InvalidArgumentException(code: 0): Driver [null] is not supported. at C:/Users/EMANUELCLEMENTEMARTI/Downloads/sistema hotel/vendor/laravel/framework/src/Illuminate/Log/LogManager.php:235)
[stacktrace]
#0 C:/Users/EMANUELCLEMENTEMARTI/Downloads/sistema hotel/vendor/laravel/framework/src/Illuminate/Log/LogManager.php(138): Illuminate/Log/LogManager->resolve('deprecations', Array)
#1 C:/Users/EMANUELCLEMENTEMARTI/Downloads/sistema hotel/vendor/laravel/framework/src/Illuminate/Log/LogManager.php(125): Illuminate/Log/LogManager->get('deprecations')
#2 C:/Users/EMANUELCLEMENTEMARTI/Downloads/sistema hotel/vendor/laravel/framework/src/Illuminate/Log/LogManager.php(114): Illuminate/Log/LogManager->driver('deprecations')
#3 C:/Users/EMANUELCLEMENTEMARTI/Downloads/sistema hotel/vendor/laravel/framework/src/Illuminate/Foundation/Bootstrap/HandleExceptions.php(105): Illuminate/Log/LogManager->channel('deprecations')
#4 C:/Users/EMANUELCLEMENTEMARTI/Downloads/sistema hotel/vendor/laravel/framework/src/Illuminate/Foundation/Bootstrap/HandleExceptions.php(74): Illuminate/Foundation/Bootstrap/HandleExceptions->handleDeprecationError('League//Flysyste...', 'C://Users//EMANUE...', 0, 8192)
#5 C:/Users/EMANUELCLEMENTEMARTI/Downloads/sistema hotel/vendor/laravel/framework/src/Illuminate/Foundation/Bootstrap/HandleExceptions.php(258): Illuminate/Foundation/Bootstrap/HandleExceptions->handleError(8192, 'League//Flysyste...', 'C://Users//EMANUE...', 0)
#6 C:/Users/EMANUELCLEMENTEMARTI/Downloads/sistema hotel/vendor/composer/ClassLoader.php(576): Illuminate/Foundation/Bootstrap/HandleExceptions->{closure:Illuminate/Foundation/Bootstrap/HandleExceptions::forwardsTo():257}(8192, 'League//Flysyste...', 'C://Users//EMANUE...', 0)
#7 C:/Users/EMANUELCLEMENTEMARTI/Downloads/sistema hotel/vendor/composer/ClassLoader.php(576): include('C://Users//EMANUE...')
#8 C:/Users/EMANUELCLEMENTEMARTI/Downloads/sistema hotel/vendor/composer/ClassLoader.php(427): {closure:Composer/Autoload/ClassLoader::initializeIncludeClosure():575}('C://Users//EMANUE...')
#9 C:/Users/EMANUELCLEMENTEMARTI/Downloads/sistema hotel/vendor/laravel/framework/src/Illuminate/Filesystem/FilesystemManager.php(257): Composer/Autoload/ClassLoader->loadClass('League//Flysyste...')
#10 C:/Users/EMANUELCLEMENTEMARTI/Downloads/sistema hotel/vendor/laravel/framework/src/Illuminate/Filesystem/FilesystemManager.php(153): Illuminate/Filesystem/FilesystemManager->createS3Driver(Array, 'supabase')
#11 C:/Users/EMANUELCLEMENTEMARTI/Downloads/sistema hotel/vendor/laravel/framework/src/Illuminate/Filesystem/FilesystemManager.php(121): Illuminate/Filesystem/FilesystemManager->resolve('supabase')
#12 C:/Users/EMANUELCLEMENTEMARTI/Downloads/sistema hotel/vendor/laravel/framework/src/Illuminate/Filesystem/FilesystemManager.php(84): Illuminate/Filesystem/FilesystemManager->get('supabase')
#13 C:/Users/EMANUELCLEMENTEMARTI/Downloads/sistema hotel/vendor/laravel/framework/src/Illuminate/Support/Facades/Facade.php(363): Illuminate/Filesystem/FilesystemManager->disk('supabase')
#14 C:/Users/EMANUELCLEMENTEMARTI/Downloads/sistema hotel/vendor/livewire/livewire/src/Features/SupportFileUploads/TemporaryUploadedFile.php(168): Illuminate/Support/Facades/Facade::__callStatic('disk', Array)
#15 C:/Users/EMANUELCLEMENTEMARTI/Downloads/sistema hotel/app/Livewire/ImageManager.php(86): Livewire/Features/SupportFileUploads/TemporaryUploadedFile->storeAs('', 'room_1_17749842...', Array)
#16 C:/Users/EMANUELCLEMENTEMARTI/Downloads/sistema hotel/vendor/laravel/framework/src/Illuminate/Container/BoundMethod.php(36): App/Livewire/ImageManager->uploadImage()
#17 C:/Users/EMANUELCLEMENTEMARTI/Downloads/sistema hotel/vendor/laravel/framework/src/Illuminate/Container/Util.php(43): Illuminate/Container/BoundMethod::{closure:Illuminate/Container/BoundMethod::call():35}()
#18 C:/Users/EMANUELCLEMENTEMARTI/Downloads/sistema hotel/vendor/laravel/framework/src/Illuminate/Container/BoundMethod.php(96): Illuminate/Container/Util::unwrapIfClosure(Object(Closure))
#19 C:/Users/EMANUELCLEMENTEMARTI/Downloads/sistema hotel/vendor/laravel/framework/src/Illuminate/Container/BoundMethod.php(35): Illuminate/Container/BoundMethod::callBoundMethod(Object(Illuminate/Foundation/Application), Array, Object(Closure))
#20 C:/Users/EMANUELCLEMENTEMARTI/Downloads/sistema hotel/vendor/livewire/livewire/src/Wrapped.php(23): Illuminate/Container/BoundMethod::call(Object(Illuminate/Foundation/Application), Array, Array)
#21 C:/Users/EMANUELCLEMENTEMARTI/Downloads/sistema hotel/vendor/livewire/livewire/src/Mechanisms/HandleComponents/HandleComponents.php(492): Livewire/Wrapped->__call('uploadImage', Array)
#22 C:/Users/EMANUELCLEMENTEMARTI/Downloads/sistema hotel/vendor/livewire/livewire/src/Mechanisms/HandleComponents/HandleComponents.php(101): Livewire/Mechanisms/HandleComponents/HandleComponents->callMethods(Object(App/Livewire/ImageManager), Array, Object(Livewire/Mechanisms/HandleComponents/ComponentContext))
#23 C:/Users/EMANUELCLEMENTEMARTI/Downloads/sistema hotel/vendor/livewire/livewire/src/LivewireManager.php(102): Livewire/Mechanisms/HandleComponents/HandleComponents->update(Array, Array, Array)
#24 C:/Users/EMANUELCLEMENTEMARTI/Downloads/sistema hotel/vendor/livewire/livewire/src/Mechanisms/HandleRequests/HandleRequests.php(131): Livewire/LivewireManager->update(Array, Array, Array)
#25 C:/Users/EMANUELCLEMENTEMARTI/Downloads/sistema hotel/vendor/laravel/framework/src/Illuminate/Routing/ControllerDispatcher.php(46): Livewire/Mechanisms/HandleRequests/HandleRequests->handleUpdate()
#26 C:/Users/EMANUELCLEMENTEMARTI/Downloads/sistema hotel/vendor/laravel/framework/src/Illuminate/Routing/Route.php(265): Illuminate/Routing/ControllerDispatcher->dispatch(Object(Illuminate/Routing/Route), Object(Livewire/Mechanisms/HandleRequests/HandleRequests), 'handleUpdate')
#27 C:/Users/EMANUELCLEMENTEMARTI/Downloads/sistema hotel/vendor/laravel/framework/src/Illuminate/Routing/Route.php(211): Illuminate/Routing/Route->runController()
#28 C:/Users/EMANUELCLEMENTEMARTI/Downloads/sistema hotel/vendor/laravel/framework/src/Illuminate/Routing/Router.php(822): Illuminate/Routing/Route->run()
#29 C:/Users/EMANUELCLEMENTEMARTI/Downloads/sistema hotel/vendor/laravel/framework/src/Illuminate/Pipeline/Pipeline.php(180): Illuminate/Routing/Router->{closure:Illuminate/Routing/Router::runRouteWithinStack():821}(Object(Illuminate/Http/Request))
#30 C:/Users/EMANUELCLEMENTEMARTI/Downloads/sistema hotel/vendor/laravel/framework/src/Illuminate/Routing/Middleware/SubstituteBindings.php(50): Illuminate/Pipeline/Pipeline->{closure:Illuminate/Pipeline/Pipeline::prepareDestination():178}(Object(Illuminate/Http/Request))
#31 C:/Users/EMANUELCLEMENTEMARTI/Downloads/sistema hotel/vendor/laravel/framework/src/Illuminate/Pipeline/Pipeline.php(219): Illuminate/Routing/Middleware/SubstituteBindings->handle(Object(Illuminate/Http/Request), Object(Closure))
#32 C:/Users/EMANUELCLEMENTEMARTI/Downloads/sistema hotel/vendor/laravel/framework/src/Illuminate/Foundation/Http/Middleware/VerifyCsrfToken.php(87): Illuminate/Pipeline/Pipeline->{closure:{closure:Illuminate/Pipeline/Pipeline::carry():194}:195}(Object(Illuminate/Http/Request))
#33 C:/Users/EMANUELCLEMENTEMARTI/Downloads/sistema hotel/vendor/laravel/framework/src/Illuminate/Pipeline/Pipeline.php(219): Illuminate/Foundation/Http/Middleware/VerifyCsrfToken->handle(Object(Illuminate/Http/Request), Object(Closure))
#34 C:/Users/EMANUELCLEMENTEMARTI/Downloads/sistema hotel/vendor/laravel/framework/src/Illuminate/View/Middleware/ShareErrorsFromSession.php(48): Illuminate/Pipeline/Pipeline->{closure:{closure:Illuminate/Pipeline/Pipeline::carry():194}:195}(Object(Illuminate/Http/Request))
#35 C:/Users/EMANUELCLEMENTEMARTI/Downloads/sistema hotel/vendor/laravel/framework/src/Illuminate/Pipeline/Pipeline.php(219): Illuminate/View/Middleware/ShareErrorsFromSession->handle(Object(Illuminate/Http/Request), Object(Closure))
#36 C:/Users/EMANUELCLEMENTEMARTI/Downloads/sistema hotel/vendor/laravel/framework/src/Illuminate/Session/Middleware/StartSession.php(120): Illuminate/Pipeline/Pipeline->{closure:{closure:Illuminate/Pipeline/Pipeline::carry():194}:195}(Object(Illuminate/Http/Request))
#37 C:/Users/EMANUELCLEMENTEMARTI/Downloads/sistema hotel/vendor/laravel/framework/src/Illuminate/Session/Middleware/StartSession.php(63): Illuminate/Session/Middleware/StartSession->handleStatefulRequest(Object(Illuminate/Http/Request), Object(Illuminate/Session/Store), Object(Closure))
#38 C:/Users/EMANUELCLEMENTEMARTI/Downloads/sistema hotel/vendor/laravel/framework/src/Illuminate/Pipeline/Pipeline.php(219): Illuminate/Session/Middleware/StartSession->handle(Object(Illuminate/Http/Request), Object(Closure))
#39 C:/Users/EMANUELCLEMENTEMARTI/Downloads/sistema hotel/vendor/laravel/framework/src/Illuminate/Cookie/Middleware/AddQueuedCookiesToResponse.php(36): Illuminate/Pipeline/Pipeline->{closure:{closure:Illuminate/Pipeline/Pipeline::carry():194}:195}(Object(Illuminate/Http/Request))
#40 C:/Users/EMANUELCLEMENTEMARTI/Downloads/sistema hotel/vendor/laravel/framework/src/Illuminate/Pipeline/Pipeline.php(219): Illuminate/Cookie/Middleware/AddQueuedCookiesToResponse->handle(Object(Illuminate/Http/Request), Object(Closure))
#41 C:/Users/EMANUELCLEMENTEMARTI/Downloads/sistema hotel/vendor/laravel/framework/src/Illuminate/Cookie/Middleware/EncryptCookies.php(74): Illuminate/Pipeline/Pipeline->{closure:{closure:Illuminate/Pipeline/Pipeline::carry():194}:195}(Object(Illuminate/Http/Request))
#42 C:/Users/EMANUELCLEMENTEMARTI/Downloads/sistema hotel/vendor/laravel/framework/src/Illuminate/Pipeline/Pipeline.php(219): Illuminate/Cookie/Middleware/EncryptCookies->handle(Object(Illuminate/Http/Request), Object(Closure))
#43 C:/Users/EMANUELCLEMENTEMARTI/Downloads/sistema hotel/vendor/laravel/framework/src/Illuminate/Pipeline/Pipeline.php(137): Illuminate/Pipeline/Pipeline->{closure:{closure:Illuminate/Pipeline/Pipeline::carry():194}:195}(Object(Illuminate/Http/Request))
#44 C:/Users/EMANUELCLEMENTEMARTI/Downloads/sistema hotel/vendor/laravel/framework/src/Illuminate/Routing/Router.php(821): Illuminate/Pipeline/Pipeline->then(Object(Closure))
#45 C:/Users/EMANUELCLEMENTEMARTI/Downloads/sistema hotel/vendor/laravel/framework/src/Illuminate/Routing/Router.php(800): Illuminate/Routing/Router->runRouteWithinStack(Object(Illuminate/Routing/Route), Object(Illuminate/Http/Request))
#46 C:/Users/EMANUELCLEMENTEMARTI/Downloads/sistema hotel/vendor/laravel/framework/src/Illuminate/Routing/Router.php(764): Illuminate/Routing/Router->runRoute(Object(Illuminate/Http/Request), Object(Illuminate/Routing/Route))
#47 C:/Users/EMANUELCLEMENTEMARTI/Downloads/sistema hotel/vendor/laravel/framework/src/Illuminate/Routing/Router.php(753): Illuminate/Routing/Router->dispatchToRoute(Object(Illuminate/Http/Request))
#48 C:/Users/EMANUELCLEMENTEMARTI/Downloads/sistema hotel/vendor/laravel/framework/src/Illuminate/Foundation/Http/Kernel.php(200): Illuminate/Routing/Router->dispatch(Object(Illuminate/Http/Request))
#49 C:/Users/EMANUELCLEMENTEMARTI/Downloads/sistema hotel/vendor/laravel/framework/src/Illuminate/Pipeline/Pipeline.php(180): Illuminate/Foundation/Http/Kernel->{closure:Illuminate/Foundation/Http/Kernel::dispatchToRouter():197}(Object(Illuminate/Http/Request))
#50 C:/Users/EMANUELCLEMENTEMARTI/Downloads/sistema hotel/vendor/livewire/livewire/src/Features/SupportDisablingBackButtonCache/DisableBackButtonCacheMiddleware.php(19): Illuminate/Pipeline/Pipeline->{closure:Illuminate/Pipeline/Pipeline::prepareDestination():178}(Object(Illuminate/Http/Request))
#51 C:/Users/EMANUELCLEMENTEMARTI/Downloads/sistema hotel/vendor/laravel/framework/src/Illuminate/Pipeline/Pipeline.php(219): Livewire/Features/SupportDisablingBackButtonCache/DisableBackButtonCacheMiddleware->handle(Object(Illuminate/Http/Request), Object(Closure))
#52 C:/Users/EMANUELCLEMENTEMARTI/Downloads/sistema hotel/vendor/laravel/framework/src/Illuminate/Foundation/Http/Middleware/ConvertEmptyStringsToNull.php(27): Illuminate/Pipeline/Pipeline->{closure:{closure:Illuminate/Pipeline/Pipeline::carry():194}:195}(Object(Illuminate/Http/Request))
#53 C:/Users/EMANUELCLEMENTEMARTI/Downloads/sistema hotel/vendor/laravel/framework/src/Illuminate/Pipeline/Pipeline.php(219): Illuminate/Foundation/Http/Middleware/ConvertEmptyStringsToNull->handle(Object(Illuminate/Http/Request), Object(Closure))
#54 C:/Users/EMANUELCLEMENTEMARTI/Downloads/sistema hotel/vendor/laravel/framework/src/Illuminate/Foundation/Http/Middleware/TrimStrings.php(47): Illuminate/Pipeline/Pipeline->{closure:{closure:Illuminate/Pipeline/Pipeline::carry():194}:195}(Object(Illuminate/Http/Request))
#55 C:/Users/EMANUELCLEMENTEMARTI/Downloads/sistema hotel/vendor/laravel/framework/src/Illuminate/Pipeline/Pipeline.php(219): Illuminate/Foundation/Http/Middleware/TrimStrings->handle(Object(Illuminate/Http/Request), Object(Closure))
#56 C:/Users/EMANUELCLEMENTEMARTI/Downloads/sistema hotel/vendor/laravel/framework/src/Illuminate/Http/Middleware/ValidatePostSize.php(27): Illuminate/Pipeline/Pipeline->{closure:{closure:Illuminate/Pipeline/Pipeline::carry():194}:195}(Object(Illuminate/Http/Request))
#57 C:/Users/EMANUELCLEMENTEMARTI/Downloads/sistema hotel/vendor/laravel/framework/src/Illuminate/Pipeline/Pipeline.php(219): Illuminate/Http/Middleware/ValidatePostSize->handle(Object(Illuminate/Http/Request), Object(Closure))
#58 C:/Users/EMANUELCLEMENTEMARTI/Downloads/sistema hotel/vendor/laravel/framework/src/Illuminate/Foundation/Http/Middleware/PreventRequestsDuringMaintenance.php(109): Illuminate/Pipeline/Pipeline->{closure:{closure:Illuminate/Pipeline/Pipeline::carry():194}:195}(Object(Illuminate/Http/Request))
#59 C:/Users/EMANUELCLEMENTEMARTI/Downloads/sistema hotel/vendor/laravel/framework/src/Illuminate/Pipeline/Pipeline.php(219): Illuminate/Foundation/Http/Middleware/PreventRequestsDuringMaintenance->handle(Object(Illuminate/Http/Request), Object(Closure))
#60 C:/Users/EMANUELCLEMENTEMARTI/Downloads/sistema hotel/vendor/laravel/framework/src/Illuminate/Http/Middleware/HandleCors.php(61): Illuminate/Pipeline/Pipeline->{closure:{closure:Illuminate/Pipeline/Pipeline::carry():194}:195}(Object(Illuminate/Http/Request))
#61 C:/Users/EMANUELCLEMENTEMARTI/Downloads/sistema hotel/vendor/laravel/framework/src/Illuminate/Pipeline/Pipeline.php(219): Illuminate/Http/Middleware/HandleCors->handle(Object(Illuminate/Http/Request), Object(Closure))
#62 C:/Users/EMANUELCLEMENTEMARTI/Downloads/sistema hotel/vendor/laravel/framework/src/Illuminate/Http/Middleware/TrustProxies.php(58): Illuminate/Pipeline/Pipeline->{closure:{closure:Illuminate/Pipeline/Pipeline::carry():194}:195}(Object(Illuminate/Http/Request))
#63 C:/Users/EMANUELCLEMENTEMARTI/Downloads/sistema hotel/vendor/laravel/framework/src/Illuminate/Pipeline/Pipeline.php(219): Illuminate/Http/Middleware/TrustProxies->handle(Object(Illuminate/Http/Request), Object(Closure))
#64 C:/Users/EMANUELCLEMENTEMARTI/Downloads/sistema hotel/vendor/laravel/framework/src/Illuminate/Foundation/Http/Middleware/InvokeDeferredCallbacks.php(22): Illuminate/Pipeline/Pipeline->{closure:{closure:Illuminate/Pipeline/Pipeline::carry():194}:195}(Object(Illuminate/Http/Request))
#65 C:/Users/EMANUELCLEMENTEMARTI/Downloads/sistema hotel/vendor/laravel/framework/src/Illuminate/Pipeline/Pipeline.php(219): Illuminate/Foundation/Http/Middleware/InvokeDeferredCallbacks->handle(Object(Illuminate/Http/Request), Object(Closure))
#66 C:/Users/EMANUELCLEMENTEMARTI/Downloads/sistema hotel/vendor/laravel/framework/src/Illuminate/Http/Middleware/ValidatePathEncoding.php(26): Illuminate/Pipeline/Pipeline->{closure:{closure:Illuminate/Pipeline/Pipeline::carry():194}:195}(Object(Illuminate/Http/Request))
#67 C:/Users/EMANUELCLEMENTEMARTI/Downloads/sistema hotel/vendor/laravel/framework/src/Illuminate/Pipeline/Pipeline.php(219): Illuminate/Http/Middleware/ValidatePathEncoding->handle(Object(Illuminate/Http/Request), Object(Closure))
#68 C:/Users/EMANUELCLEMENTEMARTI/Downloads/sistema hotel/vendor/laravel/framework/src/Illuminate/Pipeline/Pipeline.php(137): Illuminate/Pipeline/Pipeline->{closure:{closure:Illuminate/Pipeline/Pipeline::carry():194}:195}(Object(Illuminate/Http/Request))
#69 C:/Users/EMANUELCLEMENTEMARTI/Downloads/sistema hotel/vendor/laravel/framework/src/Illuminate/Foundation/Http/Kernel.php(175): Illuminate/Pipeline/Pipeline->then(Object(Closure))
#70 C:/Users/EMANUELCLEMENTEMARTI/Downloads/sistema hotel/vendor/laravel/framework/src/Illuminate/Foundation/Http/Kernel.php(144): Illuminate/Foundation/Http/Kernel->sendRequestThroughRouter(Object(Illuminate/Http/Request))
#71 C:/Users/EMANUELCLEMENTEMARTI/Downloads/sistema hotel/vendor/laravel/framework/src/Illuminate/Foundation/Application.php(1220): Illuminate/Foundation/Http/Kernel->handle(Object(Illuminate/Http/Request))
#72 C:/Users/EMANUELCLEMENTEMARTI/Downloads/sistema hotel/public/index.php(17): Illuminate/Foundation/Application->handleRequest(Object(Illuminate/Http/Request))
#73 C:/Users/EMANUELCLEMENTEMARTI/Downloads/sistema hotel/vendor/laravel/framework/src/Illuminate/Foundation/resources/server.php(23): require_once('C://Users//EMANUE...')
#74 {main}
"} 
[2026-03-31 19:10:41] laravel.WARNING: League\Flysystem\AwsS3V3\AwsS3V3Adapter::__construct(): Implicitly marking parameter $mimeTypeDetector as nullable is deprecated, the explicit nullable type must be used instead in C:\Users\EMANUELCLEMENTEMARTI\Downloads\sistema hotel\vendor\league\flysystem-aws-s3-v3\AwsS3V3Adapter.php on line 0  
[2026-03-31 19:10:41] laravel.EMERGENCY: Unable to create configured logger. Using emergency logger. {"exception":"[object] (InvalidArgumentException(code: 0): Driver [null] is not supported. at C:/Users/EMANUELCLEMENTEMARTI/Downloads/sistema hotel/vendor/laravel/framework/src/Illuminate/Log/LogManager.php:235)
[stacktrace]
#0 C:/Users/EMANUELCLEMENTEMARTI/Downloads/sistema hotel/vendor/laravel/framework/src/Illuminate/Log/LogManager.php(138): Illuminate/Log/LogManager->resolve('deprecations', Array)
#1 C:/Users/EMANUELCLEMENTEMARTI/Downloads/sistema hotel/vendor/laravel/framework/src/Illuminate/Log/LogManager.php(125): Illuminate/Log/LogManager->get('deprecations')
#2 C:/Users/EMANUELCLEMENTEMARTI/Downloads/sistema hotel/vendor/laravel/framework/src/Illuminate/Log/LogManager.php(114): Illuminate/Log/LogManager->driver('deprecations')
#3 C:/Users/EMANUELCLEMENTEMARTI/Downloads/sistema hotel/vendor/laravel/framework/src/Illuminate/Foundation/Bootstrap/HandleExceptions.php(105): Illuminate/Log/LogManager->channel('deprecations')
#4 C:/Users/EMANUELCLEMENTEMARTI/Downloads/sistema hotel/vendor/laravel/framework/src/Illuminate/Foundation/Bootstrap/HandleExceptions.php(74): Illuminate/Foundation/Bootstrap/HandleExceptions->handleDeprecationError('League//Flysyste...', 'C://Users//EMANUE...', 295, 8192)
#5 C:/Users/EMANUELCLEMENTEMARTI/Downloads/sistema hotel/vendor/laravel/framework/src/Illuminate/Foundation/Bootstrap/HandleExceptions.php(258): Illuminate/Foundation/Bootstrap/HandleExceptions->handleError(8192, 'League//Flysyste...', 'C://Users//EMANUE...', 295)
#6 C:/Users/EMANUELCLEMENTEMARTI/Downloads/sistema hotel/vendor/composer/ClassLoader.php(576): Illuminate/Foundation/Bootstrap/HandleExceptions->{closure:Illuminate/Foundation/Bootstrap/HandleExceptions::forwardsTo():257}(8192, 'League//Flysyste...', 'C://Users//EMANUE...', 295)
#7 C:/Users/EMANUELCLEMENTEMARTI/Downloads/sistema hotel/vendor/composer/ClassLoader.php(576): include('C://Users//EMANUE...')
#8 C:/Users/EMANUELCLEMENTEMARTI/Downloads/sistema hotel/vendor/composer/ClassLoader.php(427): {closure:Composer/Autoload/ClassLoader::initializeIncludeClosure():575}('C://Users//EMANUE...')
#9 C:/Users/EMANUELCLEMENTEMARTI/Downloads/sistema hotel/vendor/laravel/framework/src/Illuminate/Filesystem/FilesystemManager.php(257): Composer/Autoload/ClassLoader->loadClass('League//Flysyste...')
#10 C:/Users/EMANUELCLEMENTEMARTI/Downloads/sistema hotel/vendor/laravel/framework/src/Illuminate/Filesystem/FilesystemManager.php(153): Illuminate/Filesystem/FilesystemManager->createS3Driver(Array, 'supabase')
#11 C:/Users/EMANUELCLEMENTEMARTI/Downloads/sistema hotel/vendor/laravel/framework/src/Illuminate/Filesystem/FilesystemManager.php(121): Illuminate/Filesystem/FilesystemManager->resolve('supabase')
#12 C:/Users/EMANUELCLEMENTEMARTI/Downloads/sistema hotel/vendor/laravel/framework/src/Illuminate/Filesystem/FilesystemManager.php(84): Illuminate/Filesystem/FilesystemManager->get('supabase')
#13 C:/Users/EMANUELCLEMENTEMARTI/Downloads/sistema hotel/vendor/laravel/framework/src/Illuminate/Support/Facades/Facade.php(363): Illuminate/Filesystem/FilesystemManager->disk('supabase')
#14 C:/Users/EMANUELCLEMENTEMARTI/Downloads/sistema hotel/vendor/livewire/livewire/src/Features/SupportFileUploads/TemporaryUploadedFile.php(168): Illuminate/Support/Facades/Facade::__callStatic('disk', Array)
#15 C:/Users/EMANUELCLEMENTEMARTI/Downloads/sistema hotel/app/Livewire/ImageManager.php(86): Livewire/Features/SupportFileUploads/TemporaryUploadedFile->storeAs('', 'room_1_17749842...', Array)
#16 C:/Users/EMANUELCLEMENTEMARTI/Downloads/sistema hotel/vendor/laravel/framework/src/Illuminate/Container/BoundMethod.php(36): App/Livewire/ImageManager->uploadImage()
#17 C:/Users/EMANUELCLEMENTEMARTI/Downloads/sistema hotel/vendor/laravel/framework/src/Illuminate/Container/Util.php(43): Illuminate/Container/BoundMethod::{closure:Illuminate/Container/BoundMethod::call():35}()
#18 C:/Users/EMANUELCLEMENTEMARTI/Downloads/sistema hotel/vendor/laravel/framework/src/Illuminate/Container/BoundMethod.php(96): Illuminate/Container/Util::unwrapIfClosure(Object(Closure))
#19 C:/Users/EMANUELCLEMENTEMARTI/Downloads/sistema hotel/vendor/laravel/framework/src/Illuminate/Container/BoundMethod.php(35): Illuminate/Container/BoundMethod::callBoundMethod(Object(Illuminate/Foundation/Application), Array, Object(Closure))
#20 C:/Users/EMANUELCLEMENTEMARTI/Downloads/sistema hotel/vendor/livewire/livewire/src/Wrapped.php(23): Illuminate/Container/BoundMethod::call(Object(Illuminate/Foundation/Application), Array, Array)
#21 C:/Users/EMANUELCLEMENTEMARTI/Downloads/sistema hotel/vendor/livewire/livewire/src/Mechanisms/HandleComponents/HandleComponents.php(492): Livewire/Wrapped->__call('uploadImage', Array)
#22 C:/Users/EMANUELCLEMENTEMARTI/Downloads/sistema hotel/vendor/livewire/livewire/src/Mechanisms/HandleComponents/HandleComponents.php(101): Livewire/Mechanisms/HandleComponents/HandleComponents->callMethods(Object(App/Livewire/ImageManager), Array, Object(Livewire/Mechanisms/HandleComponents/ComponentContext))
#23 C:/Users/EMANUELCLEMENTEMARTI/Downloads/sistema hotel/vendor/livewire/livewire/src/LivewireManager.php(102): Livewire/Mechanisms/HandleComponents/HandleComponents->update(Array, Array, Array)
#24 C:/Users/EMANUELCLEMENTEMARTI/Downloads/sistema hotel/vendor/livewire/livewire/src/Mechanisms/HandleRequests/HandleRequests.php(131): Livewire/LivewireManager->update(Array, Array, Array)
#25 C:/Users/EMANUELCLEMENTEMARTI/Downloads/sistema hotel/vendor/laravel/framework/src/Illuminate/Routing/ControllerDispatcher.php(46): Livewire/Mechanisms/HandleRequests/HandleRequests->handleUpdate()
#26 C:/Users/EMANUELCLEMENTEMARTI/Downloads/sistema hotel/vendor/laravel/framework/src/Illuminate/Routing/Route.php(265): Illuminate/Routing/ControllerDispatcher->dispatch(Object(Illuminate/Routing/Route), Object(Livewire/Mechanisms/HandleRequests/HandleRequests), 'handleUpdate')
#27 C:/Users/EMANUELCLEMENTEMARTI/Downloads/sistema hotel/vendor/laravel/framework/src/Illuminate/Routing/Route.php(211): Illuminate/Routing/Route->runController()
#28 C:/Users/EMANUELCLEMENTEMARTI/Downloads/sistema hotel/vendor/laravel/framework/src/Illuminate/Routing/Router.php(822): Illuminate/Routing/Route->run()
#29 C:/Users/EMANUELCLEMENTEMARTI/Downloads/sistema hotel/vendor/laravel/framework/src/Illuminate/Pipeline/Pipeline.php(180): Illuminate/Routing/Router->{closure:Illuminate/Routing/Router::runRouteWithinStack():821}(Object(Illuminate/Http/Request))
#30 C:/Users/EMANUELCLEMENTEMARTI/Downloads/sistema hotel/vendor/laravel/framework/src/Illuminate/Routing/Middleware/SubstituteBindings.php(50): Illuminate/Pipeline/Pipeline->{closure:Illuminate/Pipeline/Pipeline::prepareDestination():178}(Object(Illuminate/Http/Request))
#31 C:/Users/EMANUELCLEMENTEMARTI/Downloads/sistema hotel/vendor/laravel/framework/src/Illuminate/Pipeline/Pipeline.php(219): Illuminate/Routing/Middleware/SubstituteBindings->handle(Object(Illuminate/Http/Request), Object(Closure))
#32 C:/Users/EMANUELCLEMENTEMARTI/Downloads/sistema hotel/vendor/laravel/framework/src/Illuminate/Foundation/Http/Middleware/VerifyCsrfToken.php(87): Illuminate/Pipeline/Pipeline->{closure:{closure:Illuminate/Pipeline/Pipeline::carry():194}:195}(Object(Illuminate/Http/Request))
#33 C:/Users/EMANUELCLEMENTEMARTI/Downloads/sistema hotel/vendor/laravel/framework/src/Illuminate/Pipeline/Pipeline.php(219): Illuminate/Foundation/Http/Middleware/VerifyCsrfToken->handle(Object(Illuminate/Http/Request), Object(Closure))
#34 C:/Users/EMANUELCLEMENTEMARTI/Downloads/sistema hotel/vendor/laravel/framework/src/Illuminate/View/Middleware/ShareErrorsFromSession.php(48): Illuminate/Pipeline/Pipeline->{closure:{closure:Illuminate/Pipeline/Pipeline::carry():194}:195}(Object(Illuminate/Http/Request))
#35 C:/Users/EMANUELCLEMENTEMARTI/Downloads/sistema hotel/vendor/laravel/framework/src/Illuminate/Pipeline/Pipeline.php(219): Illuminate/View/Middleware/ShareErrorsFromSession->handle(Object(Illuminate/Http/Request), Object(Closure))
#36 C:/Users/EMANUELCLEMENTEMARTI/Downloads/sistema hotel/vendor/laravel/framework/src/Illuminate/Session/Middleware/StartSession.php(120): Illuminate/Pipeline/Pipeline->{closure:{closure:Illuminate/Pipeline/Pipeline::carry():194}:195}(Object(Illuminate/Http/Request))
#37 C:/Users/EMANUELCLEMENTEMARTI/Downloads/sistema hotel/vendor/laravel/framework/src/Illuminate/Session/Middleware/StartSession.php(63): Illuminate/Session/Middleware/StartSession->handleStatefulRequest(Object(Illuminate/Http/Request), Object(Illuminate/Session/Store), Object(Closure))
#38 C:/Users/EMANUELCLEMENTEMARTI/Downloads/sistema hotel/vendor/laravel/framework/src/Illuminate/Pipeline/Pipeline.php(219): Illuminate/Session/Middleware/StartSession->handle(Object(Illuminate/Http/Request), Object(Closure))
#39 C:/Users/EMANUELCLEMENTEMARTI/Downloads/sistema hotel/vendor/laravel/framework/src/Illuminate/Cookie/Middleware/AddQueuedCookiesToResponse.php(36): Illuminate/Pipeline/Pipeline->{closure:{closure:Illuminate/Pipeline/Pipeline::carry():194}:195}(Object(Illuminate/Http/Request))
#40 C:/Users/EMANUELCLEMENTEMARTI/Downloads/sistema hotel/vendor/laravel/framework/src/Illuminate/Pipeline/Pipeline.php(219): Illuminate/Cookie/Middleware/AddQueuedCookiesToResponse->handle(Object(Illuminate/Http/Request), Object(Closure))
#41 C:/Users/EMANUELCLEMENTEMARTI/Downloads/sistema hotel/vendor/laravel/framework/src/Illuminate/Cookie/Middleware/EncryptCookies.php(74): Illuminate/Pipeline/Pipeline->{closure:{closure:Illuminate/Pipeline/Pipeline::carry():194}:195}(Object(Illuminate/Http/Request))
#42 C:/Users/EMANUELCLEMENTEMARTI/Downloads/sistema hotel/vendor/laravel/framework/src/Illuminate/Pipeline/Pipeline.php(219): Illuminate/Cookie/Middleware/EncryptCookies->handle(Object(Illuminate/Http/Request), Object(Closure))
#43 C:/Users/EMANUELCLEMENTEMARTI/Downloads/sistema hotel/vendor/laravel/framework/src/Illuminate/Pipeline/Pipeline.php(137): Illuminate/Pipeline/Pipeline->{closure:{closure:Illuminate/Pipeline/Pipeline::carry():194}:195}(Object(Illuminate/Http/Request))
#44 C:/Users/EMANUELCLEMENTEMARTI/Downloads/sistema hotel/vendor/laravel/framework/src/Illuminate/Routing/Router.php(821): Illuminate/Pipeline/Pipeline->then(Object(Closure))
#45 C:/Users/EMANUELCLEMENTEMARTI/Downloads/sistema hotel/vendor/laravel/framework/src/Illuminate/Routing/Router.php(800): Illuminate/Routing/Router->runRouteWithinStack(Object(Illuminate/Routing/Route), Object(Illuminate/Http/Request))
#46 C:/Users/EMANUELCLEMENTEMARTI/Downloads/sistema hotel/vendor/laravel/framework/src/Illuminate/Routing/Router.php(764): Illuminate/Routing/Router->runRoute(Object(Illuminate/Http/Request), Object(Illuminate/Routing/Route))
#47 C:/Users/EMANUELCLEMENTEMARTI/Downloads/sistema hotel/vendor/laravel/framework/src/Illuminate/Routing/Router.php(753): Illuminate/Routing/Router->dispatchToRoute(Object(Illuminate/Http/Request))
#48 C:/Users/EMANUELCLEMENTEMARTI/Downloads/sistema hotel/vendor/laravel/framework/src/Illuminate/Foundation/Http/Kernel.php(200): Illuminate/Routing/Router->dispatch(Object(Illuminate/Http/Request))
#49 C:/Users/EMANUELCLEMENTEMARTI/Downloads/sistema hotel/vendor/laravel/framework/src/Illuminate/Pipeline/Pipeline.php(180): Illuminate/Foundation/Http/Kernel->{closure:Illuminate/Foundation/Http/Kernel::dispatchToRouter():197}(Object(Illuminate/Http/Request))
#50 C:/Users/EMANUELCLEMENTEMARTI/Downloads/sistema hotel/vendor/livewire/livewire/src/Features/SupportDisablingBackButtonCache/DisableBackButtonCacheMiddleware.php(19): Illuminate/Pipeline/Pipeline->{closure:Illuminate/Pipeline/Pipeline::prepareDestination():178}(Object(Illuminate/Http/Request))
#51 C:/Users/EMANUELCLEMENTEMARTI/Downloads/sistema hotel/vendor/laravel/framework/src/Illuminate/Pipeline/Pipeline.php(219): Livewire/Features/SupportDisablingBackButtonCache/DisableBackButtonCacheMiddleware->handle(Object(Illuminate/Http/Request), Object(Closure))
#52 C:/Users/EMANUELCLEMENTEMARTI/Downloads/sistema hotel/vendor/laravel/framework/src/Illuminate/Foundation/Http/Middleware/ConvertEmptyStringsToNull.php(27): Illuminate/Pipeline/Pipeline->{closure:{closure:Illuminate/Pipeline/Pipeline::carry():194}:195}(Object(Illuminate/Http/Request))
#53 C:/Users/EMANUELCLEMENTEMARTI/Downloads/sistema hotel/vendor/laravel/framework/src/Illuminate/Pipeline/Pipeline.php(219): Illuminate/Foundation/Http/Middleware/ConvertEmptyStringsToNull->handle(Object(Illuminate/Http/Request), Object(Closure))
#54 C:/Users/EMANUELCLEMENTEMARTI/Downloads/sistema hotel/vendor/laravel/framework/src/Illuminate/Foundation/Http/Middleware/TrimStrings.php(47): Illuminate/Pipeline/Pipeline->{closure:{closure:Illuminate/Pipeline/Pipeline::carry():194}:195}(Object(Illuminate/Http/Request))
#55 C:/Users/EMANUELCLEMENTEMARTI/Downloads/sistema hotel/vendor/laravel/framework/src/Illuminate/Pipeline/Pipeline.php(219): Illuminate/Foundation/Http/Middleware/TrimStrings->handle(Object(Illuminate/Http/Request), Object(Closure))
#56 C:/Users/EMANUELCLEMENTEMARTI/Downloads/sistema hotel/vendor/laravel/framework/src/Illuminate/Http/Middleware/ValidatePostSize.php(27): Illuminate/Pipeline/Pipeline->{closure:{closure:Illuminate/Pipeline/Pipeline::carry():194}:195}(Object(Illuminate/Http/Request))
#57 C:/Users/EMANUELCLEMENTEMARTI/Downloads/sistema hotel/vendor/laravel/framework/src/Illuminate/Pipeline/Pipeline.php(219): Illuminate/Http/Middleware/ValidatePostSize->handle(Object(Illuminate/Http/Request), Object(Closure))
#58 C:/Users/EMANUELCLEMENTEMARTI/Downloads/sistema hotel/vendor/laravel/framework/src/Illuminate/Foundation/Http/Middleware/PreventRequestsDuringMaintenance.php(109): Illuminate/Pipeline/Pipeline->{closure:{closure:Illuminate/Pipeline/Pipeline::carry():194}:195}(Object(Illuminate/Http/Request))
#59 C:/Users/EMANUELCLEMENTEMARTI/Downloads/sistema hotel/vendor/laravel/framework/src/Illuminate/Pipeline/Pipeline.php(219): Illuminate/Foundation/Http/Middleware/PreventRequestsDuringMaintenance->handle(Object(Illuminate/Http/Request), Object(Closure))
#60 C:/Users/EMANUELCLEMENTEMARTI/Downloads/sistema hotel/vendor/laravel/framework/src/Illuminate/Http/Middleware/HandleCors.php(61): Illuminate/Pipeline/Pipeline->{closure:{closure:Illuminate/Pipeline/Pipeline::carry():194}:195}(Object(Illuminate/Http/Request))
#61 C:/Users/EMANUELCLEMENTEMARTI/Downloads/sistema hotel/vendor/laravel/framework/src/Illuminate/Pipeline/Pipeline.php(219): Illuminate/Http/Middleware/HandleCors->handle(Object(Illuminate/Http/Request), Object(Closure))
#62 C:/Users/EMANUELCLEMENTEMARTI/Downloads/sistema hotel/vendor/laravel/framework/src/Illuminate/Http/Middleware/TrustProxies.php(58): Illuminate/Pipeline/Pipeline->{closure:{closure:Illuminate/Pipeline/Pipeline::carry():194}:195}(Object(Illuminate/Http/Request))
#63 C:/Users/EMANUELCLEMENTEMARTI/Downloads/sistema hotel/vendor/laravel/framework/src/Illuminate/Pipeline/Pipeline.php(219): Illuminate/Http/Middleware/TrustProxies->handle(Object(Illuminate/Http/Request), Object(Closure))
#64 C:/Users/EMANUELCLEMENTEMARTI/Downloads/sistema hotel/vendor/laravel/framework/src/Illuminate/Foundation/Http/Middleware/InvokeDeferredCallbacks.php(22): Illuminate/Pipeline/Pipeline->{closure:{closure:Illuminate/Pipeline/Pipeline::carry():194}:195}(Object(Illuminate/Http/Request))
#65 C:/Users/EMANUELCLEMENTEMARTI/Downloads/sistema hotel/vendor/laravel/framework/src/Illuminate/Pipeline/Pipeline.php(219): Illuminate/Foundation/Http/Middleware/InvokeDeferredCallbacks->handle(Object(Illuminate/Http/Request), Object(Closure))
#66 C:/Users/EMANUELCLEMENTEMARTI/Downloads/sistema hotel/vendor/laravel/framework/src/Illuminate/Http/Middleware/ValidatePathEncoding.php(26): Illuminate/Pipeline/Pipeline->{closure:{closure:Illuminate/Pipeline/Pipeline::carry():194}:195}(Object(Illuminate/Http/Request))
#67 C:/Users/EMANUELCLEMENTEMARTI/Downloads/sistema hotel/vendor/laravel/framework/src/Illuminate/Pipeline/Pipeline.php(219): Illuminate/Http/Middleware/ValidatePathEncoding->handle(Object(Illuminate/Http/Request), Object(Closure))
#68 C:/Users/EMANUELCLEMENTEMARTI/Downloads/sistema hotel/vendor/laravel/framework/src/Illuminate/Pipeline/Pipeline.php(137): Illuminate/Pipeline/Pipeline->{closure:{closure:Illuminate/Pipeline/Pipeline::carry():194}:195}(Object(Illuminate/Http/Request))
#69 C:/Users/EMANUELCLEMENTEMARTI/Downloads/sistema hotel/vendor/laravel/framework/src/Illuminate/Foundation/Http/Kernel.php(175): Illuminate/Pipeline/Pipeline->then(Object(Closure))
#70 C:/Users/EMANUELCLEMENTEMARTI/Downloads/sistema hotel/vendor/laravel/framework/src/Illuminate/Foundation/Http/Kernel.php(144): Illuminate/Foundation/Http/Kernel->sendRequestThroughRouter(Object(Illuminate/Http/Request))
#71 C:/Users/EMANUELCLEMENTEMARTI/Downloads/sistema hotel/vendor/laravel/framework/src/Illuminate/Foundation/Application.php(1220): Illuminate/Foundation/Http/Kernel->handle(Object(Illuminate/Http/Request))
#72 C:/Users/EMANUELCLEMENTEMARTI/Downloads/sistema hotel/public/index.php(17): Illuminate/Foundation/Application->handleRequest(Object(Illuminate/Http/Request))
#73 C:/Users/EMANUELCLEMENTEMARTI/Downloads/sistema hotel/vendor/laravel/framework/src/Illuminate/Foundation/resources/server.php(23): require_once('C://Users//EMANUE...')
#74 {main}
"} 
[2026-03-31 19:10:41] laravel.WARNING: League\Flysystem\AwsS3V3\AwsS3V3Adapter::mapS3ObjectMetadata(): Implicitly marking parameter $path as nullable is deprecated, the explicit nullable type must be used instead in C:\Users\EMANUELCLEMENTEMARTI\Downloads\sistema hotel\vendor\league\flysystem-aws-s3-v3\AwsS3V3Adapter.php on line 295  
[2026-03-31 19:17:09] laravel.EMERGENCY: Unable to create configured logger. Using emergency logger. {"exception":"[object] (InvalidArgumentException(code: 0): Driver [null] is not supported. at C:/Users/EMANUELCLEMENTEMARTI/Downloads/sistema hotel/vendor/laravel/framework/src/Illuminate/Log/LogManager.php:235)
[stacktrace]
#0 C:/Users/EMANUELCLEMENTEMARTI/Downloads/sistema hotel/vendor/laravel/framework/src/Illuminate/Log/LogManager.php(138): Illuminate/Log/LogManager->resolve('deprecations', Array)
#1 C:/Users/EMANUELCLEMENTEMARTI/Downloads/sistema hotel/vendor/laravel/framework/src/Illuminate/Log/LogManager.php(125): Illuminate/Log/LogManager->get('deprecations')
#2 C:/Users/EMANUELCLEMENTEMARTI/Downloads/sistema hotel/vendor/laravel/framework/src/Illuminate/Log/LogManager.php(114): Illuminate/Log/LogManager->driver('deprecations')
#3 C:/Users/EMANUELCLEMENTEMARTI/Downloads/sistema hotel/vendor/laravel/framework/src/Illuminate/Foundation/Bootstrap/HandleExceptions.php(105): Illuminate/Log/LogManager->channel('deprecations')
#4 C:/Users/EMANUELCLEMENTEMARTI/Downloads/sistema hotel/vendor/laravel/framework/src/Illuminate/Foundation/Bootstrap/HandleExceptions.php(74): Illuminate/Foundation/Bootstrap/HandleExceptions->handleDeprecationError('League//Flysyste...', 'C://Users//EMANUE...', 108, 8192)
#5 C:/Users/EMANUELCLEMENTEMARTI/Downloads/sistema hotel/vendor/laravel/framework/src/Illuminate/Foundation/Bootstrap/HandleExceptions.php(258): Illuminate/Foundation/Bootstrap/HandleExceptions->handleError(8192, 'League//Flysyste...', 'C://Users//EMANUE...', 108)
#6 C:/Users/EMANUELCLEMENTEMARTI/Downloads/sistema hotel/vendor/composer/ClassLoader.php(576): Illuminate/Foundation/Bootstrap/HandleExceptions->{closure:Illuminate/Foundation/Bootstrap/HandleExceptions::forwardsTo():257}(8192, 'League//Flysyste...', 'C://Users//EMANUE...', 108)
#7 C:/Users/EMANUELCLEMENTEMARTI/Downloads/sistema hotel/vendor/composer/ClassLoader.php(576): include('C://Users//EMANUE...')
#8 C:/Users/EMANUELCLEMENTEMARTI/Downloads/sistema hotel/vendor/composer/ClassLoader.php(427): {closure:Composer/Autoload/ClassLoader::initializeIncludeClosure():575}('C://Users//EMANUE...')
#9 C:/Users/EMANUELCLEMENTEMARTI/Downloads/sistema hotel/vendor/laravel/framework/src/Illuminate/Filesystem/FilesystemManager.php(257): Composer/Autoload/ClassLoader->loadClass('League//Flysyste...')
#10 C:/Users/EMANUELCLEMENTEMARTI/Downloads/sistema hotel/vendor/laravel/framework/src/Illuminate/Filesystem/FilesystemManager.php(153): Illuminate/Filesystem/FilesystemManager->createS3Driver(Array, 'supabase')
#11 C:/Users/EMANUELCLEMENTEMARTI/Downloads/sistema hotel/vendor/laravel/framework/src/Illuminate/Filesystem/FilesystemManager.php(121): Illuminate/Filesystem/FilesystemManager->resolve('supabase')
#12 C:/Users/EMANUELCLEMENTEMARTI/Downloads/sistema hotel/vendor/laravel/framework/src/Illuminate/Filesystem/FilesystemManager.php(84): Illuminate/Filesystem/FilesystemManager->get('supabase')
#13 C:/Users/EMANUELCLEMENTEMARTI/Downloads/sistema hotel/vendor/laravel/framework/src/Illuminate/Support/Facades/Facade.php(363): Illuminate/Filesystem/FilesystemManager->disk('supabase')
#14 C:/Users/EMANUELCLEMENTEMARTI/Downloads/sistema hotel/vendor/livewire/livewire/src/Features/SupportFileUploads/TemporaryUploadedFile.php(168): Illuminate/Support/Facades/Facade::__callStatic('disk', Array)
#15 C:/Users/EMANUELCLEMENTEMARTI/Downloads/sistema hotel/app/Livewire/ImageManager.php(92): Livewire/Features/SupportFileUploads/TemporaryUploadedFile->storeAs('', 'room_1_17749846...', Array)
#16 C:/Users/EMANUELCLEMENTEMARTI/Downloads/sistema hotel/vendor/laravel/framework/src/Illuminate/Container/BoundMethod.php(36): App/Livewire/ImageManager->uploadImage()
#17 C:/Users/EMANUELCLEMENTEMARTI/Downloads/sistema hotel/vendor/laravel/framework/src/Illuminate/Container/Util.php(43): Illuminate/Container/BoundMethod::{closure:Illuminate/Container/BoundMethod::call():35}()
#18 C:/Users/EMANUELCLEMENTEMARTI/Downloads/sistema hotel/vendor/laravel/framework/src/Illuminate/Container/BoundMethod.php(96): Illuminate/Container/Util::unwrapIfClosure(Object(Closure))
#19 C:/Users/EMANUELCLEMENTEMARTI/Downloads/sistema hotel/vendor/laravel/framework/src/Illuminate/Container/BoundMethod.php(35): Illuminate/Container/BoundMethod::callBoundMethod(Object(Illuminate/Foundation/Application), Array, Object(Closure))
#20 C:/Users/EMANUELCLEMENTEMARTI/Downloads/sistema hotel/vendor/livewire/livewire/src/Wrapped.php(23): Illuminate/Container/BoundMethod::call(Object(Illuminate/Foundation/Application), Array, Array)
#21 C:/Users/EMANUELCLEMENTEMARTI/Downloads/sistema hotel/vendor/livewire/livewire/src/Mechanisms/HandleComponents/HandleComponents.php(492): Livewire/Wrapped->__call('uploadImage', Array)
#22 C:/Users/EMANUELCLEMENTEMARTI/Downloads/sistema hotel/vendor/livewire/livewire/src/Mechanisms/HandleComponents/HandleComponents.php(101): Livewire/Mechanisms/HandleComponents/HandleComponents->callMethods(Object(App/Livewire/ImageManager), Array, Object(Livewire/Mechanisms/HandleComponents/ComponentContext))
#23 C:/Users/EMANUELCLEMENTEMARTI/Downloads/sistema hotel/vendor/livewire/livewire/src/LivewireManager.php(102): Livewire/Mechanisms/HandleComponents/HandleComponents->update(Array, Array, Array)
#24 C:/Users/EMANUELCLEMENTEMARTI/Downloads/sistema hotel/vendor/livewire/livewire/src/Mechanisms/HandleRequests/HandleRequests.php(131): Livewire/LivewireManager->update(Array, Array, Array)
#25 C:/Users/EMANUELCLEMENTEMARTI/Downloads/sistema hotel/vendor/laravel/framework/src/Illuminate/Routing/ControllerDispatcher.php(46): Livewire/Mechanisms/HandleRequests/HandleRequests->handleUpdate()
#26 C:/Users/EMANUELCLEMENTEMARTI/Downloads/sistema hotel/vendor/laravel/framework/src/Illuminate/Routing/Route.php(265): Illuminate/Routing/ControllerDispatcher->dispatch(Object(Illuminate/Routing/Route), Object(Livewire/Mechanisms/HandleRequests/HandleRequests), 'handleUpdate')
#27 C:/Users/EMANUELCLEMENTEMARTI/Downloads/sistema hotel/vendor/laravel/framework/src/Illuminate/Routing/Route.php(211): Illuminate/Routing/Route->runController()
#28 C:/Users/EMANUELCLEMENTEMARTI/Downloads/sistema hotel/vendor/laravel/framework/src/Illuminate/Routing/Router.php(822): Illuminate/Routing/Route->run()
#29 C:/Users/EMANUELCLEMENTEMARTI/Downloads/sistema hotel/vendor/laravel/framework/src/Illuminate/Pipeline/Pipeline.php(180): Illuminate/Routing/Router->{closure:Illuminate/Routing/Router::runRouteWithinStack():821}(Object(Illuminate/Http/Request))
#30 C:/Users/EMANUELCLEMENTEMARTI/Downloads/sistema hotel/vendor/laravel/framework/src/Illuminate/Routing/Middleware/SubstituteBindings.php(50): Illuminate/Pipeline/Pipeline->{closure:Illuminate/Pipeline/Pipeline::prepareDestination():178}(Object(Illuminate/Http/Request))
#31 C:/Users/EMANUELCLEMENTEMARTI/Downloads/sistema hotel/vendor/laravel/framework/src/Illuminate/Pipeline/Pipeline.php(219): Illuminate/Routing/Middleware/SubstituteBindings->handle(Object(Illuminate/Http/Request), Object(Closure))
#32 C:/Users/EMANUELCLEMENTEMARTI/Downloads/sistema hotel/vendor/laravel/framework/src/Illuminate/Foundation/Http/Middleware/VerifyCsrfToken.php(87): Illuminate/Pipeline/Pipeline->{closure:{closure:Illuminate/Pipeline/Pipeline::carry():194}:195}(Object(Illuminate/Http/Request))
#33 C:/Users/EMANUELCLEMENTEMARTI/Downloads/sistema hotel/vendor/laravel/framework/src/Illuminate/Pipeline/Pipeline.php(219): Illuminate/Foundation/Http/Middleware/VerifyCsrfToken->handle(Object(Illuminate/Http/Request), Object(Closure))
#34 C:/Users/EMANUELCLEMENTEMARTI/Downloads/sistema hotel/vendor/laravel/framework/src/Illuminate/View/Middleware/ShareErrorsFromSession.php(48): Illuminate/Pipeline/Pipeline->{closure:{closure:Illuminate/Pipeline/Pipeline::carry():194}:195}(Object(Illuminate/Http/Request))
#35 C:/Users/EMANUELCLEMENTEMARTI/Downloads/sistema hotel/vendor/laravel/framework/src/Illuminate/Pipeline/Pipeline.php(219): Illuminate/View/Middleware/ShareErrorsFromSession->handle(Object(Illuminate/Http/Request), Object(Closure))
#36 C:/Users/EMANUELCLEMENTEMARTI/Downloads/sistema hotel/vendor/laravel/framework/src/Illuminate/Session/Middleware/StartSession.php(120): Illuminate/Pipeline/Pipeline->{closure:{closure:Illuminate/Pipeline/Pipeline::carry():194}:195}(Object(Illuminate/Http/Request))
#37 C:/Users/EMANUELCLEMENTEMARTI/Downloads/sistema hotel/vendor/laravel/framework/src/Illuminate/Session/Middleware/StartSession.php(63): Illuminate/Session/Middleware/StartSession->handleStatefulRequest(Object(Illuminate/Http/Request), Object(Illuminate/Session/Store), Object(Closure))
#38 C:/Users/EMANUELCLEMENTEMARTI/Downloads/sistema hotel/vendor/laravel/framework/src/Illuminate/Pipeline/Pipeline.php(219): Illuminate/Session/Middleware/StartSession->handle(Object(Illuminate/Http/Request), Object(Closure))
#39 C:/Users/EMANUELCLEMENTEMARTI/Downloads/sistema hotel/vendor/laravel/framework/src/Illuminate/Cookie/Middleware/AddQueuedCookiesToResponse.php(36): Illuminate/Pipeline/Pipeline->{closure:{closure:Illuminate/Pipeline/Pipeline::carry():194}:195}(Object(Illuminate/Http/Request))
#40 C:/Users/EMANUELCLEMENTEMARTI/Downloads/sistema hotel/vendor/laravel/framework/src/Illuminate/Pipeline/Pipeline.php(219): Illuminate/Cookie/Middleware/AddQueuedCookiesToResponse->handle(Object(Illuminate/Http/Request), Object(Closure))
#41 C:/Users/EMANUELCLEMENTEMARTI/Downloads/sistema hotel/vendor/laravel/framework/src/Illuminate/Cookie/Middleware/EncryptCookies.php(74): Illuminate/Pipeline/Pipeline->{closure:{closure:Illuminate/Pipeline/Pipeline::carry():194}:195}(Object(Illuminate/Http/Request))
#42 C:/Users/EMANUELCLEMENTEMARTI/Downloads/sistema hotel/vendor/laravel/framework/src/Illuminate/Pipeline/Pipeline.php(219): Illuminate/Cookie/Middleware/EncryptCookies->handle(Object(Illuminate/Http/Request), Object(Closure))
#43 C:/Users/EMANUELCLEMENTEMARTI/Downloads/sistema hotel/vendor/laravel/framework/src/Illuminate/Pipeline/Pipeline.php(137): Illuminate/Pipeline/Pipeline->{closure:{closure:Illuminate/Pipeline/Pipeline::carry():194}:195}(Object(Illuminate/Http/Request))
#44 C:/Users/EMANUELCLEMENTEMARTI/Downloads/sistema hotel/vendor/laravel/framework/src/Illuminate/Routing/Router.php(821): Illuminate/Pipeline/Pipeline->then(Object(Closure))
#45 C:/Users/EMANUELCLEMENTEMARTI/Downloads/sistema hotel/vendor/laravel/framework/src/Illuminate/Routing/Router.php(800): Illuminate/Routing/Router->runRouteWithinStack(Object(Illuminate/Routing/Route), Object(Illuminate/Http/Request))
#46 C:/Users/EMANUELCLEMENTEMARTI/Downloads/sistema hotel/vendor/laravel/framework/src/Illuminate/Routing/Router.php(764): Illuminate/Routing/Router->runRoute(Object(Illuminate/Http/Request), Object(Illuminate/Routing/Route))
#47 C:/Users/EMANUELCLEMENTEMARTI/Downloads/sistema hotel/vendor/laravel/framework/src/Illuminate/Routing/Router.php(753): Illuminate/Routing/Router->dispatchToRoute(Object(Illuminate/Http/Request))
#48 C:/Users/EMANUELCLEMENTEMARTI/Downloads/sistema hotel/vendor/laravel/framework/src/Illuminate/Foundation/Http/Kernel.php(200): Illuminate/Routing/Router->dispatch(Object(Illuminate/Http/Request))
#49 C:/Users/EMANUELCLEMENTEMARTI/Downloads/sistema hotel/vendor/laravel/framework/src/Illuminate/Pipeline/Pipeline.php(180): Illuminate/Foundation/Http/Kernel->{closure:Illuminate/Foundation/Http/Kernel::dispatchToRouter():197}(Object(Illuminate/Http/Request))
#50 C:/Users/EMANUELCLEMENTEMARTI/Downloads/sistema hotel/vendor/livewire/livewire/src/Features/SupportDisablingBackButtonCache/DisableBackButtonCacheMiddleware.php(19): Illuminate/Pipeline/Pipeline->{closure:Illuminate/Pipeline/Pipeline::prepareDestination():178}(Object(Illuminate/Http/Request))
#51 C:/Users/EMANUELCLEMENTEMARTI/Downloads/sistema hotel/vendor/laravel/framework/src/Illuminate/Pipeline/Pipeline.php(219): Livewire/Features/SupportDisablingBackButtonCache/DisableBackButtonCacheMiddleware->handle(Object(Illuminate/Http/Request), Object(Closure))
#52 C:/Users/EMANUELCLEMENTEMARTI/Downloads/sistema hotel/vendor/laravel/framework/src/Illuminate/Foundation/Http/Middleware/ConvertEmptyStringsToNull.php(27): Illuminate/Pipeline/Pipeline->{closure:{closure:Illuminate/Pipeline/Pipeline::carry():194}:195}(Object(Illuminate/Http/Request))
#53 C:/Users/EMANUELCLEMENTEMARTI/Downloads/sistema hotel/vendor/laravel/framework/src/Illuminate/Pipeline/Pipeline.php(219): Illuminate/Foundation/Http/Middleware/ConvertEmptyStringsToNull->handle(Object(Illuminate/Http/Request), Object(Closure))
#54 C:/Users/EMANUELCLEMENTEMARTI/Downloads/sistema hotel/vendor/laravel/framework/src/Illuminate/Foundation/Http/Middleware/TrimStrings.php(47): Illuminate/Pipeline/Pipeline->{closure:{closure:Illuminate/Pipeline/Pipeline::carry():194}:195}(Object(Illuminate/Http/Request))
#55 C:/Users/EMANUELCLEMENTEMARTI/Downloads/sistema hotel/vendor/laravel/framework/src/Illuminate/Pipeline/Pipeline.php(219): Illuminate/Foundation/Http/Middleware/TrimStrings->handle(Object(Illuminate/Http/Request), Object(Closure))
#56 C:/Users/EMANUELCLEMENTEMARTI/Downloads/sistema hotel/vendor/laravel/framework/src/Illuminate/Http/Middleware/ValidatePostSize.php(27): Illuminate/Pipeline/Pipeline->{closure:{closure:Illuminate/Pipeline/Pipeline::carry():194}:195}(Object(Illuminate/Http/Request))
#57 C:/Users/EMANUELCLEMENTEMARTI/Downloads/sistema hotel/vendor/laravel/framework/src/Illuminate/Pipeline/Pipeline.php(219): Illuminate/Http/Middleware/ValidatePostSize->handle(Object(Illuminate/Http/Request), Object(Closure))
#58 C:/Users/EMANUELCLEMENTEMARTI/Downloads/sistema hotel/vendor/laravel/framework/src/Illuminate/Foundation/Http/Middleware/PreventRequestsDuringMaintenance.php(109): Illuminate/Pipeline/Pipeline->{closure:{closure:Illuminate/Pipeline/Pipeline::carry():194}:195}(Object(Illuminate/Http/Request))
#59 C:/Users/EMANUELCLEMENTEMARTI/Downloads/sistema hotel/vendor/laravel/framework/src/Illuminate/Pipeline/Pipeline.php(219): Illuminate/Foundation/Http/Middleware/PreventRequestsDuringMaintenance->handle(Object(Illuminate/Http/Request), Object(Closure))
#60 C:/Users/EMANUELCLEMENTEMARTI/Downloads/sistema hotel/vendor/laravel/framework/src/Illuminate/Http/Middleware/HandleCors.php(61): Illuminate/Pipeline/Pipeline->{closure:{closure:Illuminate/Pipeline/Pipeline::carry():194}:195}(Object(Illuminate/Http/Request))
#61 C:/Users/EMANUELCLEMENTEMARTI/Downloads/sistema hotel/vendor/laravel/framework/src/Illuminate/Pipeline/Pipeline.php(219): Illuminate/Http/Middleware/HandleCors->handle(Object(Illuminate/Http/Request), Object(Closure))
#62 C:/Users/EMANUELCLEMENTEMARTI/Downloads/sistema hotel/vendor/laravel/framework/src/Illuminate/Http/Middleware/TrustProxies.php(58): Illuminate/Pipeline/Pipeline->{closure:{closure:Illuminate/Pipeline/Pipeline::carry():194}:195}(Object(Illuminate/Http/Request))
#63 C:/Users/EMANUELCLEMENTEMARTI/Downloads/sistema hotel/vendor/laravel/framework/src/Illuminate/Pipeline/Pipeline.php(219): Illuminate/Http/Middleware/TrustProxies->handle(Object(Illuminate/Http/Request), Object(Closure))
#64 C:/Users/EMANUELCLEMENTEMARTI/Downloads/sistema hotel/vendor/laravel/framework/src/Illuminate/Foundation/Http/Middleware/InvokeDeferredCallbacks.php(22): Illuminate/Pipeline/Pipeline->{closure:{closure:Illuminate/Pipeline/Pipeline::carry():194}:195}(Object(Illuminate/Http/Request))
#65 C:/Users/EMANUELCLEMENTEMARTI/Downloads/sistema hotel/vendor/laravel/framework/src/Illuminate/Pipeline/Pipeline.php(219): Illuminate/Foundation/Http/Middleware/InvokeDeferredCallbacks->handle(Object(Illuminate/Http/Request), Object(Closure))
#66 C:/Users/EMANUELCLEMENTEMARTI/Downloads/sistema hotel/vendor/laravel/framework/src/Illuminate/Http/Middleware/ValidatePathEncoding.php(26): Illuminate/Pipeline/Pipeline->{closure:{closure:Illuminate/Pipeline/Pipeline::carry():194}:195}(Object(Illuminate/Http/Request))
#67 C:/Users/EMANUELCLEMENTEMARTI/Downloads/sistema hotel/vendor/laravel/framework/src/Illuminate/Pipeline/Pipeline.php(219): Illuminate/Http/Middleware/ValidatePathEncoding->handle(Object(Illuminate/Http/Request), Object(Closure))
#68 C:/Users/EMANUELCLEMENTEMARTI/Downloads/sistema hotel/vendor/laravel/framework/src/Illuminate/Pipeline/Pipeline.php(137): Illuminate/Pipeline/Pipeline->{closure:{closure:Illuminate/Pipeline/Pipeline::carry():194}:195}(Object(Illuminate/Http/Request))
#69 C:/Users/EMANUELCLEMENTEMARTI/Downloads/sistema hotel/vendor/laravel/framework/src/Illuminate/Foundation/Http/Kernel.php(175): Illuminate/Pipeline/Pipeline->then(Object(Closure))
#70 C:/Users/EMANUELCLEMENTEMARTI/Downloads/sistema hotel/vendor/laravel/framework/src/Illuminate/Foundation/Http/Kernel.php(144): Illuminate/Foundation/Http/Kernel->sendRequestThroughRouter(Object(Illuminate/Http/Request))
#71 C:/Users/EMANUELCLEMENTEMARTI/Downloads/sistema hotel/vendor/laravel/framework/src/Illuminate/Foundation/Application.php(1220): Illuminate/Foundation/Http/Kernel->handle(Object(Illuminate/Http/Request))
#72 C:/Users/EMANUELCLEMENTEMARTI/Downloads/sistema hotel/public/index.php(17): Illuminate/Foundation/Application->handleRequest(Object(Illuminate/Http/Request))
#73 C:/Users/EMANUELCLEMENTEMARTI/Downloads/sistema hotel/vendor/laravel/framework/src/Illuminate/Foundation/resources/server.php(23): require_once('C://Users//EMANUE...')
#74 {main}
"} 
[2026-03-31 19:17:09] laravel.WARNING: League\Flysystem\AwsS3V3\AwsS3V3Adapter::__construct(): Implicitly marking parameter $visibility as nullable is deprecated, the explicit nullable type must be used instead in C:\Users\EMANUELCLEMENTEMARTI\Downloads\sistema hotel\vendor\league\flysystem-aws-s3-v3\AwsS3V3Adapter.php on line 108  
[2026-03-31 19:17:09] laravel.EMERGENCY: Unable to create configured logger. Using emergency logger. {"exception":"[object] (InvalidArgumentException(code: 0): Driver [null] is not supported. at C:/Users/EMANUELCLEMENTEMARTI/Downloads/sistema hotel/vendor/laravel/framework/src/Illuminate/Log/LogManager.php:235)
[stacktrace]
#0 C:/Users/EMANUELCLEMENTEMARTI/Downloads/sistema hotel/vendor/laravel/framework/src/Illuminate/Log/LogManager.php(138): Illuminate/Log/LogManager->resolve('deprecations', Array)
#1 C:/Users/EMANUELCLEMENTEMARTI/Downloads/sistema hotel/vendor/laravel/framework/src/Illuminate/Log/LogManager.php(125): Illuminate/Log/LogManager->get('deprecations')
#2 C:/Users/EMANUELCLEMENTEMARTI/Downloads/sistema hotel/vendor/laravel/framework/src/Illuminate/Log/LogManager.php(114): Illuminate/Log/LogManager->driver('deprecations')
#3 C:/Users/EMANUELCLEMENTEMARTI/Downloads/sistema hotel/vendor/laravel/framework/src/Illuminate/Foundation/Bootstrap/HandleExceptions.php(105): Illuminate/Log/LogManager->channel('deprecations')
#4 C:/Users/EMANUELCLEMENTEMARTI/Downloads/sistema hotel/vendor/laravel/framework/src/Illuminate/Foundation/Bootstrap/HandleExceptions.php(74): Illuminate/Foundation/Bootstrap/HandleExceptions->handleDeprecationError('League//Flysyste...', 'C://Users//EMANUE...', 0, 8192)
#5 C:/Users/EMANUELCLEMENTEMARTI/Downloads/sistema hotel/vendor/laravel/framework/src/Illuminate/Foundation/Bootstrap/HandleExceptions.php(258): Illuminate/Foundation/Bootstrap/HandleExceptions->handleError(8192, 'League//Flysyste...', 'C://Users//EMANUE...', 0)
#6 C:/Users/EMANUELCLEMENTEMARTI/Downloads/sistema hotel/vendor/composer/ClassLoader.php(576): Illuminate/Foundation/Bootstrap/HandleExceptions->{closure:Illuminate/Foundation/Bootstrap/HandleExceptions::forwardsTo():257}(8192, 'League//Flysyste...', 'C://Users//EMANUE...', 0)
#7 C:/Users/EMANUELCLEMENTEMARTI/Downloads/sistema hotel/vendor/composer/ClassLoader.php(576): include('C://Users//EMANUE...')
#8 C:/Users/EMANUELCLEMENTEMARTI/Downloads/sistema hotel/vendor/composer/ClassLoader.php(427): {closure:Composer/Autoload/ClassLoader::initializeIncludeClosure():575}('C://Users//EMANUE...')
#9 C:/Users/EMANUELCLEMENTEMARTI/Downloads/sistema hotel/vendor/laravel/framework/src/Illuminate/Filesystem/FilesystemManager.php(257): Composer/Autoload/ClassLoader->loadClass('League//Flysyste...')
#10 C:/Users/EMANUELCLEMENTEMARTI/Downloads/sistema hotel/vendor/laravel/framework/src/Illuminate/Filesystem/FilesystemManager.php(153): Illuminate/Filesystem/FilesystemManager->createS3Driver(Array, 'supabase')
#11 C:/Users/EMANUELCLEMENTEMARTI/Downloads/sistema hotel/vendor/laravel/framework/src/Illuminate/Filesystem/FilesystemManager.php(121): Illuminate/Filesystem/FilesystemManager->resolve('supabase')
#12 C:/Users/EMANUELCLEMENTEMARTI/Downloads/sistema hotel/vendor/laravel/framework/src/Illuminate/Filesystem/FilesystemManager.php(84): Illuminate/Filesystem/FilesystemManager->get('supabase')
#13 C:/Users/EMANUELCLEMENTEMARTI/Downloads/sistema hotel/vendor/laravel/framework/src/Illuminate/Support/Facades/Facade.php(363): Illuminate/Filesystem/FilesystemManager->disk('supabase')
#14 C:/Users/EMANUELCLEMENTEMARTI/Downloads/sistema hotel/vendor/livewire/livewire/src/Features/SupportFileUploads/TemporaryUploadedFile.php(168): Illuminate/Support/Facades/Facade::__callStatic('disk', Array)
#15 C:/Users/EMANUELCLEMENTEMARTI/Downloads/sistema hotel/app/Livewire/ImageManager.php(92): Livewire/Features/SupportFileUploads/TemporaryUploadedFile->storeAs('', 'room_1_17749846...', Array)
#16 C:/Users/EMANUELCLEMENTEMARTI/Downloads/sistema hotel/vendor/laravel/framework/src/Illuminate/Container/BoundMethod.php(36): App/Livewire/ImageManager->uploadImage()
#17 C:/Users/EMANUELCLEMENTEMARTI/Downloads/sistema hotel/vendor/laravel/framework/src/Illuminate/Container/Util.php(43): Illuminate/Container/BoundMethod::{closure:Illuminate/Container/BoundMethod::call():35}()
#18 C:/Users/EMANUELCLEMENTEMARTI/Downloads/sistema hotel/vendor/laravel/framework/src/Illuminate/Container/BoundMethod.php(96): Illuminate/Container/Util::unwrapIfClosure(Object(Closure))
#19 C:/Users/EMANUELCLEMENTEMARTI/Downloads/sistema hotel/vendor/laravel/framework/src/Illuminate/Container/BoundMethod.php(35): Illuminate/Container/BoundMethod::callBoundMethod(Object(Illuminate/Foundation/Application), Array, Object(Closure))
#20 C:/Users/EMANUELCLEMENTEMARTI/Downloads/sistema hotel/vendor/livewire/livewire/src/Wrapped.php(23): Illuminate/Container/BoundMethod::call(Object(Illuminate/Foundation/Application), Array, Array)
#21 C:/Users/EMANUELCLEMENTEMARTI/Downloads/sistema hotel/vendor/livewire/livewire/src/Mechanisms/HandleComponents/HandleComponents.php(492): Livewire/Wrapped->__call('uploadImage', Array)
#22 C:/Users/EMANUELCLEMENTEMARTI/Downloads/sistema hotel/vendor/livewire/livewire/src/Mechanisms/HandleComponents/HandleComponents.php(101): Livewire/Mechanisms/HandleComponents/HandleComponents->callMethods(Object(App/Livewire/ImageManager), Array, Object(Livewire/Mechanisms/HandleComponents/ComponentContext))
#23 C:/Users/EMANUELCLEMENTEMARTI/Downloads/sistema hotel/vendor/livewire/livewire/src/LivewireManager.php(102): Livewire/Mechanisms/HandleComponents/HandleComponents->update(Array, Array, Array)
#24 C:/Users/EMANUELCLEMENTEMARTI/Downloads/sistema hotel/vendor/livewire/livewire/src/Mechanisms/HandleRequests/HandleRequests.php(131): Livewire/LivewireManager->update(Array, Array, Array)
#25 C:/Users/EMANUELCLEMENTEMARTI/Downloads/sistema hotel/vendor/laravel/framework/src/Illuminate/Routing/ControllerDispatcher.php(46): Livewire/Mechanisms/HandleRequests/HandleRequests->handleUpdate()
#26 C:/Users/EMANUELCLEMENTEMARTI/Downloads/sistema hotel/vendor/laravel/framework/src/Illuminate/Routing/Route.php(265): Illuminate/Routing/ControllerDispatcher->dispatch(Object(Illuminate/Routing/Route), Object(Livewire/Mechanisms/HandleRequests/HandleRequests), 'handleUpdate')
#27 C:/Users/EMANUELCLEMENTEMARTI/Downloads/sistema hotel/vendor/laravel/framework/src/Illuminate/Routing/Route.php(211): Illuminate/Routing/Route->runController()
#28 C:/Users/EMANUELCLEMENTEMARTI/Downloads/sistema hotel/vendor/laravel/framework/src/Illuminate/Routing/Router.php(822): Illuminate/Routing/Route->run()
#29 C:/Users/EMANUELCLEMENTEMARTI/Downloads/sistema hotel/vendor/laravel/framework/src/Illuminate/Pipeline/Pipeline.php(180): Illuminate/Routing/Router->{closure:Illuminate/Routing/Router::runRouteWithinStack():821}(Object(Illuminate/Http/Request))
#30 C:/Users/EMANUELCLEMENTEMARTI/Downloads/sistema hotel/vendor/laravel/framework/src/Illuminate/Routing/Middleware/SubstituteBindings.php(50): Illuminate/Pipeline/Pipeline->{closure:Illuminate/Pipeline/Pipeline::prepareDestination():178}(Object(Illuminate/Http/Request))
#31 C:/Users/EMANUELCLEMENTEMARTI/Downloads/sistema hotel/vendor/laravel/framework/src/Illuminate/Pipeline/Pipeline.php(219): Illuminate/Routing/Middleware/SubstituteBindings->handle(Object(Illuminate/Http/Request), Object(Closure))
#32 C:/Users/EMANUELCLEMENTEMARTI/Downloads/sistema hotel/vendor/laravel/framework/src/Illuminate/Foundation/Http/Middleware/VerifyCsrfToken.php(87): Illuminate/Pipeline/Pipeline->{closure:{closure:Illuminate/Pipeline/Pipeline::carry():194}:195}(Object(Illuminate/Http/Request))
#33 C:/Users/EMANUELCLEMENTEMARTI/Downloads/sistema hotel/vendor/laravel/framework/src/Illuminate/Pipeline/Pipeline.php(219): Illuminate/Foundation/Http/Middleware/VerifyCsrfToken->handle(Object(Illuminate/Http/Request), Object(Closure))
#34 C:/Users/EMANUELCLEMENTEMARTI/Downloads/sistema hotel/vendor/laravel/framework/src/Illuminate/View/Middleware/ShareErrorsFromSession.php(48): Illuminate/Pipeline/Pipeline->{closure:{closure:Illuminate/Pipeline/Pipeline::carry():194}:195}(Object(Illuminate/Http/Request))
#35 C:/Users/EMANUELCLEMENTEMARTI/Downloads/sistema hotel/vendor/laravel/framework/src/Illuminate/Pipeline/Pipeline.php(219): Illuminate/View/Middleware/ShareErrorsFromSession->handle(Object(Illuminate/Http/Request), Object(Closure))
#36 C:/Users/EMANUELCLEMENTEMARTI/Downloads/sistema hotel/vendor/laravel/framework/src/Illuminate/Session/Middleware/StartSession.php(120): Illuminate/Pipeline/Pipeline->{closure:{closure:Illuminate/Pipeline/Pipeline::carry():194}:195}(Object(Illuminate/Http/Request))
#37 C:/Users/EMANUELCLEMENTEMARTI/Downloads/sistema hotel/vendor/laravel/framework/src/Illuminate/Session/Middleware/StartSession.php(63): Illuminate/Session/Middleware/StartSession->handleStatefulRequest(Object(Illuminate/Http/Request), Object(Illuminate/Session/Store), Object(Closure))
#38 C:/Users/EMANUELCLEMENTEMARTI/Downloads/sistema hotel/vendor/laravel/framework/src/Illuminate/Pipeline/Pipeline.php(219): Illuminate/Session/Middleware/StartSession->handle(Object(Illuminate/Http/Request), Object(Closure))
#39 C:/Users/EMANUELCLEMENTEMARTI/Downloads/sistema hotel/vendor/laravel/framework/src/Illuminate/Cookie/Middleware/AddQueuedCookiesToResponse.php(36): Illuminate/Pipeline/Pipeline->{closure:{closure:Illuminate/Pipeline/Pipeline::carry():194}:195}(Object(Illuminate/Http/Request))
#40 C:/Users/EMANUELCLEMENTEMARTI/Downloads/sistema hotel/vendor/laravel/framework/src/Illuminate/Pipeline/Pipeline.php(219): Illuminate/Cookie/Middleware/AddQueuedCookiesToResponse->handle(Object(Illuminate/Http/Request), Object(Closure))
#41 C:/Users/EMANUELCLEMENTEMARTI/Downloads/sistema hotel/vendor/laravel/framework/src/Illuminate/Cookie/Middleware/EncryptCookies.php(74): Illuminate/Pipeline/Pipeline->{closure:{closure:Illuminate/Pipeline/Pipeline::carry():194}:195}(Object(Illuminate/Http/Request))
#42 C:/Users/EMANUELCLEMENTEMARTI/Downloads/sistema hotel/vendor/laravel/framework/src/Illuminate/Pipeline/Pipeline.php(219): Illuminate/Cookie/Middleware/EncryptCookies->handle(Object(Illuminate/Http/Request), Object(Closure))
#43 C:/Users/EMANUELCLEMENTEMARTI/Downloads/sistema hotel/vendor/laravel/framework/src/Illuminate/Pipeline/Pipeline.php(137): Illuminate/Pipeline/Pipeline->{closure:{closure:Illuminate/Pipeline/Pipeline::carry():194}:195}(Object(Illuminate/Http/Request))
#44 C:/Users/EMANUELCLEMENTEMARTI/Downloads/sistema hotel/vendor/laravel/framework/src/Illuminate/Routing/Router.php(821): Illuminate/Pipeline/Pipeline->then(Object(Closure))
#45 C:/Users/EMANUELCLEMENTEMARTI/Downloads/sistema hotel/vendor/laravel/framework/src/Illuminate/Routing/Router.php(800): Illuminate/Routing/Router->runRouteWithinStack(Object(Illuminate/Routing/Route), Object(Illuminate/Http/Request))
#46 C:/Users/EMANUELCLEMENTEMARTI/Downloads/sistema hotel/vendor/laravel/framework/src/Illuminate/Routing/Router.php(764): Illuminate/Routing/Router->runRoute(Object(Illuminate/Http/Request), Object(Illuminate/Routing/Route))
#47 C:/Users/EMANUELCLEMENTEMARTI/Downloads/sistema hotel/vendor/laravel/framework/src/Illuminate/Routing/Router.php(753): Illuminate/Routing/Router->dispatchToRoute(Object(Illuminate/Http/Request))
#48 C:/Users/EMANUELCLEMENTEMARTI/Downloads/sistema hotel/vendor/laravel/framework/src/Illuminate/Foundation/Http/Kernel.php(200): Illuminate/Routing/Router->dispatch(Object(Illuminate/Http/Request))
#49 C:/Users/EMANUELCLEMENTEMARTI/Downloads/sistema hotel/vendor/laravel/framework/src/Illuminate/Pipeline/Pipeline.php(180): Illuminate/Foundation/Http/Kernel->{closure:Illuminate/Foundation/Http/Kernel::dispatchToRouter():197}(Object(Illuminate/Http/Request))
#50 C:/Users/EMANUELCLEMENTEMARTI/Downloads/sistema hotel/vendor/livewire/livewire/src/Features/SupportDisablingBackButtonCache/DisableBackButtonCacheMiddleware.php(19): Illuminate/Pipeline/Pipeline->{closure:Illuminate/Pipeline/Pipeline::prepareDestination():178}(Object(Illuminate/Http/Request))
#51 C:/Users/EMANUELCLEMENTEMARTI/Downloads/sistema hotel/vendor/laravel/framework/src/Illuminate/Pipeline/Pipeline.php(219): Livewire/Features/SupportDisablingBackButtonCache/DisableBackButtonCacheMiddleware->handle(Object(Illuminate/Http/Request), Object(Closure))
#52 C:/Users/EMANUELCLEMENTEMARTI/Downloads/sistema hotel/vendor/laravel/framework/src/Illuminate/Foundation/Http/Middleware/ConvertEmptyStringsToNull.php(27): Illuminate/Pipeline/Pipeline->{closure:{closure:Illuminate/Pipeline/Pipeline::carry():194}:195}(Object(Illuminate/Http/Request))
#53 C:/Users/EMANUELCLEMENTEMARTI/Downloads/sistema hotel/vendor/laravel/framework/src/Illuminate/Pipeline/Pipeline.php(219): Illuminate/Foundation/Http/Middleware/ConvertEmptyStringsToNull->handle(Object(Illuminate/Http/Request), Object(Closure))
#54 C:/Users/EMANUELCLEMENTEMARTI/Downloads/sistema hotel/vendor/laravel/framework/src/Illuminate/Foundation/Http/Middleware/TrimStrings.php(47): Illuminate/Pipeline/Pipeline->{closure:{closure:Illuminate/Pipeline/Pipeline::carry():194}:195}(Object(Illuminate/Http/Request))
#55 C:/Users/EMANUELCLEMENTEMARTI/Downloads/sistema hotel/vendor/laravel/framework/src/Illuminate/Pipeline/Pipeline.php(219): Illuminate/Foundation/Http/Middleware/TrimStrings->handle(Object(Illuminate/Http/Request), Object(Closure))
#56 C:/Users/EMANUELCLEMENTEMARTI/Downloads/sistema hotel/vendor/laravel/framework/src/Illuminate/Http/Middleware/ValidatePostSize.php(27): Illuminate/Pipeline/Pipeline->{closure:{closure:Illuminate/Pipeline/Pipeline::carry():194}:195}(Object(Illuminate/Http/Request))
#57 C:/Users/EMANUELCLEMENTEMARTI/Downloads/sistema hotel/vendor/laravel/framework/src/Illuminate/Pipeline/Pipeline.php(219): Illuminate/Http/Middleware/ValidatePostSize->handle(Object(Illuminate/Http/Request), Object(Closure))
#58 C:/Users/EMANUELCLEMENTEMARTI/Downloads/sistema hotel/vendor/laravel/framework/src/Illuminate/Foundation/Http/Middleware/PreventRequestsDuringMaintenance.php(109): Illuminate/Pipeline/Pipeline->{closure:{closure:Illuminate/Pipeline/Pipeline::carry():194}:195}(Object(Illuminate/Http/Request))
#59 C:/Users/EMANUELCLEMENTEMARTI/Downloads/sistema hotel/vendor/laravel/framework/src/Illuminate/Pipeline/Pipeline.php(219): Illuminate/Foundation/Http/Middleware/PreventRequestsDuringMaintenance->handle(Object(Illuminate/Http/Request), Object(Closure))
#60 C:/Users/EMANUELCLEMENTEMARTI/Downloads/sistema hotel/vendor/laravel/framework/src/Illuminate/Http/Middleware/HandleCors.php(61): Illuminate/Pipeline/Pipeline->{closure:{closure:Illuminate/Pipeline/Pipeline::carry():194}:195}(Object(Illuminate/Http/Request))
#61 C:/Users/EMANUELCLEMENTEMARTI/Downloads/sistema hotel/vendor/laravel/framework/src/Illuminate/Pipeline/Pipeline.php(219): Illuminate/Http/Middleware/HandleCors->handle(Object(Illuminate/Http/Request), Object(Closure))
#62 C:/Users/EMANUELCLEMENTEMARTI/Downloads/sistema hotel/vendor/laravel/framework/src/Illuminate/Http/Middleware/TrustProxies.php(58): Illuminate/Pipeline/Pipeline->{closure:{closure:Illuminate/Pipeline/Pipeline::carry():194}:195}(Object(Illuminate/Http/Request))
#63 C:/Users/EMANUELCLEMENTEMARTI/Downloads/sistema hotel/vendor/laravel/framework/src/Illuminate/Pipeline/Pipeline.php(219): Illuminate/Http/Middleware/TrustProxies->handle(Object(Illuminate/Http/Request), Object(Closure))
#64 C:/Users/EMANUELCLEMENTEMARTI/Downloads/sistema hotel/vendor/laravel/framework/src/Illuminate/Foundation/Http/Middleware/InvokeDeferredCallbacks.php(22): Illuminate/Pipeline/Pipeline->{closure:{closure:Illuminate/Pipeline/Pipeline::carry():194}:195}(Object(Illuminate/Http/Request))
#65 C:/Users/EMANUELCLEMENTEMARTI/Downloads/sistema hotel/vendor/laravel/framework/src/Illuminate/Pipeline/Pipeline.php(219): Illuminate/Foundation/Http/Middleware/InvokeDeferredCallbacks->handle(Object(Illuminate/Http/Request), Object(Closure))
#66 C:/Users/EMANUELCLEMENTEMARTI/Downloads/sistema hotel/vendor/laravel/framework/src/Illuminate/Http/Middleware/ValidatePathEncoding.php(26): Illuminate/Pipeline/Pipeline->{closure:{closure:Illuminate/Pipeline/Pipeline::carry():194}:195}(Object(Illuminate/Http/Request))
#67 C:/Users/EMANUELCLEMENTEMARTI/Downloads/sistema hotel/vendor/laravel/framework/src/Illuminate/Pipeline/Pipeline.php(219): Illuminate/Http/Middleware/ValidatePathEncoding->handle(Object(Illuminate/Http/Request), Object(Closure))
#68 C:/Users/EMANUELCLEMENTEMARTI/Downloads/sistema hotel/vendor/laravel/framework/src/Illuminate/Pipeline/Pipeline.php(137): Illuminate/Pipeline/Pipeline->{closure:{closure:Illuminate/Pipeline/Pipeline::carry():194}:195}(Object(Illuminate/Http/Request))
#69 C:/Users/EMANUELCLEMENTEMARTI/Downloads/sistema hotel/vendor/laravel/framework/src/Illuminate/Foundation/Http/Kernel.php(175): Illuminate/Pipeline/Pipeline->then(Object(Closure))
#70 C:/Users/EMANUELCLEMENTEMARTI/Downloads/sistema hotel/vendor/laravel/framework/src/Illuminate/Foundation/Http/Kernel.php(144): Illuminate/Foundation/Http/Kernel->sendRequestThroughRouter(Object(Illuminate/Http/Request))
#71 C:/Users/EMANUELCLEMENTEMARTI/Downloads/sistema hotel/vendor/laravel/framework/src/Illuminate/Foundation/Application.php(1220): Illuminate/Foundation/Http/Kernel->handle(Object(Illuminate/Http/Request))
#72 C:/Users/EMANUELCLEMENTEMARTI/Downloads/sistema hotel/public/index.php(17): Illuminate/Foundation/Application->handleRequest(Object(Illuminate/Http/Request))
#73 C:/Users/EMANUELCLEMENTEMARTI/Downloads/sistema hotel/vendor/laravel/framework/src/Illuminate/Foundation/resources/server.php(23): require_once('C://Users//EMANUE...')
#74 {main}
"} 
[2026-03-31 19:17:09] laravel.WARNING: League\Flysystem\AwsS3V3\AwsS3V3Adapter::__construct(): Implicitly marking parameter $mimeTypeDetector as nullable is deprecated, the explicit nullable type must be used instead in C:\Users\EMANUELCLEMENTEMARTI\Downloads\sistema hotel\vendor\league\flysystem-aws-s3-v3\AwsS3V3Adapter.php on line 0  
[2026-03-31 19:17:09] laravel.EMERGENCY: Unable to create configured logger. Using emergency logger. {"exception":"[object] (InvalidArgumentException(code: 0): Driver [null] is not supported. at C:/Users/EMANUELCLEMENTEMARTI/Downloads/sistema hotel/vendor/laravel/framework/src/Illuminate/Log/LogManager.php:235)
[stacktrace]
#0 C:/Users/EMANUELCLEMENTEMARTI/Downloads/sistema hotel/vendor/laravel/framework/src/Illuminate/Log/LogManager.php(138): Illuminate/Log/LogManager->resolve('deprecations', Array)
#1 C:/Users/EMANUELCLEMENTEMARTI/Downloads/sistema hotel/vendor/laravel/framework/src/Illuminate/Log/LogManager.php(125): Illuminate/Log/LogManager->get('deprecations')
#2 C:/Users/EMANUELCLEMENTEMARTI/Downloads/sistema hotel/vendor/laravel/framework/src/Illuminate/Log/LogManager.php(114): Illuminate/Log/LogManager->driver('deprecations')
#3 C:/Users/EMANUELCLEMENTEMARTI/Downloads/sistema hotel/vendor/laravel/framework/src/Illuminate/Foundation/Bootstrap/HandleExceptions.php(105): Illuminate/Log/LogManager->channel('deprecations')
#4 C:/Users/EMANUELCLEMENTEMARTI/Downloads/sistema hotel/vendor/laravel/framework/src/Illuminate/Foundation/Bootstrap/HandleExceptions.php(74): Illuminate/Foundation/Bootstrap/HandleExceptions->handleDeprecationError('League//Flysyste...', 'C://Users//EMANUE...', 295, 8192)
#5 C:/Users/EMANUELCLEMENTEMARTI/Downloads/sistema hotel/vendor/laravel/framework/src/Illuminate/Foundation/Bootstrap/HandleExceptions.php(258): Illuminate/Foundation/Bootstrap/HandleExceptions->handleError(8192, 'League//Flysyste...', 'C://Users//EMANUE...', 295)
#6 C:/Users/EMANUELCLEMENTEMARTI/Downloads/sistema hotel/vendor/composer/ClassLoader.php(576): Illuminate/Foundation/Bootstrap/HandleExceptions->{closure:Illuminate/Foundation/Bootstrap/HandleExceptions::forwardsTo():257}(8192, 'League//Flysyste...', 'C://Users//EMANUE...', 295)
#7 C:/Users/EMANUELCLEMENTEMARTI/Downloads/sistema hotel/vendor/composer/ClassLoader.php(576): include('C://Users//EMANUE...')
#8 C:/Users/EMANUELCLEMENTEMARTI/Downloads/sistema hotel/vendor/composer/ClassLoader.php(427): {closure:Composer/Autoload/ClassLoader::initializeIncludeClosure():575}('C://Users//EMANUE...')
#9 C:/Users/EMANUELCLEMENTEMARTI/Downloads/sistema hotel/vendor/laravel/framework/src/Illuminate/Filesystem/FilesystemManager.php(257): Composer/Autoload/ClassLoader->loadClass('League//Flysyste...')
#10 C:/Users/EMANUELCLEMENTEMARTI/Downloads/sistema hotel/vendor/laravel/framework/src/Illuminate/Filesystem/FilesystemManager.php(153): Illuminate/Filesystem/FilesystemManager->createS3Driver(Array, 'supabase')
#11 C:/Users/EMANUELCLEMENTEMARTI/Downloads/sistema hotel/vendor/laravel/framework/src/Illuminate/Filesystem/FilesystemManager.php(121): Illuminate/Filesystem/FilesystemManager->resolve('supabase')
#12 C:/Users/EMANUELCLEMENTEMARTI/Downloads/sistema hotel/vendor/laravel/framework/src/Illuminate/Filesystem/FilesystemManager.php(84): Illuminate/Filesystem/FilesystemManager->get('supabase')
#13 C:/Users/EMANUELCLEMENTEMARTI/Downloads/sistema hotel/vendor/laravel/framework/src/Illuminate/Support/Facades/Facade.php(363): Illuminate/Filesystem/FilesystemManager->disk('supabase')
#14 C:/Users/EMANUELCLEMENTEMARTI/Downloads/sistema hotel/vendor/livewire/livewire/src/Features/SupportFileUploads/TemporaryUploadedFile.php(168): Illuminate/Support/Facades/Facade::__callStatic('disk', Array)
#15 C:/Users/EMANUELCLEMENTEMARTI/Downloads/sistema hotel/app/Livewire/ImageManager.php(92): Livewire/Features/SupportFileUploads/TemporaryUploadedFile->storeAs('', 'room_1_17749846...', Array)
#16 C:/Users/EMANUELCLEMENTEMARTI/Downloads/sistema hotel/vendor/laravel/framework/src/Illuminate/Container/BoundMethod.php(36): App/Livewire/ImageManager->uploadImage()
#17 C:/Users/EMANUELCLEMENTEMARTI/Downloads/sistema hotel/vendor/laravel/framework/src/Illuminate/Container/Util.php(43): Illuminate/Container/BoundMethod::{closure:Illuminate/Container/BoundMethod::call():35}()
#18 C:/Users/EMANUELCLEMENTEMARTI/Downloads/sistema hotel/vendor/laravel/framework/src/Illuminate/Container/BoundMethod.php(96): Illuminate/Container/Util::unwrapIfClosure(Object(Closure))
#19 C:/Users/EMANUELCLEMENTEMARTI/Downloads/sistema hotel/vendor/laravel/framework/src/Illuminate/Container/BoundMethod.php(35): Illuminate/Container/BoundMethod::callBoundMethod(Object(Illuminate/Foundation/Application), Array, Object(Closure))
#20 C:/Users/EMANUELCLEMENTEMARTI/Downloads/sistema hotel/vendor/livewire/livewire/src/Wrapped.php(23): Illuminate/Container/BoundMethod::call(Object(Illuminate/Foundation/Application), Array, Array)
#21 C:/Users/EMANUELCLEMENTEMARTI/Downloads/sistema hotel/vendor/livewire/livewire/src/Mechanisms/HandleComponents/HandleComponents.php(492): Livewire/Wrapped->__call('uploadImage', Array)
#22 C:/Users/EMANUELCLEMENTEMARTI/Downloads/sistema hotel/vendor/livewire/livewire/src/Mechanisms/HandleComponents/HandleComponents.php(101): Livewire/Mechanisms/HandleComponents/HandleComponents->callMethods(Object(App/Livewire/ImageManager), Array, Object(Livewire/Mechanisms/HandleComponents/ComponentContext))
#23 C:/Users/EMANUELCLEMENTEMARTI/Downloads/sistema hotel/vendor/livewire/livewire/src/LivewireManager.php(102): Livewire/Mechanisms/HandleComponents/HandleComponents->update(Array, Array, Array)
#24 C:/Users/EMANUELCLEMENTEMARTI/Downloads/sistema hotel/vendor/livewire/livewire/src/Mechanisms/HandleRequests/HandleRequests.php(131): Livewire/LivewireManager->update(Array, Array, Array)
#25 C:/Users/EMANUELCLEMENTEMARTI/Downloads/sistema hotel/vendor/laravel/framework/src/Illuminate/Routing/ControllerDispatcher.php(46): Livewire/Mechanisms/HandleRequests/HandleRequests->handleUpdate()
#26 C:/Users/EMANUELCLEMENTEMARTI/Downloads/sistema hotel/vendor/laravel/framework/src/Illuminate/Routing/Route.php(265): Illuminate/Routing/ControllerDispatcher->dispatch(Object(Illuminate/Routing/Route), Object(Livewire/Mechanisms/HandleRequests/HandleRequests), 'handleUpdate')
#27 C:/Users/EMANUELCLEMENTEMARTI/Downloads/sistema hotel/vendor/laravel/framework/src/Illuminate/Routing/Route.php(211): Illuminate/Routing/Route->runController()
#28 C:/Users/EMANUELCLEMENTEMARTI/Downloads/sistema hotel/vendor/laravel/framework/src/Illuminate/Routing/Router.php(822): Illuminate/Routing/Route->run()
#29 C:/Users/EMANUELCLEMENTEMARTI/Downloads/sistema hotel/vendor/laravel/framework/src/Illuminate/Pipeline/Pipeline.php(180): Illuminate/Routing/Router->{closure:Illuminate/Routing/Router::runRouteWithinStack():821}(Object(Illuminate/Http/Request))
#30 C:/Users/EMANUELCLEMENTEMARTI/Downloads/sistema hotel/vendor/laravel/framework/src/Illuminate/Routing/Middleware/SubstituteBindings.php(50): Illuminate/Pipeline/Pipeline->{closure:Illuminate/Pipeline/Pipeline::prepareDestination():178}(Object(Illuminate/Http/Request))
#31 C:/Users/EMANUELCLEMENTEMARTI/Downloads/sistema hotel/vendor/laravel/framework/src/Illuminate/Pipeline/Pipeline.php(219): Illuminate/Routing/Middleware/SubstituteBindings->handle(Object(Illuminate/Http/Request), Object(Closure))
#32 C:/Users/EMANUELCLEMENTEMARTI/Downloads/sistema hotel/vendor/laravel/framework/src/Illuminate/Foundation/Http/Middleware/VerifyCsrfToken.php(87): Illuminate/Pipeline/Pipeline->{closure:{closure:Illuminate/Pipeline/Pipeline::carry():194}:195}(Object(Illuminate/Http/Request))
#33 C:/Users/EMANUELCLEMENTEMARTI/Downloads/sistema hotel/vendor/laravel/framework/src/Illuminate/Pipeline/Pipeline.php(219): Illuminate/Foundation/Http/Middleware/VerifyCsrfToken->handle(Object(Illuminate/Http/Request), Object(Closure))
#34 C:/Users/EMANUELCLEMENTEMARTI/Downloads/sistema hotel/vendor/laravel/framework/src/Illuminate/View/Middleware/ShareErrorsFromSession.php(48): Illuminate/Pipeline/Pipeline->{closure:{closure:Illuminate/Pipeline/Pipeline::carry():194}:195}(Object(Illuminate/Http/Request))
#35 C:/Users/EMANUELCLEMENTEMARTI/Downloads/sistema hotel/vendor/laravel/framework/src/Illuminate/Pipeline/Pipeline.php(219): Illuminate/View/Middleware/ShareErrorsFromSession->handle(Object(Illuminate/Http/Request), Object(Closure))
#36 C:/Users/EMANUELCLEMENTEMARTI/Downloads/sistema hotel/vendor/laravel/framework/src/Illuminate/Session/Middleware/StartSession.php(120): Illuminate/Pipeline/Pipeline->{closure:{closure:Illuminate/Pipeline/Pipeline::carry():194}:195}(Object(Illuminate/Http/Request))
#37 C:/Users/EMANUELCLEMENTEMARTI/Downloads/sistema hotel/vendor/laravel/framework/src/Illuminate/Session/Middleware/StartSession.php(63): Illuminate/Session/Middleware/StartSession->handleStatefulRequest(Object(Illuminate/Http/Request), Object(Illuminate/Session/Store), Object(Closure))
#38 C:/Users/EMANUELCLEMENTEMARTI/Downloads/sistema hotel/vendor/laravel/framework/src/Illuminate/Pipeline/Pipeline.php(219): Illuminate/Session/Middleware/StartSession->handle(Object(Illuminate/Http/Request), Object(Closure))
#39 C:/Users/EMANUELCLEMENTEMARTI/Downloads/sistema hotel/vendor/laravel/framework/src/Illuminate/Cookie/Middleware/AddQueuedCookiesToResponse.php(36): Illuminate/Pipeline/Pipeline->{closure:{closure:Illuminate/Pipeline/Pipeline::carry():194}:195}(Object(Illuminate/Http/Request))
#40 C:/Users/EMANUELCLEMENTEMARTI/Downloads/sistema hotel/vendor/laravel/framework/src/Illuminate/Pipeline/Pipeline.php(219): Illuminate/Cookie/Middleware/AddQueuedCookiesToResponse->handle(Object(Illuminate/Http/Request), Object(Closure))
#41 C:/Users/EMANUELCLEMENTEMARTI/Downloads/sistema hotel/vendor/laravel/framework/src/Illuminate/Cookie/Middleware/EncryptCookies.php(74): Illuminate/Pipeline/Pipeline->{closure:{closure:Illuminate/Pipeline/Pipeline::carry():194}:195}(Object(Illuminate/Http/Request))
#42 C:/Users/EMANUELCLEMENTEMARTI/Downloads/sistema hotel/vendor/laravel/framework/src/Illuminate/Pipeline/Pipeline.php(219): Illuminate/Cookie/Middleware/EncryptCookies->handle(Object(Illuminate/Http/Request), Object(Closure))
#43 C:/Users/EMANUELCLEMENTEMARTI/Downloads/sistema hotel/vendor/laravel/framework/src/Illuminate/Pipeline/Pipeline.php(137): Illuminate/Pipeline/Pipeline->{closure:{closure:Illuminate/Pipeline/Pipeline::carry():194}:195}(Object(Illuminate/Http/Request))
#44 C:/Users/EMANUELCLEMENTEMARTI/Downloads/sistema hotel/vendor/laravel/framework/src/Illuminate/Routing/Router.php(821): Illuminate/Pipeline/Pipeline->then(Object(Closure))
#45 C:/Users/EMANUELCLEMENTEMARTI/Downloads/sistema hotel/vendor/laravel/framework/src/Illuminate/Routing/Router.php(800): Illuminate/Routing/Router->runRouteWithinStack(Object(Illuminate/Routing/Route), Object(Illuminate/Http/Request))
#46 C:/Users/EMANUELCLEMENTEMARTI/Downloads/sistema hotel/vendor/laravel/framework/src/Illuminate/Routing/Router.php(764): Illuminate/Routing/Router->runRoute(Object(Illuminate/Http/Request), Object(Illuminate/Routing/Route))
#47 C:/Users/EMANUELCLEMENTEMARTI/Downloads/sistema hotel/vendor/laravel/framework/src/Illuminate/Routing/Router.php(753): Illuminate/Routing/Router->dispatchToRoute(Object(Illuminate/Http/Request))
#48 C:/Users/EMANUELCLEMENTEMARTI/Downloads/sistema hotel/vendor/laravel/framework/src/Illuminate/Foundation/Http/Kernel.php(200): Illuminate/Routing/Router->dispatch(Object(Illuminate/Http/Request))
#49 C:/Users/EMANUELCLEMENTEMARTI/Downloads/sistema hotel/vendor/laravel/framework/src/Illuminate/Pipeline/Pipeline.php(180): Illuminate/Foundation/Http/Kernel->{closure:Illuminate/Foundation/Http/Kernel::dispatchToRouter():197}(Object(Illuminate/Http/Request))
#50 C:/Users/EMANUELCLEMENTEMARTI/Downloads/sistema hotel/vendor/livewire/livewire/src/Features/SupportDisablingBackButtonCache/DisableBackButtonCacheMiddleware.php(19): Illuminate/Pipeline/Pipeline->{closure:Illuminate/Pipeline/Pipeline::prepareDestination():178}(Object(Illuminate/Http/Request))
#51 C:/Users/EMANUELCLEMENTEMARTI/Downloads/sistema hotel/vendor/laravel/framework/src/Illuminate/Pipeline/Pipeline.php(219): Livewire/Features/SupportDisablingBackButtonCache/DisableBackButtonCacheMiddleware->handle(Object(Illuminate/Http/Request), Object(Closure))
#52 C:/Users/EMANUELCLEMENTEMARTI/Downloads/sistema hotel/vendor/laravel/framework/src/Illuminate/Foundation/Http/Middleware/ConvertEmptyStringsToNull.php(27): Illuminate/Pipeline/Pipeline->{closure:{closure:Illuminate/Pipeline/Pipeline::carry():194}:195}(Object(Illuminate/Http/Request))
#53 C:/Users/EMANUELCLEMENTEMARTI/Downloads/sistema hotel/vendor/laravel/framework/src/Illuminate/Pipeline/Pipeline.php(219): Illuminate/Foundation/Http/Middleware/ConvertEmptyStringsToNull->handle(Object(Illuminate/Http/Request), Object(Closure))
#54 C:/Users/EMANUELCLEMENTEMARTI/Downloads/sistema hotel/vendor/laravel/framework/src/Illuminate/Foundation/Http/Middleware/TrimStrings.php(47): Illuminate/Pipeline/Pipeline->{closure:{closure:Illuminate/Pipeline/Pipeline::carry():194}:195}(Object(Illuminate/Http/Request))
#55 C:/Users/EMANUELCLEMENTEMARTI/Downloads/sistema hotel/vendor/laravel/framework/src/Illuminate/Pipeline/Pipeline.php(219): Illuminate/Foundation/Http/Middleware/TrimStrings->handle(Object(Illuminate/Http/Request), Object(Closure))
#56 C:/Users/EMANUELCLEMENTEMARTI/Downloads/sistema hotel/vendor/laravel/framework/src/Illuminate/Http/Middleware/ValidatePostSize.php(27): Illuminate/Pipeline/Pipeline->{closure:{closure:Illuminate/Pipeline/Pipeline::carry():194}:195}(Object(Illuminate/Http/Request))
#57 C:/Users/EMANUELCLEMENTEMARTI/Downloads/sistema hotel/vendor/laravel/framework/src/Illuminate/Pipeline/Pipeline.php(219): Illuminate/Http/Middleware/ValidatePostSize->handle(Object(Illuminate/Http/Request), Object(Closure))
#58 C:/Users/EMANUELCLEMENTEMARTI/Downloads/sistema hotel/vendor/laravel/framework/src/Illuminate/Foundation/Http/Middleware/PreventRequestsDuringMaintenance.php(109): Illuminate/Pipeline/Pipeline->{closure:{closure:Illuminate/Pipeline/Pipeline::carry():194}:195}(Object(Illuminate/Http/Request))
#59 C:/Users/EMANUELCLEMENTEMARTI/Downloads/sistema hotel/vendor/laravel/framework/src/Illuminate/Pipeline/Pipeline.php(219): Illuminate/Foundation/Http/Middleware/PreventRequestsDuringMaintenance->handle(Object(Illuminate/Http/Request), Object(Closure))
#60 C:/Users/EMANUELCLEMENTEMARTI/Downloads/sistema hotel/vendor/laravel/framework/src/Illuminate/Http/Middleware/HandleCors.php(61): Illuminate/Pipeline/Pipeline->{closure:{closure:Illuminate/Pipeline/Pipeline::carry():194}:195}(Object(Illuminate/Http/Request))
#61 C:/Users/EMANUELCLEMENTEMARTI/Downloads/sistema hotel/vendor/laravel/framework/src/Illuminate/Pipeline/Pipeline.php(219): Illuminate/Http/Middleware/HandleCors->handle(Object(Illuminate/Http/Request), Object(Closure))
#62 C:/Users/EMANUELCLEMENTEMARTI/Downloads/sistema hotel/vendor/laravel/framework/src/Illuminate/Http/Middleware/TrustProxies.php(58): Illuminate/Pipeline/Pipeline->{closure:{closure:Illuminate/Pipeline/Pipeline::carry():194}:195}(Object(Illuminate/Http/Request))
#63 C:/Users/EMANUELCLEMENTEMARTI/Downloads/sistema hotel/vendor/laravel/framework/src/Illuminate/Pipeline/Pipeline.php(219): Illuminate/Http/Middleware/TrustProxies->handle(Object(Illuminate/Http/Request), Object(Closure))
#64 C:/Users/EMANUELCLEMENTEMARTI/Downloads/sistema hotel/vendor/laravel/framework/src/Illuminate/Foundation/Http/Middleware/InvokeDeferredCallbacks.php(22): Illuminate/Pipeline/Pipeline->{closure:{closure:Illuminate/Pipeline/Pipeline::carry():194}:195}(Object(Illuminate/Http/Request))
#65 C:/Users/EMANUELCLEMENTEMARTI/Downloads/sistema hotel/vendor/laravel/framework/src/Illuminate/Pipeline/Pipeline.php(219): Illuminate/Foundation/Http/Middleware/InvokeDeferredCallbacks->handle(Object(Illuminate/Http/Request), Object(Closure))
#66 C:/Users/EMANUELCLEMENTEMARTI/Downloads/sistema hotel/vendor/laravel/framework/src/Illuminate/Http/Middleware/ValidatePathEncoding.php(26): Illuminate/Pipeline/Pipeline->{closure:{closure:Illuminate/Pipeline/Pipeline::carry():194}:195}(Object(Illuminate/Http/Request))
#67 C:/Users/EMANUELCLEMENTEMARTI/Downloads/sistema hotel/vendor/laravel/framework/src/Illuminate/Pipeline/Pipeline.php(219): Illuminate/Http/Middleware/ValidatePathEncoding->handle(Object(Illuminate/Http/Request), Object(Closure))
#68 C:/Users/EMANUELCLEMENTEMARTI/Downloads/sistema hotel/vendor/laravel/framework/src/Illuminate/Pipeline/Pipeline.php(137): Illuminate/Pipeline/Pipeline->{closure:{closure:Illuminate/Pipeline/Pipeline::carry():194}:195}(Object(Illuminate/Http/Request))
#69 C:/Users/EMANUELCLEMENTEMARTI/Downloads/sistema hotel/vendor/laravel/framework/src/Illuminate/Foundation/Http/Kernel.php(175): Illuminate/Pipeline/Pipeline->then(Object(Closure))
#70 C:/Users/EMANUELCLEMENTEMARTI/Downloads/sistema hotel/vendor/laravel/framework/src/Illuminate/Foundation/Http/Kernel.php(144): Illuminate/Foundation/Http/Kernel->sendRequestThroughRouter(Object(Illuminate/Http/Request))
#71 C:/Users/EMANUELCLEMENTEMARTI/Downloads/sistema hotel/vendor/laravel/framework/src/Illuminate/Foundation/Application.php(1220): Illuminate/Foundation/Http/Kernel->handle(Object(Illuminate/Http/Request))
#72 C:/Users/EMANUELCLEMENTEMARTI/Downloads/sistema hotel/public/index.php(17): Illuminate/Foundation/Application->handleRequest(Object(Illuminate/Http/Request))
#73 C:/Users/EMANUELCLEMENTEMARTI/Downloads/sistema hotel/vendor/laravel/framework/src/Illuminate/Foundation/resources/server.php(23): require_once('C://Users//EMANUE...')
#74 {main}
"} 
[2026-03-31 19:17:09] laravel.WARNING: League\Flysystem\AwsS3V3\AwsS3V3Adapter::mapS3ObjectMetadata(): Implicitly marking parameter $path as nullable is deprecated, the explicit nullable type must be used instead in C:\Users\EMANUELCLEMENTEMARTI\Downloads\sistema hotel\vendor\league\flysystem-aws-s3-v3\AwsS3V3Adapter.php on line 295  
